# Created with Anim8or 1.01 Build 1.01.1403
# Object "object01":

mtllib TextDisplayer.mtl

# Shape "mesh01":
o mesh01
# No. points 689:
v 8.29837 -16.9263 7.94174
v -8.61837 -16.9263 7.94174
v -7.82713 -14.7079 7.59547
v 7.50712 -14.7079 7.59547
v -23.8748 -6.01203 7.94174
v -23.8748 6.09003 7.94174
v -21.6563 5.29879 7.59547
v -21.6563 -5.22079 7.59547
v -8.61837 17.0043 7.94174
v 8.29837 17.0043 7.94174
v 7.50713 14.7859 7.59547
v -7.82712 14.7859 7.59547
v 23.5548 6.09003 7.94174
v 23.5548 -6.01203 7.94174
v 21.3363 -5.22079 7.59547
v 21.3363 5.29879 7.59547
v -20.1774 -4.69329 7.28389
v -20.1774 4.77129 7.28389
v -19.8764 4.65552 7.15063
v -19.8764 -4.57752 7.15063
v -7.29963 13.3069 7.28389
v 6.97963 13.3069 7.28389
v 6.87228 12.9823 7.15063
v -7.19228 12.9823 7.15063
v 19.8574 4.77129 7.28389
v 19.8574 -4.69329 7.28389
v 19.5564 -4.57752 7.15063
v 19.5564 4.65552 7.15063
v 6.97963 -13.2289 7.28389
v -7.29963 -13.2289 7.28389
v -7.19228 -12.9043 7.15063
v 6.87228 -12.9043 7.15063
v -20.1468 -16.6574 7.94174
v -23.4988 -14.2594 7.94174
v -21.3156 -12.3897 7.59547
v -18.2771 -14.4741 7.59547
v 19.8268 -16.6574 7.94174
v 17.9571 -14.4741 7.59547
v 20.9956 -12.3897 7.59547
v 23.1788 -14.2594 7.94174
v -23.4988 14.3374 7.94174
v -20.1468 16.7354 7.94174
v -18.2771 14.5521 7.59547
v -21.3156 12.4677 7.59547
v 19.8268 16.7354 7.94174
v 23.1788 14.3374 7.94174
v 20.9956 12.4677 7.59547
v 17.9571 14.5521 7.59547
v -19.8601 11.2212 7.28389
v -17.0307 13.0966 7.28389
v -16.777 12.7772 7.15063
v -19.5639 10.9477 7.15063
v -19.8601 -11.1432 7.28389
v -19.5639 -10.8697 7.15063
v -16.777 -12.6992 7.15063
v -17.0307 -13.0186 7.28389
v 16.7107 13.0966 7.28389
v 19.5401 11.2212 7.28389
v 19.2439 10.9477 7.15063
v 16.457 12.7772 7.15063
v 19.5401 -11.1432 7.28389
v 16.7107 -13.0186 7.28389
v 16.457 -12.6992 7.15063
v 19.2439 -10.8697 7.15063
v -25.7235 6.7494 7.39131
v -25.3537 6.61753 7.89443
v -25.3537 -6.53953 7.89443
v -25.7235 -6.6714 7.39131
v 25.4035 -6.6714 7.39131
v 25.0337 -6.53953 7.89443
v 25.0337 6.61753 7.89443
v 25.4035 6.7494 7.39131
v 8.95774 18.853 7.39131
v 8.82587 18.4832 7.89443
v -9.14587 18.4832 7.89443
v -9.27774 18.853 7.39131
v -9.27774 -18.775 7.39131
v -9.14587 -18.4052 7.89443
v 8.82587 -18.4052 7.89443
v 8.95774 -18.775 7.39131
v -21.7049 18.5547 7.39131
v -21.3933 18.1909 7.89443
v -24.9543 15.5838 7.89443
v -25.3182 15.8954 7.39131
v -25.3182 -15.8174 7.39131
v -24.9543 -15.5058 7.89443
v -21.3933 -18.1129 7.89443
v -21.7049 -18.4767 7.39131
v 21.3849 -18.4767 7.39131
v 21.0733 -18.1129 7.89443
v 24.6343 -15.5058 7.89443
v 24.9982 -15.8174 7.39131
v 24.9982 15.8954 7.39131
v 24.6343 15.5838 7.89443
v 21.0733 18.1909 7.89443
v 21.3849 18.5547 7.39131
v -17.0089 -12.8769 7.05465
v -19.8346 -11.0218 7.05465
v -20.0754 -11.1572 7.07169
v -17.2151 -13.0349 7.07169
v -20.1515 -4.64192 7.05465
v -20.1515 4.71992 7.05465
v -20.3962 4.77721 7.07169
v -20.3962 -4.69921 7.07169
v -19.8346 11.0998 7.05465
v -17.0089 12.9549 7.05465
v -17.2151 13.1129 7.07169
v -20.0754 11.2352 7.07169
v -7.29039 13.1629 7.05465
v 6.97039 13.1629 7.05465
v 7.05766 13.3235 7.07169
v -7.37766 13.3235 7.07169
v 16.6889 12.9549 7.05465
v 19.5146 11.0998 7.05465
v 19.7554 11.2352 7.07169
v 16.8951 13.1129 7.07169
v 19.8315 4.71992 7.05465
v 19.8315 -4.64192 7.05465
v 20.0762 -4.69921 7.07169
v 20.0762 4.77721 7.07169
v 19.5146 -11.0218 7.05465
v 16.6889 -12.8769 7.05465
v 16.8951 -13.0349 7.07169
v 19.7554 -11.1572 7.07169
v 6.97039 -13.0849 7.05465
v -7.29039 -13.0849 7.05465
v -7.37766 -13.2455 7.07169
v 7.05766 -13.2455 7.07169
v -16.8807 -12.7787 7.49432
v -19.685 -10.9377 7.49432
v -17.2129 -9.19411 8.16167
v -14.2247 -11.1558 8.16167
v -19.9995 -4.60632 7.49432
v -19.9995 4.68432 7.49432
v -17.4768 3.96081 8.16167
v -17.4768 -3.88281 8.16167
v -19.685 11.0157 7.49432
v -16.8807 12.8567 7.49432
v -14.2247 11.2338 8.16167
v -17.2129 9.27211 8.16167
v -7.23617 13.0631 7.49432
v 6.91617 13.0631 7.49432
v 5.81404 11.407 8.16167
v -6.13404 11.407 8.16167
v 16.5607 12.8567 7.49432
v 19.365 11.0157 7.49432
v 16.8929 9.27211 8.16167
v 13.9047 11.2338 8.16167
v 19.6795 4.68432 7.49432
v 19.6795 -4.60632 7.49432
v 17.1568 -3.88281 8.16167
v 17.1568 3.96081 8.16167
v 19.365 -10.9377 7.49432
v 16.5607 -12.7787 7.49432
v 13.9047 -11.1558 8.16167
v 16.8929 -9.19411 8.16167
v 6.91617 -12.9851 7.49432
v -7.23617 -12.9851 7.49432
v -6.13404 -11.329 8.16167
v 5.81404 -11.329 8.16167
v -6.04766 -7.17478 8.58802
v -11.1487 -3.8261 8.58802
v -11.1487 3.9041 8.58802
v -6.04766 7.25278 8.58802
v 5.72766 7.25278 8.58802
v 10.8287 3.9041 8.58802
v 10.8287 -3.8261 8.58802
v 5.72766 -7.17478 8.58802
v 7.90275 -15.8171 7.79104
v 15.4097 -16.8255 7.94174
v 8.62806 -17.8506 7.99406
v -0.16000 -16.9599 7.94174
v -8.94806 -17.8506 7.99406
v -15.7297 -16.8254 7.94174
v -8.22275 -15.8171 7.79104
v -14.2732 -14.6202 7.59547
v -7.49744 -13.7835 7.40857
v -0.16000 -14.7371 7.59547
v 7.17744 -13.7835 7.40857
v 13.9532 -14.6202 7.59547
v -22.7656 -5.61641 7.79104
v -23.7338 -11.0994 7.94174
v -24.7991 -6.34172 7.99406
v -23.9218 0.03900 7.94174
v -24.7991 6.41972 7.99406
v -23.7338 11.1774 7.94174
v -22.7656 5.69441 7.79104
v -21.5286 9.7209 7.59547
v -20.732 4.9691 7.40857
v -21.6989 0.03900 7.59547
v -20.732 -4.8911 7.40857
v -21.5286 -9.6429 7.59547
v -8.22275 15.8951 7.79104
v -15.7297 16.9035 7.94174
v -8.94806 17.9286 7.99406
v -0.16000 17.0379 7.94174
v 8.62806 17.9286 7.99406
v 15.4097 16.9034 7.94174
v 7.90275 15.8951 7.79104
v 13.9532 14.6982 7.59547
v 7.17744 13.8615 7.40857
v -0.16000 14.8151 7.59547
v -7.49744 13.8615 7.40857
v -14.2732 14.6982 7.59547
v 22.4456 5.69441 7.79104
v 23.4138 11.1774 7.94174
v 24.4791 6.41972 7.99406
v 23.6018 0.03900 7.94174
v 24.4791 -6.34172 7.99406
v 23.4138 -11.0994 7.94174
v 22.4456 -5.61641 7.79104
v 21.2086 -9.6429 7.59547
v 20.412 -4.8911 7.40857
v 21.3789 0.03900 7.59547
v 20.412 4.9691 7.40857
v 21.2086 9.7209 7.59547
v -19.9173 -4.59841 7.20379
v -20.0584 -8.67192 7.28389
v -20.2171 0.03900 7.28389
v -20.0584 8.74991 7.28389
v -19.9173 4.67641 7.20379
v -19.7592 8.53681 7.15063
v -19.9796 4.67967 7.1068
v -19.9155 0.03900 7.15063
v -19.9796 -4.60167 7.1068
v -19.7592 -8.45881 7.15063
v -7.20685 13.0409 7.20379
v -13.3022 13.2281 7.28389
v -0.16000 13.3332 7.28389
v 12.9822 13.2281 7.28389
v 6.88685 13.0409 7.20378
v 12.7846 12.9054 7.15063
v 6.90907 13.0501 7.1068
v -0.16000 13.008 7.15063
v -7.22907 13.0501 7.1068
v -13.1046 12.9054 7.15063
v 19.5973 4.67641 7.20378
v 19.7384 8.74991 7.28389
v 19.8971 0.03900 7.28389
v 19.7384 -8.67192 7.28389
v 19.5973 -4.59841 7.20378
v 19.4392 -8.45881 7.15063
v 19.6596 -4.60167 7.1068
v 19.5955 0.03900 7.15063
v 19.6596 4.67967 7.1068
v 19.4392 8.53681 7.15063
v 6.88685 -12.9629 7.20378
v 12.9822 -13.1501 7.28389
v -0.16000 -13.2552 7.28389
v -13.3022 -13.1501 7.28389
v -7.20685 -12.9629 7.20379
v -13.1046 -12.8274 7.15063
v -7.22907 -12.9721 7.1068
v -0.16000 -12.93 7.15063
v 6.90907 -12.9721 7.1068
v 12.7846 -12.8274 7.15063
v -19.212 -15.5657 7.79104
v -20.9259 -17.5671 7.99406
v -22.5199 -15.957 7.94174
v -24.4085 -15.0384 7.99406
v -22.4072 -13.3245 7.79104
v -20.4059 -11.6106 7.40857
v -20.4282 -13.8653 7.59547
v -17.4981 -13.5644 7.40857
v 22.1999 -15.957 7.94174
v 20.6059 -17.5671 7.99406
v 18.892 -15.5657 7.79104
v 17.1781 -13.5644 7.40857
v 20.1082 -13.8653 7.59547
v 20.0859 -11.6106 7.40857
v 22.0872 -13.3245 7.79104
v 24.0885 -15.0384 7.99406
v -22.4072 13.4025 7.79104
v -24.4085 15.1164 7.99406
v -22.5199 16.035 7.94174
v -20.9259 17.6451 7.99406
v -19.212 15.6437 7.79104
v -17.4981 13.6424 7.40857
v -20.4282 13.9433 7.59547
v -20.4059 11.6886 7.40857
v 18.892 15.6437 7.79104
v 20.6059 17.6451 7.99406
v 22.1999 16.035 7.94174
v 24.0885 15.1164 7.99406
v 22.0872 13.4025 7.79104
v 20.0859 11.6886 7.40857
v 20.1082 13.9433 7.59547
v 17.1781 13.6424 7.40857
v -19.6041 10.997 7.20379
v -19.0337 12.5489 7.28389
v -16.8115 12.8348 7.20379
v -16.864 12.8438 7.1068
v -18.75 12.2428 7.15063
v -19.6654 11.0047 7.1068
v -19.0337 -12.4709 7.28389
v -19.6041 -10.919 7.20379
v -19.6654 -10.9267 7.1068
v -18.75 -12.1648 7.15063
v -16.864 -12.7658 7.1068
v -16.8115 -12.7568 7.20379
v 16.4915 12.8348 7.20378
v 18.7137 12.5489 7.28389
v 19.2841 10.997 7.20378
v 19.3454 11.0047 7.1068
v 18.43 12.2428 7.15063
v 16.544 12.8438 7.1068
v 19.2841 -10.919 7.20378
v 18.7137 -12.4709 7.28389
v 16.4915 -12.7568 7.20378
v 16.544 -12.7658 7.1068
v 18.43 -12.1648 7.15063
v 19.3454 -10.9267 7.1068
v -25.7741 0.03900 7.39131
v -25.7235 6.7494 7.06378
v -25.5715 12.3911 7.39131
v -25.631 6.71644 7.68085
v -25.204 12.1484 7.89443
v -25.4036 0.03900 7.89443
v -25.2039 -12.0704 7.89443
v -25.631 -6.63843 7.68085
v -25.5715 -12.3131 7.39131
v -25.7235 -6.6714 7.06378
v 25.4541 0.03900 7.39131
v 25.4035 -6.6714 7.06378
v 25.2515 -12.3131 7.39131
v 25.311 -6.63844 7.68085
v 24.884 -12.0704 7.89443
v 25.0836 0.03900 7.89443
v 24.8839 12.1484 7.89443
v 25.311 6.71643 7.68085
v 25.2515 12.3911 7.39131
v 25.4035 6.7494 7.06378
v -0.16000 18.8903 7.39131
v 8.95774 18.853 7.06378
v 16.6234 18.7411 7.39131
v 8.92477 18.7605 7.68085
v 16.3807 18.3736 7.89443
v -0.16000 18.5198 7.89443
v -16.7007 18.3736 7.89443
v -9.24477 18.7605 7.68085
v -16.9434 18.7411 7.39131
v -9.27774 18.853 7.06378
v -0.16000 -18.8123 7.39131
v -9.27774 -18.775 7.06378
v -16.9434 -18.6631 7.39131
v -9.24477 -18.6826 7.68085
v -16.7007 -18.2956 7.89443
v -0.16000 -18.4418 7.89443
v 16.3807 -18.2956 7.89443
v 8.92478 -18.6826 7.68085
v 16.6234 -18.6631 7.39131
v 8.95774 -18.775 7.06378
v -24.2629 17.7781 7.39131
v -21.7049 18.5547 7.06378
v -21.627 18.4638 7.68085
v -23.9143 17.4295 7.89443
v -25.2272 15.8175 7.68085
v -25.3182 15.8954 7.06378
v -24.2629 -17.7001 7.39131
v -25.3182 -15.8174 7.06378
v -25.2272 -15.7395 7.68085
v -23.9143 -17.3515 7.89443
v -21.627 -18.3858 7.68085
v -21.7049 -18.4767 7.06378
v 23.9429 -17.7001 7.39131
v 21.3849 -18.4767 7.06378
v 21.307 -18.3858 7.68085
v 23.5943 -17.3515 7.89443
v 24.9072 -15.7395 7.68085
v 24.9982 -15.8174 7.06378
v 23.9429 17.7781 7.39131
v 24.9982 15.8954 7.06378
v 24.9072 15.8175 7.68085
v 23.5943 17.4295 7.89443
v 21.307 18.4638 7.68085
v 21.3849 18.5547 7.06378
v -17.1473 -12.983 7.03076
v -13.2852 -13.0069 7.05465
v -19.0093 -12.3351 7.05465
v -20.0327 -8.57736 7.05465
v -19.9963 -11.1128 7.03076
v -20.2759 -8.68282 7.07169
v -19.9967 -11.113 7.21402
v -19.24 -12.4865 7.07169
v -17.1476 -12.9833 7.21402
v -13.4458 -13.1666 7.07169
v -20.3158 -4.6804 7.03076
v -20.1911 0.03900 7.05465
v -20.0327 8.65536 7.05465
v -20.3158 4.7584 7.03076
v -20.2759 8.76081 7.07169
v -20.3162 4.75848 7.21402
v -20.4363 0.03900 7.07169
v -20.3162 -4.68048 7.21402
v -19.9963 11.1908 7.03076
v -19.0093 12.4131 7.05465
v -13.2852 13.0849 7.05465
v -17.1473 13.061 7.03076
v -13.4458 13.2446 7.07169
v -17.1476 13.0613 7.21402
v -19.24 12.5645 7.07169
v -19.9967 11.191 7.21402
v -7.349 13.2708 7.03075
v -0.16000 13.1889 7.05465
v 12.9652 13.0849 7.05465
v 7.029 13.2708 7.03075
v 13.1258 13.2446 7.07169
v 7.02913 13.271 7.21402
v -0.16000 13.3499 7.07169
v -7.34913 13.271 7.21402
v 16.8273 13.061 7.03075
v 18.6893 12.4131 7.05465
v 19.7127 8.65536 7.05465
v 19.6763 11.1908 7.03075
v 19.9559 8.76081 7.07169
v 19.6767 11.191 7.21402
v 18.92 12.5645 7.07169
v 16.8276 13.0613 7.21402
v 19.9958 4.7584 7.03075
v 19.8711 0.03900 7.05465
v 19.7127 -8.57736 7.05465
v 19.9958 -4.6804 7.03075
v 19.9559 -8.68282 7.07169
v 19.9962 -4.68048 7.21402
v 20.1163 0.03900 7.07169
v 19.9962 4.75848 7.21402
v 19.6763 -11.1128 7.03075
v 18.6893 -12.3351 7.05465
v 12.9652 -13.0069 7.05465
v 16.8273 -12.983 7.03075
v 13.1258 -13.1666 7.07169
v 16.8276 -12.9833 7.21402
v 18.92 -12.4865 7.07169
v 19.6767 -11.113 7.21402
v 7.029 -13.1928 7.03075
v -0.16000 -13.1109 7.05465
v -7.349 -13.1928 7.03075
v -7.34913 -13.193 7.21402
v -0.16000 -13.2719 7.07169
v 7.02913 -13.193 7.21402
v -16.0334 -12.2324 7.8358
v -13.1854 -12.9077 7.49432
v -18.866 -12.241 7.49432
v -19.8815 -8.51184 7.49432
v -18.8529 -10.3815 7.8358
v -17.7147 -7.17154 8.13799
v -14.6749 -7.10065 8.42729
v -16.03 -10.3793 8.18536
v -11.0357 -9.48968 8.42729
v -11.1437 -11.4852 8.13799
v -19.1513 -4.37451 7.8358
v -20.0388 0.03900 7.49432
v -19.8815 8.58984 7.49432
v -19.1513 4.45251 7.8358
v -17.7147 7.24954 8.13799
v -14.8509 3.63581 8.42729
v -17.1728 0.03900 8.18536
v -14.8509 -3.55781 8.42729
v -18.8529 10.4595 7.8358
v -18.866 12.319 7.49432
v -13.1854 12.9857 7.49432
v -16.0334 12.3104 7.8358
v -11.1437 11.5632 8.13799
v -11.0357 9.56768 8.42729
v -16.03 10.4573 8.18536
v -14.6749 7.17865 8.42729
v -6.88305 12.5063 7.8358
v -0.16000 13.0889 7.49432
v 12.8654 12.9857 7.49432
v 6.56305 12.5063 7.8358
v 10.8237 11.5632 8.13799
v 5.31897 9.6832 8.42729
v -0.16000 11.2075 8.18536
v -5.63897 9.6832 8.42729
v 15.7134 12.3104 7.8358
v 18.546 12.319 7.49432
v 19.5615 8.58984 7.49432
v 18.5329 10.4595 7.8358
v 17.3947 7.24954 8.13799
v 14.3549 7.17865 8.42729
v 15.71 10.4573 8.18536
v 10.7157 9.56768 8.42729
v 18.8313 4.45251 7.8358
v 19.7188 0.03900 7.49432
v 19.5615 -8.51184 7.49432
v 18.8313 -4.37451 7.8358
v 17.3947 -7.17154 8.13799
v 14.5309 -3.55781 8.42729
v 16.8528 0.03900 8.18536
v 14.5309 3.63581 8.42729
v 18.5329 -10.3815 7.8358
v 18.546 -12.241 7.49432
v 12.8654 -12.9077 7.49432
v 15.7134 -12.2324 7.8358
v 10.8237 -11.4852 8.13799
v 10.7157 -9.48968 8.42729
v 15.71 -10.3793 8.18536
v 14.3549 -7.10065 8.42729
v 6.56305 -12.4283 7.8358
v -0.16000 -13.0109 7.49432
v -6.88305 -12.4283 7.8358
v -5.63897 -9.6052 8.42729
v -0.16000 -11.1295 8.18536
v 5.31897 -9.6052 8.42729
v -0.16000 -5.85514 8.64216
v -7.75319 -4.94574 8.64216
v -9.13847 0.03900 8.64216
v -7.75319 5.02374 8.64216
v -0.16000 5.93314 8.64216
v 7.43319 5.02374 8.64216
v 8.81847 0.03900 8.64216
v 7.43319 -4.94574 8.64216
v -0.16000 -15.8485 7.79104
v -22.8104 0.03900 7.79104
v -0.16000 15.9265 7.79104
v 22.4904 0.03900 7.79104
v -19.9564 0.03900 7.20379
v -0.16000 13.0667 7.20379
v 19.6364 0.03900 7.20379
v -0.16000 -12.9887 7.20379
v -21.474 -14.9112 7.79104
v 21.154 -14.9112 7.79104
v -21.474 14.9892 7.79104
v 21.154 14.9892 7.79104
v -18.7885 12.2981 7.20379
v -18.7885 -12.2201 7.20379
v 18.4685 12.2981 7.20379
v 18.4685 -12.2201 7.20379
v -25.6815 0.03900 7.68085
v 25.3615 0.03900 7.68085
v -0.16000 18.7976 7.68085
v -0.16000 -18.7196 7.68085
v -24.1758 17.6909 7.68085
v -24.1758 -17.6129 7.68085
v 23.8558 -17.6129 7.68085
v 23.8558 17.6909 7.68085
v -19.1643 -12.4368 7.03075
v -20.3558 0.03900 7.03075
v -19.1643 12.5148 7.03075
v -0.16000 13.297 7.03075
v 18.8443 12.5148 7.03075
v 20.0358 0.03900 7.03075
v 18.8443 -12.4368 7.03075
v -0.16000 -13.219 7.03075
v -17.9519 -11.6409 7.84172
v -19.1043 0.03900 7.84172
v -17.9519 11.7189 7.84172
v -0.16000 12.4755 7.84172
v 17.6319 11.7189 7.84172
v 18.7843 0.03900 7.84172
v 17.6319 -11.6409 7.84172
v -0.16000 -12.3975 7.84172
v -0.16000 0.03900 8.75889
v -24.8479 0.03900 7.99405
v 24.5279 0.03900 7.99405
v -0.16000 17.9641 7.99405
v -0.16000 -17.8861 7.99405
v -15.0014 -15.7228 7.79104
v -0.16000 -13.8109 7.40857
v 14.6814 -15.7228 7.79104
v -22.6312 10.4491 7.79104
v -20.7728 0.03900 7.40857
v -22.6312 -10.3711 7.79104
v 14.6814 15.8008 7.79104
v -0.16000 13.8889 7.40857
v -15.0014 15.8008 7.79104
v 22.3112 -10.3711 7.79104
v 20.4528 0.03900 7.40857
v 22.3112 10.4491 7.79104
v -19.7998 8.57526 7.20379
v -20.0189 0.03900 7.1068
v -19.7998 -8.49726 7.20379
v 12.8114 12.9636 7.20379
v -0.16000 13.0758 7.1068
v -13.1314 12.9636 7.20379
v 19.4798 -8.49726 7.20379
v 19.6989 0.03900 7.1068
v 19.4798 8.57526 7.20379
v -13.1314 -12.8856 7.20379
v -0.16000 -12.9978 7.1068
v 12.8114 -12.8856 7.20379
v -18.8472 -12.2287 7.1068
v -18.8472 12.3067 7.1068
v 18.5272 12.3067 7.1068
v 18.5272 -12.2287 7.1068
v -23.3914 16.9065 7.99405
v -23.3914 -16.8285 7.99405
v 23.0714 -16.8285 7.99405
v 23.0714 16.9065 7.99405
v -19.5567 -12.9938 7.40857
v 19.2367 -12.9938 7.40857
v -19.5567 13.0718 7.40857
v 19.2367 13.0718 7.40857
v -25.4796 12.3304 7.68085
v -25.4796 -12.2524 7.68085
v -25.7741 0.03900 7.06378
v 25.1596 -12.2524 7.68085
v 25.1596 12.3304 7.68085
v 25.4541 0.03900 7.06378
v 16.5627 18.6493 7.68085
v -16.8827 18.6493 7.68085
v -0.16000 18.8903 7.06378
v -16.8827 -18.5713 7.68085
v 16.5627 -18.5713 7.68085
v -0.16000 -18.8123 7.06378
v -24.2629 17.7781 7.06378
v -24.2629 -17.7001 7.06378
v 23.9429 -17.7001 7.06378
v 23.9429 17.7781 7.06378
v -20.196 -8.64819 7.03075
v -19.1646 -12.437 7.21402
v -13.3931 -13.1141 7.03075
v -20.196 8.72618 7.03075
v -20.3561 0.03900 7.21402
v -13.3931 13.1921 7.03075
v -19.1646 12.515 7.21402
v 13.0731 13.1921 7.03075
v -0.16000 13.2972 7.21402
v 19.876 8.72618 7.03075
v 18.8446 12.515 7.21402
v 19.876 -8.64819 7.03075
v 20.0361 0.03900 7.21402
v 13.0731 -13.1141 7.03075
v 18.8446 -12.437 7.21402
v -0.16000 -13.2192 7.21402
v -19.1236 -8.08301 7.82988
v -12.748 -8.22468 8.47043
v -12.5322 -12.4101 7.82988
v -19.1236 8.16101 7.82988
v -13.9492 0.03900 8.47043
v -12.5322 12.4881 7.82988
v -12.748 8.30268 8.47043
v 12.2122 12.4881 7.82988
v -0.16000 9.09129 8.47043
v 18.8036 8.16101 7.82988
v 12.428 8.30268 8.47043
v 18.8036 -8.08301 7.82988
v 13.6292 0.03900 8.47043
v 12.2122 -12.4101 7.82988
v 12.428 -8.22468 8.47043
v -0.16000 -9.01329 8.47043
v -24.6526 -11.7062 7.99405
v -24.6526 11.7842 7.99405
v -16.3365 17.8223 7.99405
v 16.0165 17.8223 7.99405
v 24.3326 -11.7062 7.99405
v 24.3326 11.7842 7.99405
v -16.3365 -17.7443 7.99405
v 16.0165 -17.7443 7.99405
v -13.6663 -13.7014 7.40857
v 13.3463 -13.7014 7.40857
v -20.6097 -9.03604 7.40857
v -20.6097 9.11403 7.40857
v -13.6663 13.7794 7.40857
v 13.3463 13.7794 7.40857
v 20.2897 9.11403 7.40857
v 20.2897 -9.03603 7.40857
v -19.8618 -8.50327 7.1068
v -19.8618 8.58127 7.1068
v -13.1723 12.9727 7.1068
v 12.8523 12.9727 7.1068
v 19.5418 8.58127 7.1068
v 19.5418 -8.50327 7.1068
v -13.1723 -12.8947 7.1068
v 12.8523 -12.8947 7.1068
v -25.5715 12.3911 7.06378
v -25.5715 -12.3131 7.06378
v 25.2515 -12.3131 7.06378
v 25.2515 12.3911 7.06378
v 16.6234 18.7411 7.06378
v -16.9434 18.7411 7.06378
v -16.9434 -18.6631 7.06378
v 16.6234 -18.6631 7.06378
v -20.1964 -8.64834 7.21402
v -20.1964 8.72634 7.21402
v -13.3933 13.1924 7.21402
v 13.0733 13.1924 7.21402
v 19.8764 8.72634 7.21402
v 19.8764 -8.64834 7.21402
v -13.3933 -13.1144 7.21402
v 13.0733 -13.1144 7.21402
v -15.9026 -6.04633 8.33988
v -15.9026 6.12433 8.33988
v -9.42971 10.3736 8.33988
v 9.10971 10.3736 8.33988
v 15.5826 6.12433 8.33988
v 15.5826 -6.04633 8.33988
v -9.42971 -10.2956 8.33988
v 9.10971 -10.2956 8.33988

# No. normals 1435:
vn -0.00052 0.13437 0.99093
vn -0.00186 0.13398 0.99098
vn -0.00081 0.05630 0.99841
vn -0.00023 0.05639 0.99841
vn 0.00052 0.13437 0.99093
vn 0.00022 0.05639 0.99841
vn 0.00081 0.05621 0.99842
vn 0.00190 0.13419 0.99095
vn 0.00066 0.17330 0.98487
vn 0.00240 0.17281 0.98495
vn 0.00269 0.19761 0.98028
vn 0.00074 0.19781 0.98024
vn -0.00068 0.17330 0.98487
vn -0.00074 0.19781 0.98024
vn -0.00263 0.19728 0.98034
vn -0.00241 0.17310 0.98490
vn 0.13437 0.00104 0.99093
vn 0.13331 0.00377 0.99107
vn 0.05582 0.00155 0.99844
vn 0.05639 0.00043 0.99841
vn 0.13437 -0.00106 0.99093
vn 0.05639 -0.00043 0.99841
vn 0.05596 -0.00153 0.99843
vn 0.13299 -0.00376 0.99111
vn 0.17330 -0.00137 0.98487
vn 0.17195 -0.00486 0.98509
vn 0.19565 -0.00577 0.98066
vn 0.19780 -0.00164 0.98024
vn 0.17330 0.00137 0.98487
vn 0.19780 0.00160 0.98024
vn 0.19619 0.00579 0.98055
vn 0.17147 0.00495 0.98518
vn 0.00052 -0.13437 0.99093
vn 0.00186 -0.13398 0.99098
vn 0.00081 -0.05630 0.99841
vn 0.00023 -0.05639 0.99841
vn -0.00052 -0.13437 0.99093
vn -0.00022 -0.05639 0.99841
vn -0.00081 -0.05621 0.99842
vn -0.00190 -0.13419 0.99095
vn -0.00066 -0.17330 0.98487
vn -0.00240 -0.17281 0.98495
vn -0.00269 -0.19761 0.98028
vn -0.00074 -0.19781 0.98024
vn 0.00068 -0.17330 0.98487
vn 0.00074 -0.19781 0.98024
vn 0.00263 -0.19728 0.98034
vn 0.00241 -0.17310 0.98490
vn -0.13437 -0.00104 0.99093
vn -0.13331 -0.00377 0.99107
vn -0.05582 -0.00155 0.99844
vn -0.05639 -0.00043 0.99841
vn -0.13437 0.00106 0.99093
vn -0.05639 0.00043 0.99841
vn -0.05596 0.00153 0.99843
vn -0.13299 0.00376 0.99111
vn -0.17330 0.00137 0.98487
vn -0.17195 0.00486 0.98509
vn -0.19565 0.00577 0.98066
vn -0.19780 0.00164 0.98024
vn -0.17330 -0.00137 0.98487
vn -0.19780 -0.00160 0.98024
vn -0.19619 -0.00579 0.98055
vn -0.17147 -0.00495 0.98518
vn 0.29378 0.00246 0.95587
vn 0.29138 0.00878 0.95657
vn 0.21651 0.00648 0.97626
vn 0.21893 0.00181 0.97574
vn 0.29378 -0.00248 0.95587
vn 0.21893 -0.00181 0.97574
vn 0.21716 -0.00641 0.97611
vn 0.29051 -0.00875 0.95683
vn 0.79223 -0.00669 0.61018
vn 0.78807 -0.02374 0.61512
vn 0.38875 -0.01174 -0.92127
vn 0.39045 -0.00330 -0.92062
vn 0.79223 0.00669 0.61018
vn 0.39045 0.00330 -0.92062
vn 0.38876 0.01174 -0.92127
vn 0.78600 0.02374 0.61777
vn 0.00105 -0.28781 0.95769
vn 0.00375 -0.28713 0.95788
vn 0.00291 -0.21876 0.97578
vn 0.00082 -0.21893 0.97574
vn -0.00105 -0.28781 0.95769
vn -0.00081 -0.21893 0.97574
vn -0.00291 -0.21835 0.97587
vn -0.00378 -0.28767 0.95772
vn -0.00245 -0.67128 0.74120
vn -0.00875 -0.67078 0.74161
vn -0.00704 -0.54071 -0.84118
vn -0.00198 -0.54265 -0.83996
vn 0.00245 -0.67128 0.74120
vn 0.00198 -0.54265 -0.83996
vn 0.00704 -0.54070 -0.84118
vn 0.00877 -0.67196 0.74053
vn -0.29378 -0.00246 0.95587
vn -0.29138 -0.00878 0.95657
vn -0.21651 -0.00648 0.97626
vn -0.21893 -0.00181 0.97574
vn -0.29378 0.00248 0.95587
vn -0.21893 0.00181 0.97574
vn -0.21716 0.00641 0.97612
vn -0.29051 0.00875 0.95683
vn -0.79223 0.00669 0.61018
vn -0.78807 0.02374 0.61513
vn -0.38875 0.01174 -0.92127
vn -0.39045 0.00330 -0.92062
vn -0.79223 -0.00669 0.61018
vn -0.39045 -0.00330 -0.92062
vn -0.38875 -0.01174 -0.92127
vn -0.78600 -0.02374 0.61777
vn -0.00105 0.28780 0.95769
vn -0.00375 0.28713 0.95788
vn -0.00291 0.21876 0.97578
vn -0.00082 0.21893 0.97574
vn 0.00105 0.28780 0.95769
vn 0.00081 0.21893 0.97574
vn 0.00291 0.21835 0.97587
vn 0.00378 0.28767 0.95772
vn 0.00245 0.67128 0.74120
vn 0.00875 0.67078 0.74161
vn 0.00704 0.54070 -0.84118
vn 0.00198 0.54265 -0.83996
vn -0.00245 0.67128 0.74120
vn -0.00198 0.54265 -0.83996
vn -0.00704 0.54070 -0.84118
vn -0.00877 0.67196 0.74053
vn 0.03262 0.11052 0.99334
vn 0.00493 0.13222 0.99121
vn 0.00214 0.05543 0.99846
vn 0.01369 0.04571 0.99886
vn 0.09130 0.05370 0.99437
vn 0.03803 0.02193 0.999036
vn 0.05422 0.00397 0.99852
vn 0.12907 0.00979 0.99159
vn 0.11571 0.06958 0.99084
vn 0.16654 0.01263 0.98595
vn 0.18976 0.01502 0.98172
vn 0.13300 0.08166 0.98775
vn 0.04109 0.14200 0.98901
vn 0.04661 0.16468 0.98525
vn 0.00697 0.19490 0.98080
vn 0.00636 0.17056 0.98533
vn -0.03181 0.10991 0.99343
vn -0.01382 0.04613 0.99884
vn -0.00214 0.05543 0.99846
vn -0.00503 0.13216 0.99122
vn -0.04150 0.14341 0.98879
vn -0.00636 0.17056 0.98533
vn -0.00711 0.19480 0.98082
vn -0.04536 0.16362 0.98548
vn -0.11802 0.06941 0.99058
vn -0.13128 0.08060 0.98806
vn -0.18976 0.01502 0.98172
vn -0.16636 0.01290 0.98598
vn -0.09024 0.05307 0.99451
vn -0.12907 0.00979 0.99159
vn -0.05418 0.00403 0.99852
vn -0.03864 0.02196 0.999012
vn 0.09024 -0.05307 0.99451
vn 0.12907 -0.00979 0.99159
vn 0.05418 -0.00403 0.99852
vn 0.03864 -0.02196 0.999012
vn 0.03181 -0.10991 0.99343
vn 0.01382 -0.04613 0.99884
vn 0.00214 -0.05543 0.99846
vn 0.00503 -0.13216 0.99122
vn 0.04150 -0.14341 0.98879
vn 0.00636 -0.17056 0.98533
vn 0.00711 -0.19480 0.98082
vn 0.04535 -0.16362 0.98548
vn 0.11802 -0.06941 0.99058
vn 0.13128 -0.08060 0.98806
vn 0.18976 -0.01502 0.98172
vn 0.16636 -0.01290 0.98598
vn -0.03262 -0.11052 0.99334
vn -0.00493 -0.13222 0.99121
vn -0.00214 -0.05543 0.99846
vn -0.01369 -0.04571 0.99886
vn -0.09130 -0.05370 0.99437
vn -0.03803 -0.02193 0.999036
vn -0.05422 -0.00397 0.99852
vn -0.12907 -0.00979 0.99159
vn -0.11571 -0.06958 0.99084
vn -0.16654 -0.01263 0.98595
vn -0.18976 -0.01502 0.98172
vn -0.13300 -0.08166 0.98775
vn -0.04109 -0.14200 0.98901
vn -0.04660 -0.16468 0.98525
vn -0.00697 -0.19490 0.98080
vn -0.00636 -0.17056 0.98533
vn 0.19375 -0.12146 0.97350
vn 0.28178 -0.02278 0.95921
vn 0.20996 -0.01685 0.97757
vn 0.14746 -0.09054 0.98492
vn 0.06553 -0.24137 0.96822
vn 0.05080 -0.18328 0.98175
vn 0.00771 -0.21573 0.97642
vn 0.01001 -0.28397 0.95878
vn 0.16834 -0.62007 0.76627
vn 0.02339 -0.66811 0.74369
vn 0.01859 -0.53241 -0.84628
vn 0.11757 -0.43412 -0.89315
vn 0.56033 -0.35126 0.75010
vn 0.29858 -0.18764 -0.93576
vn 0.38153 -0.03091 -0.92384
vn 0.77073 -0.06245 0.63410
vn 0.19650 0.12318 0.97274
vn 0.14481 0.09013 0.98535
vn 0.21009 0.01663 0.97754
vn 0.28178 0.02278 0.95921
vn 0.55107 0.34630 0.75921
vn 0.77078 0.06230 0.63404
vn 0.38154 0.03091 -0.92384
vn 0.29858 0.18763 -0.93576
vn 0.16638 0.61286 0.77247
vn 0.11757 0.43412 -0.89315
vn 0.01859 0.53240 -0.84629
vn 0.02339 0.66811 0.74369
vn 0.06667 0.24381 0.96753
vn 0.00994 0.28401 0.95877
vn 0.00771 0.21573 0.97642
vn 0.05026 0.18131 0.98214
vn -0.06667 -0.24381 0.96753
vn -0.00994 -0.28401 0.95877
vn -0.00771 -0.21573 0.97642
vn -0.05026 -0.18132 0.98214
vn -0.19650 -0.12318 0.97274
vn -0.14481 -0.09013 0.98535
vn -0.21009 -0.01663 0.97754
vn -0.28178 -0.02278 0.95921
vn -0.55106 -0.34630 0.75922
vn -0.77079 -0.06230 0.63404
vn -0.38154 -0.03091 -0.92384
vn -0.29858 -0.18763 -0.93576
vn -0.16638 -0.61286 0.77248
vn -0.11757 -0.43412 -0.89315
vn -0.01859 -0.53241 -0.84629
vn -0.02339 -0.66812 0.74369
vn -0.19375 0.12146 0.97350
vn -0.28178 0.02277 0.95921
vn -0.20996 0.01685 0.97757
vn -0.14746 0.09054 0.98492
vn -0.06553 0.24137 0.96822
vn -0.05080 0.18328 0.98175
vn -0.00771 0.21573 0.97642
vn -0.01001 0.28397 0.95878
vn -0.16834 0.62007 0.76627
vn -0.02339 0.66811 0.74369
vn -0.01859 0.53241 -0.84629
vn -0.11757 0.43411 -0.89316
vn -0.56032 0.35126 0.75010
vn -0.29858 0.18763 -0.93576
vn -0.38154 0.03091 -0.92384
vn -0.77073 0.06245 0.63410
vn -0.95243 0.00720 0.30466
vn -0.999972 0.00755 0
vn -0.999637 0.02693 0
vn -0.95128 0.02566 0.30726
vn -0.60943 0.00461 0.79283
vn -0.60644 0.01636 0.79496
vn -0.17477 0.00477 0.98460
vn -0.17646 0.00135 0.98431
vn -0.60943 -0.00461 0.79283
vn -0.17646 -0.00134 0.98431
vn -0.17515 -0.00478 0.98453
vn -0.60560 -0.01640 0.79560
vn -0.95243 -0.00719 0.30466
vn -0.95147 -0.02566 0.30668
vn -0.999637 -0.02693 0
vn -0.999972 -0.00755 0
vn 0.95243 -0.00720 0.30466
vn 0.999972 -0.00755 0
vn 0.999637 -0.02693 0
vn 0.95128 -0.02566 0.30726
vn 0.60943 -0.00461 0.79283
vn 0.60644 -0.01636 0.79496
vn 0.17477 -0.00477 0.98460
vn 0.17646 -0.00135 0.98431
vn 0.60943 0.00461 0.79283
vn 0.17646 0.00134 0.98431
vn 0.17515 0.00478 0.98453
vn 0.60560 0.01640 0.79560
vn 0.95243 0.00719 0.30466
vn 0.95147 0.02566 0.30668
vn 0.999637 0.02693 0
vn 0.999972 0.00755 0
vn 0.00389 0.95245 0.30467
vn 0.00409 0.999992 0
vn 0.01459 0.999894 0
vn 0.01389 0.95222 0.30510
vn 0.00248 0.60943 0.79284
vn 0.00886 0.60818 0.79375
vn 0.00256 0.17619 0.98435
vn 0.00071 0.17646 0.98431
vn -0.00249 0.60943 0.79284
vn -0.00071 0.17646 0.98431
vn -0.00253 0.17593 0.98440
vn -0.00887 0.60878 0.79329
vn -0.00389 0.95245 0.30467
vn -0.01387 0.95208 0.30552
vn -0.01459 0.999894 0
vn -0.00409 0.999992 0
vn -0.00389 -0.95245 0.30467
vn -0.00409 -0.999992 0
vn -0.01459 -0.999894 0
vn -0.01389 -0.95222 0.30510
vn -0.00248 -0.60943 0.79284
vn -0.00886 -0.60818 0.79375
vn -0.00256 -0.17619 0.98435
vn -0.00071 -0.17646 0.98431
vn 0.00249 -0.60943 0.79284
vn 0.00071 -0.17646 0.98431
vn 0.00253 -0.17593 0.98440
vn 0.00887 -0.60878 0.79329
vn 0.00389 -0.95245 0.30467
vn 0.01387 -0.95208 0.30552
vn 0.01459 -0.999894 0
vn 0.00409 -0.999992 0
vn -0.27137 0.89494 0.35419
vn -0.29052 0.95687 0
vn -0.03912 0.999235 0
vn -0.03720 0.95022 0.30934
vn -0.15899 0.52434 0.83653
vn -0.02356 0.60253 0.79775
vn -0.00676 0.17350 0.98481
vn -0.04302 0.14362 0.98870
vn -0.45200 0.25370 0.85518
vn -0.12032 0.06836 0.99038
vn -0.16985 0.01244 0.98539
vn -0.59394 0.04315 0.80335
vn -0.80690 0.45289 0.37921
vn -0.94669 0.06851 0.31478
vn -0.99740 0.07209 0
vn -0.87231 0.48896 0
vn -0.80807 -0.45355 0.37591
vn -0.87231 -0.48896 0
vn -0.99740 -0.07209 0
vn -0.94669 -0.06851 0.31478
vn -0.44806 -0.25249 0.85761
vn -0.59401 -0.04299 0.80331
vn -0.16985 -0.01244 0.98539
vn -0.12158 -0.06908 0.99018
vn -0.15801 -0.52109 0.83875
vn -0.04369 -0.14464 0.98852
vn -0.00670 -0.17353 0.98481
vn -0.02356 -0.60253 0.79775
vn -0.27198 -0.89580 0.35152
vn -0.03715 -0.95023 0.30934
vn -0.03912 -0.999235 0
vn -0.29052 -0.95687 0
vn 0.27137 -0.89494 0.35419
vn 0.29052 -0.95687 0
vn 0.03912 -0.999235 0
vn 0.03720 -0.95022 0.30934
vn 0.15899 -0.52434 0.83653
vn 0.02356 -0.60253 0.79775
vn 0.00676 -0.17350 0.98481
vn 0.04302 -0.14362 0.98870
vn 0.45200 -0.25370 0.85518
vn 0.12032 -0.06836 0.99038
vn 0.16985 -0.01244 0.98539
vn 0.59394 -0.04315 0.80335
vn 0.80690 -0.45289 0.37921
vn 0.94669 -0.06851 0.31478
vn 0.99740 -0.07209 0
vn 0.87231 -0.48896 0
vn 0.80807 0.45355 0.37591
vn 0.87231 0.48896 0
vn 0.99740 0.07209 0
vn 0.94669 0.06851 0.31478
vn 0.44806 0.25249 0.85761
vn 0.59401 0.04299 0.80331
vn 0.16985 0.01244 0.98539
vn 0.12158 0.06908 0.99018
vn 0.15801 0.52109 0.83875
vn 0.04369 0.14464 0.98852
vn 0.00670 0.17353 0.98481
vn 0.02356 0.60253 0.79775
vn 0.27198 0.89580 0.35152
vn 0.03715 0.95023 0.30934
vn 0.03912 0.999235 0
vn 0.29052 0.95687 0
vn 0.04439 0.16389 -0.98548
vn 0.00735 0.21043 -0.97758
vn 0.01430 0.40961 -0.91215
vn 0.08842 0.32649 -0.94106
vn 0.10828 0.06805 -0.99179
vn 0.21994 0.13821 -0.96567
vn 0.28269 0.02291 -0.95894
vn 0.13991 0.01134 -0.99010
vn -0.34860 -0.21907 -0.91131
vn -0.44342 -0.03593 -0.89559
vn -0.86355 -0.06997 0.49939
vn -0.71517 -0.44942 0.53531
vn -0.13510 -0.49884 -0.85610
vn -0.23619 -0.87211 0.42854
vn -0.03263 -0.93440 0.35474
vn -0.02102 -0.60202 -0.79821
vn 0.14361 0.00122 -0.98963
vn 0.14290 0.00432 -0.98973
vn 0.28840 0.00871 -0.95747
vn 0.28975 0.00245 -0.95710
vn 0.14361 -0.00122 -0.98963
vn 0.28975 -0.00245 -0.95710
vn 0.28839 -0.00871 -0.95747
vn 0.14290 -0.00432 -0.98973
vn -0.45323 0.00384 -0.89139
vn -0.45137 0.01363 -0.89223
vn -0.86997 0.02627 0.49240
vn -0.87131 0.00737 0.49067
vn -0.45323 -0.00384 -0.89139
vn -0.87131 -0.00737 0.49067
vn -0.86997 -0.02627 0.49240
vn -0.45137 -0.01363 -0.89223
vn 0.10828 -0.06805 -0.99179
vn 0.13991 -0.01134 -0.99010
vn 0.28269 -0.02291 -0.95894
vn 0.21994 -0.13821 -0.96567
vn 0.04438 -0.16389 -0.98548
vn 0.08842 -0.32649 -0.94106
vn 0.01430 -0.40960 -0.91215
vn 0.00735 -0.21043 -0.97758
vn -0.13510 0.49885 -0.85609
vn -0.02102 0.60203 -0.79820
vn -0.03263 0.93440 0.35473
vn -0.23618 0.87210 0.42855
vn -0.34860 0.21907 -0.91131
vn -0.71516 0.44942 0.53532
vn -0.86355 0.06997 0.49939
vn -0.44343 0.03593 -0.89559
vn 0.00079 -0.21584 -0.97643
vn 0.00280 -0.21481 -0.97665
vn 0.00543 -0.41702 -0.90888
vn 0.00153 -0.41877 -0.90809
vn -0.00079 -0.21584 -0.97643
vn -0.00153 -0.41877 -0.90809
vn -0.00543 -0.41702 -0.90888
vn -0.00280 -0.21481 -0.97665
vn 0.00223 0.61234 -0.79059
vn 0.00794 0.61038 -0.79207
vn 0.01220 0.93732 0.34827
vn 0.00342 0.93795 0.34674
vn -0.00223 0.61234 -0.79059
vn -0.00342 0.93795 0.34674
vn -0.01220 0.93732 0.34827
vn -0.00794 0.61039 -0.79206
vn -0.04439 -0.16389 -0.98548
vn -0.00735 -0.21043 -0.97758
vn -0.01430 -0.40960 -0.91215
vn -0.08842 -0.32649 -0.94106
vn -0.10828 -0.06804 -0.99179
vn -0.21994 -0.13821 -0.96567
vn -0.28269 -0.02290 -0.95894
vn -0.13991 -0.01134 -0.99010
vn 0.34860 0.21907 -0.91131
vn 0.44342 0.03593 -0.89559
vn 0.86355 0.06997 0.49939
vn 0.71517 0.44942 0.53531
vn 0.13510 0.49885 -0.85610
vn 0.23619 0.87211 0.42854
vn 0.03263 0.93440 0.35474
vn 0.02102 0.60202 -0.79820
vn -0.14361 -0.00122 -0.98963
vn -0.14290 -0.00432 -0.98973
vn -0.28839 -0.00871 -0.95747
vn -0.28975 -0.00245 -0.95710
vn -0.14361 0.00122 -0.98963
vn -0.28975 0.00245 -0.95710
vn -0.28840 0.00871 -0.95747
vn -0.14290 0.00432 -0.98973
vn 0.45323 -0.00384 -0.89139
vn 0.45137 -0.01363 -0.89223
vn 0.86997 -0.02627 0.49240
vn 0.87131 -0.00737 0.49067
vn 0.45323 0.00384 -0.89139
vn 0.87131 0.00737 0.49067
vn 0.86997 0.02627 0.49240
vn 0.45137 0.01363 -0.89223
vn -0.10828 0.06804 -0.99179
vn -0.13991 0.01134 -0.99010
vn -0.28269 0.02290 -0.95894
vn -0.21994 0.13821 -0.96567
vn -0.04439 0.16389 -0.98548
vn -0.08842 0.32649 -0.94106
vn -0.01430 0.40961 -0.91215
vn -0.00735 0.21043 -0.97758
vn 0.13510 -0.49885 -0.85609
vn 0.02102 -0.60203 -0.79820
vn 0.03263 -0.93440 0.35473
vn 0.23619 -0.87210 0.42855
vn 0.34860 -0.21907 -0.91131
vn 0.71516 -0.44942 0.53532
vn 0.86355 -0.06997 0.49939
vn 0.44343 -0.03593 -0.89559
vn -0.00079 0.21584 -0.97643
vn -0.00280 0.21481 -0.97665
vn -0.00543 0.41702 -0.90888
vn -0.00153 0.41877 -0.90809
vn 0.00079 0.21584 -0.97643
vn 0.00153 0.41877 -0.90809
vn 0.00543 0.41702 -0.90888
vn 0.00280 0.21480 -0.97665
vn -0.00223 -0.61234 -0.79059
vn -0.00794 -0.61038 -0.79207
vn -0.01220 -0.93732 0.34827
vn -0.00342 -0.93795 0.34674
vn 0.00223 -0.61234 -0.79059
vn 0.00342 -0.93795 0.34674
vn 0.01220 -0.93732 0.34827
vn 0.00794 -0.61039 -0.79206
vn -0.11025 -0.36684 0.92373
vn -0.02575 -0.53548 0.84415
vn -0.02775 -0.79462 0.60647
vn -0.18919 -0.69856 0.69009
vn -0.26475 -0.18495 0.94641
vn -0.52275 -0.32851 0.78664
vn -0.65119 -0.05276 0.75708
vn -0.38408 -0.04286 0.92231
vn -0.12241 -0.08292 0.98901
vn -0.20055 -0.02110 0.97946
vn -0.09409 -0.02705 0.99520
vn -0.05628 -0.05823 0.99672
vn -0.05401 -0.18500 0.98125
vn -0.03401 -0.08001 0.99621
vn -0.01766 -0.14252 0.98963
vn -0.02306 -0.28463 0.95836
vn -0.34847 -0.00295 0.93732
vn -0.37245 -0.00426 0.92804
vn -0.66001 -0.01993 0.75100
vn -0.66201 -0.00560 0.74947
vn -0.34847 -0.00245 0.93732
vn -0.66201 0.00560 0.74947
vn -0.66001 0.01993 0.75100
vn -0.39908 0.01205 0.91683
vn -0.17516 -0.00054 0.98454
vn -0.19018 0.00299 0.98175
vn -0.11128 -0.00089 0.99379
vn -0.08809 -0.01013 0.99606
vn -0.17516 0.00054 0.98454
vn -0.08809 0.00081 0.99611
vn -0.10162 0.00801 0.99479
vn -0.21170 -0.00314 0.97733
vn -0.25642 0.16114 0.95304
vn -0.38408 0.04286 0.92231
vn -0.65119 0.05276 0.75708
vn -0.52275 0.32851 0.78664
vn -0.11025 0.36684 0.92373
vn -0.18919 0.69856 0.69009
vn -0.02775 0.79462 0.60648
vn -0.02575 0.53548 0.84415
vn -0.06178 0.17360 0.98288
vn -0.01350 0.29773 0.95456
vn -0.01766 0.14252 0.98963
vn -0.03401 0.08001 0.99621
vn -0.13145 0.08940 0.98728
vn -0.06024 0.04019 0.99737
vn -0.08791 0.01979 0.99593
vn -0.19124 0.03596 0.98088
vn -0.00180 0.49278 0.87015
vn -0.00257 0.52160 0.85319
vn -0.01043 0.80111 0.59842
vn -0.00293 0.80261 0.59650
vn -0.00149 0.49278 0.87015
vn 0.00293 0.80261 0.59650
vn 0.01043 0.80112 0.59842
vn 0.00719 0.55261 0.83341
vn -0.00035 0.26157 0.96518
vn 0.00192 0.28302 0.95911
vn -0.00058 0.16814 0.98576
vn -0.00662 0.13350 0.99103
vn 0.00035 0.26157 0.96518
vn 0.00053 0.13350 0.99105
vn 0.00522 0.15375 0.98810
vn -0.00200 0.31334 0.94964
vn 0.11025 0.36684 0.92373
vn 0.02575 0.53548 0.84415
vn 0.02775 0.79462 0.60648
vn 0.18919 0.69856 0.69009
vn 0.26475 0.18495 0.94641
vn 0.52275 0.32851 0.78664
vn 0.65119 0.05276 0.75708
vn 0.38408 0.04286 0.92231
vn 0.12241 0.08292 0.98901
vn 0.20055 0.02110 0.97946
vn 0.09409 0.02705 0.99520
vn 0.05628 0.05823 0.99672
vn 0.05401 0.18500 0.98125
vn 0.03401 0.08001 0.99621
vn 0.01766 0.14252 0.98963
vn 0.02306 0.28463 0.95836
vn 0.34847 0.00295 0.93732
vn 0.37245 0.00426 0.92804
vn 0.66001 0.01993 0.75100
vn 0.66201 0.00560 0.74947
vn 0.34847 0.00245 0.93732
vn 0.66201 -0.00560 0.74947
vn 0.66001 -0.01993 0.75100
vn 0.39908 -0.01205 0.91683
vn 0.17516 0.00054 0.98454
vn 0.19018 -0.00299 0.98175
vn 0.11128 0.00089 0.99379
vn 0.08809 0.01013 0.99606
vn 0.17516 -0.00054 0.98454
vn 0.08809 -0.00081 0.99611
vn 0.10162 -0.00801 0.99479
vn 0.21170 0.00314 0.97733
vn 0.25642 -0.16114 0.95304
vn 0.38408 -0.04286 0.92231
vn 0.65119 -0.05276 0.75708
vn 0.52275 -0.32851 0.78664
vn 0.11025 -0.36684 0.92373
vn 0.18919 -0.69856 0.69009
vn 0.02775 -0.79462 0.60648
vn 0.02575 -0.53548 0.84415
vn 0.06178 -0.17360 0.98288
vn 0.01350 -0.29773 0.95456
vn 0.01766 -0.14252 0.98963
vn 0.03401 -0.08001 0.99621
vn 0.13145 -0.08940 0.98728
vn 0.06024 -0.04019 0.99737
vn 0.08791 -0.01979 0.99593
vn 0.19124 -0.03596 0.98088
vn 0.00180 -0.49278 0.87015
vn 0.00257 -0.52160 0.85319
vn 0.01043 -0.80111 0.59842
vn 0.00293 -0.80261 0.59650
vn 0.00149 -0.49278 0.87015
vn -0.00293 -0.80261 0.59650
vn -0.01043 -0.80112 0.59841
vn -0.00719 -0.55260 0.83341
vn 0.00035 -0.26157 0.96518
vn -0.00192 -0.28302 0.95911
vn 0.00058 -0.16814 0.98576
vn 0.00662 -0.13350 0.99103
vn -0.00035 -0.26157 0.96518
vn -0.00053 -0.13350 0.99105
vn -0.00522 -0.15375 0.98810
vn 0.00200 -0.31334 0.94964
vn 0.00038 -0.02399 0.999712
vn -0.00200 -0.05429 0.99852
vn -0.01066 -0.06777 0.99764
vn -0.00634 -0.04266 0.99907
vn -0.01300 -0.00724 0.999889
vn -0.02802 -0.00967 0.999561
vn -0.05878 0.01431 0.99817
vn -0.04345 -0.00109 0.999055
vn -0.01575 -0.00058 0.999876
vn -0.03567 0.00304 0.999359
vn -0.07417 0.00368 0.99724
vn -0.03132 0.01533 0.999392
vn -0.00476 0.01980 0.999793
vn -0.01226 0.03366 0.999358
vn 0.00937 0.08934 0.99596
vn -0.00072 0.06611 0.99781
vn -0.00038 0.02399 0.999712
vn 0.00200 0.05429 0.99852
vn 0.01066 0.06777 0.99764
vn 0.00634 0.04266 0.99907
vn 0.01300 0.00724 0.999889
vn 0.02802 0.00967 0.999561
vn 0.05878 -0.01431 0.99817
vn 0.04345 0.00109 0.999055
vn 0.01575 0.00058 0.999876
vn 0.03567 -0.00304 0.999359
vn 0.07417 -0.00368 0.99724
vn 0.03132 -0.01533 0.999392
vn 0.00476 -0.01980 0.999793
vn 0.01226 -0.03366 0.999358
vn -0.00937 -0.08934 0.99596
vn 0.00072 -0.06611 0.99781
vn -0.00086 0.09533 0.99544
vn 0.00087 0.09536 0.99544
vn 0.00162 0.18540 0.98266
vn -0.00161 0.18539 0.98266
vn 0.09505 0.00170 0.99547
vn 0.09500 -0.00170 0.99548
vn 0.18469 -0.00341 0.98279
vn 0.18471 0.00343 0.98279
vn 0.00086 -0.09533 0.99544
vn -0.00087 -0.09536 0.99544
vn -0.00162 -0.18540 0.98266
vn 0.00161 -0.18539 0.98266
vn -0.09505 -0.00170 0.99547
vn -0.09500 0.00170 0.99548
vn -0.18469 0.00341 0.98279
vn -0.18471 -0.00343 0.98279
vn 0.25534 0.00489 0.96684
vn 0.25528 -0.00487 0.96685
vn 0.79018 -0.01521 0.61268
vn 0.38961 -0.00752 -0.92095
vn 0.78915 0.01521 0.61401
vn 0.38961 0.00752 -0.92095
vn 0.00213 -0.25331 0.96738
vn -0.00214 -0.25335 0.96737
vn -0.00560 -0.67103 0.74141
vn -0.00451 -0.54168 -0.84057
vn 0.00561 -0.67162 0.74087
vn 0.00451 -0.54168 -0.84057
vn -0.25534 -0.00489 0.96684
vn -0.25528 0.00487 0.96685
vn -0.79018 0.01521 0.61268
vn -0.38961 0.00752 -0.92095
vn -0.78916 -0.01521 0.61400
vn -0.38961 -0.00752 -0.92095
vn -0.00213 0.25331 0.96738
vn 0.00214 0.25335 0.96737
vn 0.00560 0.67103 0.74141
vn 0.00451 0.54168 -0.84057
vn -0.00561 0.67163 0.74087
vn -0.00451 0.54168 -0.84057
vn 0.01336 0.08604 0.99620
vn 0.07822 0.02237 0.99669
vn 0.15139 0.04476 0.98746
vn 0.02527 0.16809 0.98545
vn -0.01321 0.08597 0.99621
vn -0.02509 0.16816 0.98544
vn -0.15149 0.04452 0.98746
vn -0.07810 0.02223 0.99670
vn 0.07810 -0.02223 0.99670
vn 0.01321 -0.08597 0.99621
vn 0.02509 -0.16816 0.98544
vn 0.15149 -0.04452 0.98746
vn -0.01336 -0.08604 0.99620
vn -0.07822 -0.02237 0.99669
vn -0.15139 -0.04476 0.98746
vn -0.02526 -0.16809 0.98545
vn 0.20869 -0.06304 0.97595
vn 0.03355 -0.23133 0.97230
vn 0.09615 -0.64602 0.75724
vn 0.06827 -0.48458 -0.87208
vn 0.67759 -0.21060 0.70464
vn 0.34141 -0.10971 -0.93349
vn 0.20877 0.06332 0.97591
vn 0.67321 0.20810 0.70957
vn 0.34141 0.10971 -0.93349
vn 0.09518 0.64244 0.76040
vn 0.06827 0.48457 -0.87208
vn 0.03368 0.23147 0.97226
vn -0.03368 -0.23147 0.97226
vn -0.20877 -0.06332 0.97591
vn -0.67320 -0.20809 0.70957
vn -0.34141 -0.10971 -0.93349
vn -0.09517 -0.64244 0.76040
vn -0.06826 -0.48457 -0.87208
vn -0.20869 0.06304 0.97595
vn -0.03355 0.23133 0.97230
vn -0.09615 0.64602 0.75724
vn -0.06826 0.48457 -0.87208
vn -0.67759 0.21060 0.70464
vn -0.34141 0.10971 -0.93349
vn -0.98779 0.01704 0.15486
vn -0.40319 0.00697 0.91509
vn -0.40304 -0.00698 0.91516
vn -0.98781 -0.01704 0.15470
vn 0.98779 -0.01704 0.15486
vn 0.40319 -0.00697 0.91509
vn 0.40304 0.00698 0.91516
vn 0.98781 0.01704 0.15470
vn 0.00923 0.98798 0.15429
vn 0.00376 0.40402 0.91474
vn -0.00376 0.40413 0.91469
vn -0.00922 0.98797 0.15440
vn -0.00923 -0.98798 0.15429
vn -0.00376 -0.40402 0.91474
vn 0.00376 -0.40413 0.91469
vn 0.00922 -0.98797 0.15440
vn -0.16318 0.97190 0.16965
vn -0.05968 0.37092 0.92674
vn -0.34343 0.09707 0.93415
vn -0.94242 0.28154 0.18051
vn -0.94255 -0.28166 0.17962
vn -0.34266 -0.09687 0.93445
vn -0.05957 -0.37026 0.92702
vn -0.16330 -0.97200 0.16895
vn 0.16318 -0.97190 0.16965
vn 0.05968 -0.37092 0.92674
vn 0.34343 -0.09707 0.93415
vn 0.94242 -0.28154 0.18051
vn 0.94255 0.28166 0.17962
vn 0.34266 0.09687 0.93445
vn 0.05957 0.37026 0.92702
vn 0.16330 0.97200 0.16895
vn 0.03883 0.27917 -0.95946
vn 0.18840 0.06035 -0.98024
vn -0.39815 -0.12819 -0.90832
vn -0.80640 -0.26530 0.52852
vn -0.07832 -0.55230 -0.82996
vn -0.13527 -0.90904 0.39414
vn 0.21677 0.00418 -0.97621
vn 0.21677 -0.00418 -0.97621
vn -0.45230 0.00873 -0.89182
vn -0.87068 0.01682 0.49156
vn -0.45230 -0.00873 -0.89182
vn -0.87068 -0.01682 0.49156
vn 0.18840 -0.06035 -0.98024
vn 0.03883 -0.27917 -0.95946
vn -0.07833 0.55231 -0.82995
vn -0.13527 0.90904 0.39415
vn -0.39815 0.12819 -0.90832
vn -0.80640 0.26530 0.52852
vn 0.00265 -0.31843 -0.94794
vn -0.00265 -0.31843 -0.94794
vn 0.00509 0.61137 -0.79133
vn 0.00781 0.93764 0.34751
vn -0.00509 0.61137 -0.79133
vn -0.00781 0.93764 0.34751
vn -0.03883 -0.27917 -0.95946
vn -0.18840 -0.06035 -0.98024
vn 0.39815 0.12819 -0.90832
vn 0.80640 0.26530 0.52852
vn 0.07833 0.55230 -0.82996
vn 0.13527 0.90904 0.39414
vn -0.21677 -0.00418 -0.97621
vn -0.21677 0.00418 -0.97621
vn 0.45231 -0.00873 -0.89182
vn 0.87068 -0.01682 0.49156
vn 0.45230 0.00873 -0.89182
vn 0.87068 0.01682 0.49156
vn -0.18840 0.06035 -0.98024
vn -0.03883 0.27917 -0.95946
vn 0.07833 -0.55231 -0.82995
vn 0.13527 -0.90904 0.39415
vn 0.39815 -0.12819 -0.90832
vn 0.80640 -0.26530 0.52852
vn -0.00265 0.31843 -0.94794
vn 0.00265 0.31843 -0.94794
vn -0.00509 -0.61137 -0.79133
vn -0.00781 -0.93764 0.34751
vn 0.00509 -0.61137 -0.79133
vn 0.00781 -0.93764 0.34751
vn -0.09037 -0.61335 0.78463
vn -0.46542 -0.15552 0.87132
vn -0.11854 -0.04741 0.99182
vn -0.03228 -0.17355 0.98430
vn -0.51885 -0.00832 0.85483
vn -0.52503 0.00891 0.85104
vn -0.14131 -0.00215 0.98996
vn -0.14434 0.00156 0.98953
vn -0.46350 0.14951 0.87340
vn -0.09037 0.61335 0.78463
vn -0.03184 0.17406 0.98422
vn -0.11790 0.04641 0.99194
vn -0.00452 0.66778 0.74434
vn 0.00485 0.67463 0.73814
vn -0.00141 0.21199 0.97727
vn 0.00103 0.21618 0.97635
vn 0.09037 0.61335 0.78463
vn 0.46542 0.15552 0.87132
vn 0.11854 0.04741 0.99182
vn 0.03228 0.17355 0.98430
vn 0.51885 0.00832 0.85483
vn 0.52503 -0.00891 0.85104
vn 0.14131 0.00215 0.98996
vn 0.14434 -0.00156 0.98953
vn 0.46350 -0.14951 0.87340
vn 0.09037 -0.61335 0.78463
vn 0.03184 -0.17406 0.98422
vn 0.11790 -0.04641 0.99194
vn 0.00452 -0.66778 0.74434
vn -0.00485 -0.67463 0.73814
vn 0.00141 -0.21199 0.97727
vn -0.00103 -0.21618 0.97635
vn -0.00466 -0.04718 0.99888
vn -0.03582 -0.00092 0.999358
vn -0.03924 0.00537 0.999216
vn -0.00209 0.05225 0.99863
vn 0.00466 0.04718 0.99888
vn 0.03582 0.00092 0.999358
vn 0.03924 -0.00537 0.999216
vn 0.00209 -0.05225 0.99863
vn -0.00137 0.15372 0.98811
vn -0.00246 0.09454 0.99552
vn 0.00056 -0.06033 0.99818
vn 0 0.09545 0.99543
vn -0.00056 -0.06042 0.99817
vn 0.00245 0.09459 0.99551
vn 0.00137 0.15370 0.98812
vn 0.00461 0.18398 0.98292
vn 0.00179 0.20819 0.97809
vn 0 0.18557 0.98263
vn -0.00177 0.20820 0.97808
vn -0.00463 0.18395 0.98292
vn 0.15314 0.00279 0.98820
vn 0.09317 0.00477 0.99564
vn -0.06026 -0.00104 0.99818
vn 0.09545 -0.00001 0.99543
vn -0.06013 0.00105 0.99819
vn 0.09312 -0.00478 0.99564
vn 0.15318 -0.00276 0.98819
vn 0.18095 -0.00964 0.98345
vn 0.20740 -0.00391 0.97825
vn 0.18557 -0.00001 0.98263
vn 0.20737 0.00392 0.97825
vn 0.18101 0.00960 0.98344
vn 0.00137 -0.15372 0.98811
vn 0.00246 -0.09454 0.99552
vn -0.00056 0.06033 0.99818
vn 0 -0.09545 0.99543
vn 0.00056 0.06042 0.99817
vn -0.00245 -0.09459 0.99551
vn -0.00137 -0.15370 0.98812
vn -0.00461 -0.18398 0.98292
vn -0.00179 -0.20819 0.97809
vn 0 -0.18557 0.98263
vn 0.00177 -0.20820 0.97808
vn 0.00463 -0.18395 0.98292
vn -0.15314 -0.00279 0.98820
vn -0.09317 -0.00477 0.99564
vn 0.06026 0.00104 0.99818
vn -0.09545 0.00001 0.99543
vn 0.06013 -0.00105 0.99819
vn -0.09312 0.00478 0.99564
vn -0.15318 0.00276 0.98819
vn -0.18095 0.00964 0.98345
vn -0.20740 0.00391 0.97825
vn -0.18557 0.00001 0.98263
vn -0.20737 -0.00392 0.97825
vn -0.18101 -0.00960 0.98344
vn 0.56727 0.01092 0.82346
vn 0.25013 0.01368 0.96812
vn 0.25655 0 0.96653
vn 0.25004 -0.01371 0.96814
vn 0.56778 -0.01093 0.82311
vn 0.77961 -0.04311 0.62478
vn 0.38516 -0.02133 -0.92260
vn 0.33982 -0.00656 -0.94047
vn 0.79225 0 0.61020
vn 0.39046 0 -0.92062
vn 0.33983 0.00656 -0.94047
vn 0.38517 0.02133 -0.92260
vn 0.77859 0.04303 0.62606
vn 0.00411 -0.49166 0.87078
vn 0.00610 -0.25156 0.96782
vn 0 -0.25353 0.96733
vn -0.00609 -0.25160 0.96781
vn -0.00411 -0.49143 0.87091
vn -0.01607 -0.66947 0.74267
vn -0.01281 -0.53657 -0.84376
vn -0.00400 -0.48099 -0.87672
vn 0 -0.67128 0.74120
vn 0 -0.54265 -0.83996
vn 0.00400 -0.48099 -0.87672
vn 0.01281 -0.53657 -0.84376
vn 0.01608 -0.67006 0.74213
vn -0.56727 -0.01092 0.82346
vn -0.25013 -0.01368 0.96812
vn -0.25655 0 0.96653
vn -0.25003 0.01371 0.96814
vn -0.56778 0.01093 0.82311
vn -0.77961 0.04311 0.62478
vn -0.38517 0.02133 -0.92260
vn -0.33983 0.00656 -0.94047
vn -0.79225 0 0.61020
vn -0.39045 0 -0.92062
vn -0.33982 -0.00656 -0.94047
vn -0.38517 -0.02133 -0.92260
vn -0.77859 -0.04303 0.62606
vn -0.00411 0.49166 0.87078
vn -0.00610 0.25156 0.96782
vn 0 0.25353 0.96733
vn 0.00609 0.25160 0.96781
vn 0.00411 0.49143 0.87091
vn 0.01607 0.66946 0.74267
vn 0.01281 0.53657 -0.84376
vn 0.00400 0.48099 -0.87672
vn 0 0.67128 0.74120
vn 0 0.54265 -0.83996
vn -0.00400 0.48099 -0.87672
vn -0.01281 0.53657 -0.84376
vn -0.01608 0.67006 0.74213
vn 0.02126 0.13888 0.99008
vn -0.00869 -0.05458 0.99847
vn 0.04395 0.05802 0.99735
vn -0.05006 -0.01398 0.99865
vn 0.12574 0.03645 0.99139
vn 0.16961 0.05092 0.98420
vn 0.08424 0.11467 0.98983
vn 0.02790 0.18923 0.98154
vn -0.04367 0.05782 0.99737
vn 0.00850 -0.05420 0.99849
vn -0.02118 0.13906 0.99006
vn -0.02776 0.18944 0.98150
vn -0.08418 0.11445 0.98986
vn -0.16980 0.05081 0.98417
vn -0.12601 0.03632 0.99136
vn 0.04960 -0.01378 0.99867
vn 0.12601 -0.03632 0.99136
vn -0.04960 0.01378 0.99867
vn 0.04367 -0.05782 0.99737
vn -0.00850 0.05420 0.99849
vn 0.02118 -0.13906 0.99006
vn 0.02776 -0.18944 0.98150
vn 0.08418 -0.11445 0.98986
vn 0.16980 -0.05081 0.98417
vn -0.02126 -0.13888 0.99008
vn 0.00869 0.05458 0.99847
vn -0.04395 -0.05802 0.99735
vn 0.05006 0.01398 0.99865
vn -0.12574 -0.03645 0.99139
vn -0.16961 -0.05092 0.98420
vn -0.08424 -0.11467 0.98983
vn -0.02790 -0.18923 0.98154
vn 0.47318 -0.14614 0.86876
vn 0.11478 -0.15971 0.98047
vn 0.06861 -0.46557 0.88235
vn 0.05998 -0.42749 -0.90203
vn 0.37509 -0.50001 0.78058
vn 0.21060 -0.31465 -0.92555
vn 0.29696 -0.09533 -0.95012
vn 0.11496 0.16017 0.98037
vn 0.47104 0.14511 0.87010
vn 0.29696 0.09532 -0.95012
vn 0.36898 0.49329 0.78773
vn 0.21060 0.31465 -0.92555
vn 0.05998 0.42749 -0.90203
vn 0.06834 0.46405 0.88317
vn -0.06834 -0.46405 0.88317
vn -0.11496 -0.16017 0.98037
vn -0.47103 -0.14511 0.87010
vn -0.29696 -0.09532 -0.95012
vn -0.36897 -0.49329 0.78774
vn -0.21060 -0.31465 -0.92555
vn -0.05998 -0.42749 -0.90203
vn -0.47318 0.14613 0.86876
vn -0.11478 0.15971 0.98047
vn -0.06861 0.46557 0.88235
vn -0.05998 0.42749 -0.90203
vn -0.37509 0.50001 0.78058
vn -0.21060 0.31464 -0.92555
vn -0.29696 0.09532 -0.95012
vn -0.98804 0 0.15418
vn -0.999851 0.01724 0
vn -0.98630 0.04892 0.15752
vn -0.81718 0.01410 0.57622
vn -0.39726 0.01973 0.91750
vn -0.40444 0 0.91456
vn -0.39712 -0.01970 0.91756
vn -0.81711 -0.01411 0.57631
vn -0.98633 -0.04892 0.15736
vn -0.999851 -0.01724 0
vn 0.98804 0 0.15418
vn 0.999851 -0.01724 0
vn 0.98630 -0.04892 0.15752
vn 0.81718 -0.01410 0.57622
vn 0.39726 -0.01973 0.91750
vn 0.40444 0 0.91456
vn 0.39712 0.01970 0.91756
vn 0.81711 0.01411 0.57631
vn 0.98633 0.04892 0.15736
vn 0.999851 0.01724 0
vn 0 0.98804 0.15418
vn 0.00934 0.999956 0
vn 0.02651 0.98748 0.15551
vn 0.00763 0.81788 0.57534
vn 0.01072 0.40137 0.91585
vn 0 0.40444 0.91456
vn -0.01073 0.40147 0.91581
vn -0.00763 0.81793 0.57527
vn -0.02652 0.98746 0.15562
vn -0.00934 0.999956 0
vn 0 -0.98804 0.15418
vn -0.00934 -0.999956 0
vn -0.02651 -0.98748 0.15551
vn -0.00763 -0.81788 0.57534
vn -0.01072 -0.40137 0.91585
vn 0 -0.40444 0.91456
vn 0.01073 -0.40147 0.91581
vn 0.00763 -0.81793 0.57527
vn 0.02652 -0.98746 0.15562
vn 0.00934 -0.999956 0
vn -0.61302 0.76417 0.20061
vn -0.16618 0.98610 0
vn -0.12963 0.78445 0.60649
vn -0.19957 0.25516 0.94608
vn -0.74711 0.21837 0.62781
vn -0.95781 0.28741 0
vn -0.61333 -0.76436 0.19892
vn -0.95781 -0.28741 0
vn -0.74693 -0.21833 0.62803
vn -0.19866 -0.25428 0.94651
vn -0.12959 -0.78428 0.60672
vn -0.16618 -0.98610 0
vn 0.61302 -0.76417 0.20061
vn 0.16618 -0.98610 0
vn 0.12963 -0.78445 0.60649
vn 0.19957 -0.25516 0.94608
vn 0.74711 -0.21837 0.62781
vn 0.95781 -0.28741 0
vn 0.61333 0.76436 0.19892
vn 0.95781 0.28741 0
vn 0.74693 0.21833 0.62803
vn 0.19866 0.25428 0.94651
vn 0.12959 0.78428 0.60672
vn 0.16618 0.98610 0
vn -0.02828 -0.19684 -0.98003
vn 0.00751 0.31473 -0.94915
vn 0.11604 0.17535 -0.97764
vn 0.21406 0.01185 -0.97675
vn -0.14193 -0.04583 -0.98881
vn -0.44743 -0.02478 -0.89398
vn -0.86698 -0.04813 0.49602
vn -0.70987 -0.23227 0.66494
vn -0.24578 -0.36479 -0.89807
vn -0.50277 -0.69840 0.50937
vn -0.12358 -0.83949 0.52914
vn -0.02241 -0.93591 0.35152
vn -0.01448 -0.60622 -0.79516
vn -0.16208 -0.00313 -0.98677
vn 0.21729 0 -0.97611
vn 0.21406 -0.01185 -0.97675
vn -0.16208 0.00313 -0.98677
vn -0.44743 0.02478 -0.89397
vn -0.86698 0.04813 0.49602
vn -0.77670 0.01500 0.62970
vn -0.45323 0 -0.89139
vn -0.87134 0 0.49068
vn -0.77670 -0.01500 0.62970
vn -0.14193 0.04583 -0.98881
vn 0.11604 -0.17535 -0.97764
vn 0.00751 -0.31473 -0.94915
vn -0.02828 0.19684 -0.98003
vn -0.01448 0.60623 -0.79516
vn -0.02241 0.93591 0.35152
vn -0.12358 0.83949 0.52914
vn -0.24578 0.36479 -0.89806
vn -0.50277 0.69840 0.50938
vn -0.70987 0.23227 0.66494
vn 0.00179 -0.21532 -0.97654
vn -0.00509 0.61137 -0.79133
vn 0 -0.31914 -0.94771
vn -0.00751 -0.31473 -0.94915
vn -0.00179 -0.21532 -0.97654
vn 0.00509 0.61137 -0.79133
vn 0.01448 0.60622 -0.79516
vn 0.02241 0.93591 0.35152
vn 0.00732 0.87869 0.47734
vn 0 0.61234 -0.79059
vn 0 0.93796 0.34674
vn -0.00732 0.87869 0.47734
vn 0.02828 0.19684 -0.98003
vn -0.11604 -0.17535 -0.97764
vn -0.21406 -0.01185 -0.97675
vn 0.14193 0.04583 -0.98881
vn 0.44743 0.02478 -0.89398
vn 0.86698 0.04813 0.49602
vn 0.70987 0.23227 0.66494
vn 0.24578 0.36479 -0.89806
vn 0.50277 0.69840 0.50937
vn 0.12358 0.83949 0.52914
vn 0.16208 0.00313 -0.98677
vn -0.21729 0 -0.97611
vn -0.21406 0.01185 -0.97675
vn 0.16208 -0.00313 -0.98677
vn 0.44744 -0.02478 -0.89397
vn 0.86698 -0.04813 0.49602
vn 0.77670 -0.01500 0.62970
vn 0.45323 0 -0.89139
vn 0.87134 0 0.49068
vn 0.77670 0.01500 0.62970
vn 0.14193 -0.04583 -0.98881
vn -0.11604 0.17535 -0.97764
vn -0.00751 0.31473 -0.94915
vn 0.02828 -0.19684 -0.98003
vn 0.01448 -0.60623 -0.79516
vn 0.02241 -0.93591 0.35152
vn 0.12358 -0.83949 0.52914
vn 0.24578 -0.36479 -0.89806
vn 0.50277 -0.69840 0.50938
vn 0.70987 -0.23227 0.66494
vn -0.00179 0.21532 -0.97654
vn 0.00509 -0.61137 -0.79133
vn 0 0.31914 -0.94771
vn 0.00179 0.21532 -0.97654
vn -0.00509 -0.61137 -0.79133
vn -0.00732 -0.87869 0.47734
vn 0 -0.61234 -0.79059
vn 0 -0.93796 0.34674
vn 0.00732 -0.87869 0.47734
vn -0.05382 -0.34655 0.93649
vn -0.01805 -0.68133 0.73175
vn -0.28182 -0.40936 0.86776
vn -0.52404 -0.03037 0.85115
vn -0.24465 -0.08354 0.96601
vn -0.15223 -0.01084 0.98829
vn -0.05933 -0.02017 0.99803
vn -0.06679 -0.10172 0.99257
vn -0.01718 -0.08330 0.99638
vn -0.01054 -0.22008 0.97543
vn -0.27803 -0.00246 0.96057
vn -0.51390 -0.00137 0.85785
vn -0.53015 0.03230 0.84729
vn -0.27967 0.00303 0.96009
vn -0.14533 0.01448 0.98928
vn -0.07733 -0.00108 0.99700
vn -0.13175 -0.00233 0.99128
vn -0.07301 0.00551 0.99732
vn -0.24225 0.08284 0.96667
vn -0.28011 0.40384 0.87089
vn -0.01691 0.67458 0.73801
vn -0.05339 0.34711 0.93630
vn -0.00701 0.22759 0.97373
vn -0.01365 0.08646 0.99616
vn -0.07200 0.09598 0.99278
vn -0.06343 0.01976 0.99779
vn -0.00152 0.40031 0.91638
vn -0.00084 0.66199 0.74951
vn 0.01805 0.68133 0.73175
vn 0.00183 0.40141 0.91590
vn 0.01054 0.22008 0.97543
vn 0.00137 0.10605 0.99436
vn -0.00153 0.19796 0.98021
vn 0.00360 0.11075 0.99384
vn 0.05382 0.34655 0.93649
vn 0.28182 0.40936 0.86776
vn 0.52404 0.03037 0.85115
vn 0.24465 0.08354 0.96601
vn 0.15223 0.01084 0.98829
vn 0.05933 0.02017 0.99803
vn 0.06679 0.10172 0.99257
vn 0.01718 0.08330 0.99638
vn 0.27803 0.00246 0.96057
vn 0.51390 0.00137 0.85785
vn 0.53015 -0.03230 0.84729
vn 0.27967 -0.00303 0.96009
vn 0.14533 -0.01448 0.98928
vn 0.07733 0.00108 0.99700
vn 0.13175 0.00233 0.99128
vn 0.07301 -0.00551 0.99732
vn 0.24225 -0.08284 0.96667
vn 0.28011 -0.40384 0.87089
vn 0.01691 -0.67458 0.73801
vn 0.05339 -0.34711 0.93630
vn 0.00701 -0.22759 0.97373
vn 0.01365 -0.08646 0.99616
vn 0.07200 -0.09598 0.99278
vn 0.06343 -0.01976 0.99779
vn 0.00152 -0.40031 0.91638
vn 0.00084 -0.66199 0.74951
vn -0.00183 -0.40141 0.91590
vn -0.00137 -0.10605 0.99436
vn 0.00153 -0.19796 0.98021
vn -0.00360 -0.11075 0.99384
vn 0.00096 -0.04106 0.999156
vn -0.01175 -0.02089 0.999713
vn -0.02697 -0.00147 0.999635
vn -0.01602 0.01705 0.999726
vn -0.00096 0.04106 0.999156
vn 0.01175 0.02089 0.999713
vn 0.02697 0.00147 0.999635
vn 0.01602 -0.01705 0.999726
vn 0 0.15387 0.98809
vn 0.15387 -0.00001 0.98809
vn 0 -0.15387 0.98809
vn -0.15387 0.00001 0.98809
vn 0.56986 0 0.82174
vn 0 -0.49161 0.87082
vn -0.56986 0 0.82174
vn 0 0.49161 0.87082
vn 0.07026 0.09406 0.99308
vn -0.07048 0.09407 0.99307
vn 0.07048 -0.09407 0.99307
vn -0.07026 -0.09406 0.99308
vn 0.25755 -0.34781 0.90150
vn 0.25512 0.34501 0.90326
vn -0.25512 -0.34501 0.90326
vn -0.25755 0.34780 0.90150
vn -0.81820 0 0.57494
vn 0.81820 0 0.57494
vn 0 0.81820 0.57494
vn 0 -0.81820 0.57494
vn -0.46401 0.58393 0.66613
vn -0.46366 -0.58377 0.66650
vn 0.46401 -0.58393 0.66613
vn 0.46366 0.58377 0.66650
vn -0.08733 -0.12821 -0.98790
vn -0.16241 0 -0.98672
vn -0.08733 0.12821 -0.98789
vn 0 -0.21584 -0.97643
vn 0 0.61234 -0.79059
vn 0.08733 0.12821 -0.98789
vn 0.16241 0 -0.98672
vn 0.08733 -0.12821 -0.98789
vn 0 0.21584 -0.97643
vn 0 -0.61234 -0.79059
vn -0.13905 -0.20671 0.96847
vn -0.26288 -0.00135 0.96483
vn -0.14113 0.19938 0.96970
vn -0.00083 0.38016 0.92492
vn 0.13905 0.20671 0.96847
vn 0.26288 0.00135 0.96483
vn 0.14113 -0.19938 0.96970
vn 0.00083 -0.38016 0.92492
vn 0 0 1
vn -0.06045 0 0.99817
vn 0.06045 0 0.99817
vn 0 0.06045 0.99817
vn 0 -0.06045 0.99817
vn 0.00390 0.15247 0.98830
vn 0 0.20838 0.97805
vn -0.00392 0.15248 0.98830
vn 0.15012 -0.00783 0.98864
vn 0.20838 -0.00001 0.97805
vn 0.15012 0.00779 0.98864
vn -0.00390 -0.15247 0.98830
vn 0 -0.20838 0.97805
vn 0.00392 -0.15248 0.98830
vn -0.15012 0.00783 0.98864
vn -0.20838 0.00001 0.97805
vn -0.15013 -0.00779 0.98864
vn 0.55822 -0.03083 0.82912
vn 0.34059 0 -0.94021
vn 0.55773 0.03079 0.82945
vn -0.01175 -0.48966 0.87184
vn 0 -0.48192 -0.87622
vn 0.01177 -0.48987 0.87171
vn -0.55822 0.03083 0.82912
vn -0.34059 0 -0.94021
vn -0.55774 -0.03079 0.82945
vn 0.01175 0.48966 0.87184
vn 0 0.48192 -0.87622
vn -0.01177 0.48987 0.87172
vn 0.18308 0.27454 -0.94398
vn 0.18308 -0.27454 -0.94398
vn -0.18308 -0.27454 -0.94398
vn -0.18308 0.27454 -0.94399
vn -0.02785 0.03615 0.99896
vn -0.02852 -0.03669 0.99892
vn 0.02785 -0.03615 0.99896
vn 0.02852 0.03669 0.99892
vn 0.09386 0.12971 0.98710
vn -0.09392 0.12978 0.98709
vn 0.09392 -0.12978 0.98709
vn -0.09386 -0.12971 0.98710
vn -0.81217 0.04028 0.58202
vn -0.81212 -0.04026 0.58210
vn -1 0 0
vn 0.81217 -0.04028 0.58202
vn 0.81212 0.04026 0.58210
vn 1 0 0
vn 0.02187 0.81573 0.57802
vn -0.02188 0.81578 0.57795
vn 0 1 0
vn -0.02187 -0.81573 0.57802
vn 0.02188 -0.81578 0.57795
vn 0 -1 0
vn -0.62672 0.77925 0
vn -0.62672 -0.77925 0
vn 0.62672 -0.77925 0
vn 0.62672 0.77925 0
vn -0.16032 -0.00888 -0.98702
vn -0.44079 -0.62240 0.64678
vn 0.00507 0.21262 -0.97712
vn -0.01448 -0.60622 -0.79516
vn -0.16032 0.00888 -0.98702
vn -0.77752 0 0.62885
vn 0.00507 -0.21262 -0.97712
vn -0.01448 0.60623 -0.79516
vn -0.44079 0.62240 0.64678
vn -0.00507 -0.21262 -0.97712
vn 0.01448 0.60622 -0.79516
vn 0 0.87920 0.47646
vn 0.16032 0.00888 -0.98702
vn 0.44079 0.62240 0.64678
vn 0.16033 -0.00888 -0.98702
vn 0.77752 0 0.62885
vn -0.00507 0.21262 -0.97712
vn 0.01448 -0.60623 -0.79516
vn 0.44079 -0.62240 0.64678
vn 0 -0.87920 0.47645
vn -0.29343 -0.01791 0.95581
vn -0.03118 -0.04766 0.99838
vn -0.01463 -0.41828 0.90820
vn -0.29281 0.02360 0.95588
vn -0.06384 -0.00184 0.99796
vn -0.01104 0.42026 0.90734
vn -0.03447 0.04231 0.99851
vn 0.01463 0.41828 0.90820
vn -0.00120 0.09692 0.99529
vn 0.29343 0.01791 0.95581
vn 0.03118 0.04766 0.99838
vn 0.29281 -0.02360 0.95588
vn 0.06384 0.00184 0.99796
vn 0.01104 -0.42026 0.90734
vn 0.03447 -0.04231 0.99851
vn 0.00120 -0.09692 0.99529
vn -0.05913 -0.00295 0.99825
vn -0.05900 0.00293 0.99825
vn -0.00160 0.05982 0.99821
vn 0.00159 0.05992 0.99820
vn 0.05900 -0.00293 0.99825
vn 0.05913 0.00295 0.99825
vn -0.00159 -0.05992 0.99820
vn 0.00160 -0.05982 0.99821
vn 0.00507 0.20666 0.97840
vn -0.00509 0.20666 0.97840
vn 0.20315 0.01098 0.97909
vn 0.20315 -0.01101 0.97909
vn 0.00509 -0.20666 0.97840
vn -0.00507 -0.20666 0.97840
vn -0.20315 -0.01098 0.97909
vn -0.20315 0.01101 0.97909
vn 0.33583 0.01859 -0.94174
vn 0.33583 -0.01859 -0.94174
vn 0.01137 -0.47612 -0.87931
vn -0.01137 -0.47612 -0.87931
vn -0.33583 -0.01859 -0.94174
vn -0.33583 0.01859 -0.94174
vn 0.01137 0.47612 -0.87931
vn -0.01137 0.47612 -0.87931
vn -0.99877 0.04952 0
vn -0.99877 -0.04952 0
vn 0.99877 -0.04952 0
vn 0.99877 0.04952 0
vn 0.02685 0.999639 0
vn -0.02685 0.999639 0
vn -0.02685 -0.999639 0
vn 0.02685 -0.999639 0
vn -0.77216 -0.04284 0.63398
vn -0.77216 0.04284 0.63398
vn -0.02097 0.87594 0.48197
vn 0.02097 0.87594 0.48197
vn 0.77216 0.04284 0.63398
vn 0.77216 -0.04284 0.63398
vn -0.02097 -0.87594 0.48197
vn 0.02097 -0.87594 0.48197
vn -0.08486 -0.00158 0.99639
vn -0.09113 0.00753 0.99581
vn -0.00102 0.12860 0.99170
vn 0.00925 0.12626 0.99195
vn 0.08486 0.00158 0.99639
vn 0.09113 -0.00753 0.99581
vn -0.00925 -0.12626 0.99195
vn 0.00102 -0.12860 0.99170

# No. texture coordinates 689:
vt 0.66511 0.05002
vt 0.50000 0.04913
vt 0.50000 0.07861
vt 0.65739 0.07944
vt 0.78971 0.08194
vt 0.80393 0.05270
vt 0.81577 0.02833
vt 0.67155 0.02551
vt 0.50000 0.02457
vt 0.33489 0.05002
vt 0.34261 0.07944
vt 0.32845 0.02551
vt 0.18423 0.02833
vt 0.19607 0.05270
vt 0.21029 0.08194
vt 0.35033 0.10886
vt 0.50000 0.10809
vt 0.22450 0.11119
vt 0.23635 0.13556
vt 0.35677 0.13338
vt 0.50000 0.13265
vt 0.64967 0.10886
vt 0.64323 0.13338
vt 0.76365 0.13556
vt 0.77550 0.11119
vt 0.03708 0.33951
vt 0.03616 0.50000
vt 0.05785 0.50000
vt 0.05873 0.35000
vt 0.06135 0.22389
vt 0.03983 0.20457
vt 0.02189 0.18848
vt 0.01903 0.33076
vt 0.01808 0.50000
vt 0.03708 0.66049
vt 0.05873 0.65000
vt 0.01903 0.66924
vt 0.02189 0.81152
vt 0.03983 0.79543
vt 0.06135 0.77611
vt 0.08038 0.63951
vt 0.07955 0.50000
vt 0.08288 0.75680
vt 0.10081 0.74070
vt 0.09842 0.63076
vt 0.09763 0.50000
vt 0.08038 0.36049
vt 0.09842 0.36924
vt 0.10081 0.25930
vt 0.08288 0.24320
vt 0.33489 0.94998
vt 0.50000 0.95087
vt 0.50000 0.92139
vt 0.34261 0.92056
vt 0.21029 0.91806
vt 0.19607 0.94730
vt 0.18423 0.97167
vt 0.32845 0.97449
vt 0.50000 0.97543
vt 0.66511 0.94998
vt 0.65739 0.92056
vt 0.67155 0.97449
vt 0.81577 0.97167
vt 0.80393 0.94730
vt 0.78971 0.91806
vt 0.64967 0.89114
vt 0.50000 0.89191
vt 0.77550 0.88881
vt 0.76365 0.86444
vt 0.64323 0.86662
vt 0.50000 0.86735
vt 0.35033 0.89114
vt 0.35677 0.86662
vt 0.23635 0.86444
vt 0.22450 0.88881
vt 0.96292 0.66049
vt 0.96384 0.50000
vt 0.94215 0.50000
vt 0.94127 0.65000
vt 0.93865 0.77611
vt 0.96017 0.79543
vt 0.97811 0.81152
vt 0.98097 0.66924
vt 0.98192 0.50000
vt 0.96292 0.33951
vt 0.94127 0.35000
vt 0.98097 0.33076
vt 0.97811 0.18848
vt 0.96017 0.20457
vt 0.93865 0.22389
vt 0.91962 0.36049
vt 0.92045 0.50000
vt 0.91712 0.24320
vt 0.89919 0.25930
vt 0.90158 0.36924
vt 0.90237 0.50000
vt 0.91962 0.63951
vt 0.90158 0.63076
vt 0.89919 0.74070
vt 0.91712 0.75680
vt 0.10925 0.37448
vt 0.10848 0.50000
vt 0.11356 0.50000
vt 0.11433 0.37700
vt 0.11662 0.27359
vt 0.11157 0.26896
vt 0.10925 0.62552
vt 0.11433 0.62300
vt 0.11157 0.73104
vt 0.11662 0.72641
vt 0.11513 0.62245
vt 0.11436 0.50000
vt 0.11741 0.72539
vt 0.11541 0.72657
vt 0.11311 0.62309
vt 0.11235 0.50000
vt 0.11513 0.37755
vt 0.11311 0.37691
vt 0.11541 0.27343
vt 0.11741 0.27461
vt 0.36063 0.85191
vt 0.50000 0.85261
vt 0.50000 0.84554
vt 0.36244 0.84486
vt 0.24679 0.84281
vt 0.24346 0.84982
vt 0.63937 0.85191
vt 0.63756 0.84486
vt 0.75654 0.84982
vt 0.75321 0.84281
vt 0.63727 0.84330
vt 0.50000 0.84398
vt 0.75269 0.84126
vt 0.75401 0.84305
vt 0.63799 0.84510
vt 0.50000 0.84578
vt 0.36273 0.84330
vt 0.36201 0.84510
vt 0.24599 0.84305
vt 0.24731 0.84126
vt 0.89075 0.62552
vt 0.89152 0.50000
vt 0.88644 0.50000
vt 0.88567 0.62300
vt 0.88338 0.72641
vt 0.88843 0.73104
vt 0.89075 0.37448
vt 0.88567 0.37700
vt 0.88843 0.26896
vt 0.88338 0.27359
vt 0.88487 0.37755
vt 0.88564 0.50000
vt 0.88259 0.27461
vt 0.88459 0.27343
vt 0.88689 0.37691
vt 0.88765 0.50000
vt 0.88487 0.62245
vt 0.88689 0.62309
vt 0.88459 0.72657
vt 0.88259 0.72539
vt 0.63937 0.14809
vt 0.50000 0.14739
vt 0.50000 0.15446
vt 0.63756 0.15514
vt 0.75321 0.15719
vt 0.75654 0.15018
vt 0.36063 0.14809
vt 0.36244 0.15514
vt 0.24346 0.15018
vt 0.24679 0.15719
vt 0.36273 0.15670
vt 0.50000 0.15602
vt 0.24731 0.15874
vt 0.24599 0.15695
vt 0.36201 0.15490
vt 0.50000 0.15422
vt 0.63727 0.15670
vt 0.63799 0.15490
vt 0.75401 0.15695
vt 0.75269 0.15874
vt 0.10985 0.05716
vt 0.06352 0.07573
vt 0.08394 0.10347
vt 0.12810 0.08611
vt 0.09464 0.03303
vt 0.04651 0.05262
vt 0.04441 0.12076
vt 0.06572 0.14555
vt 0.02666 0.10010
vt 0.08703 0.17035
vt 0.10435 0.13121
vt 0.10479 0.19101
vt 0.12137 0.15433
vt 0.14634 0.11506
vt 0.16155 0.13919
vt 0.89015 0.05716
vt 0.87190 0.08611
vt 0.91606 0.10347
vt 0.93648 0.07573
vt 0.95349 0.05262
vt 0.90536 0.03303
vt 0.85366 0.11506
vt 0.89565 0.13121
vt 0.83845 0.13919
vt 0.87863 0.15433
vt 0.91297 0.17035
vt 0.93428 0.14555
vt 0.89521 0.19101
vt 0.95559 0.12076
vt 0.97334 0.10010
vt 0.04441 0.87924
vt 0.06352 0.92427
vt 0.08394 0.89653
vt 0.06572 0.85445
vt 0.02666 0.89990
vt 0.04651 0.94738
vt 0.10985 0.94284
vt 0.12810 0.91389
vt 0.09464 0.96697
vt 0.14634 0.88494
vt 0.10435 0.86879
vt 0.16155 0.86081
vt 0.12137 0.84567
vt 0.08703 0.82965
vt 0.10479 0.80899
vt 0.89015 0.94284
vt 0.93648 0.92427
vt 0.91606 0.89653
vt 0.87190 0.91389
vt 0.90536 0.96697
vt 0.95349 0.94738
vt 0.95559 0.87924
vt 0.93428 0.85445
vt 0.97334 0.89990
vt 0.91297 0.82965
vt 0.89565 0.86879
vt 0.89521 0.80899
vt 0.87863 0.84567
vt 0.85366 0.88494
vt 0.83845 0.86081
vt 0.11544 0.79659
vt 0.13158 0.83181
vt 0.13636 0.82515
vt 0.12044 0.79064
vt 0.17068 0.84633
vt 0.17496 0.83939
vt 0.17563 0.83786
vt 0.13711 0.82369
vt 0.17393 0.83963
vt 0.13522 0.82538
vt 0.12123 0.78933
vt 0.11924 0.79085
vt 0.11544 0.20341
vt 0.12044 0.20936
vt 0.13636 0.17485
vt 0.13158 0.16819
vt 0.12123 0.21067
vt 0.13711 0.17631
vt 0.11924 0.20915
vt 0.13522 0.17462
vt 0.17563 0.16214
vt 0.17496 0.16061
vt 0.17393 0.16037
vt 0.17068 0.15367
vt 0.82932 0.84633
vt 0.86842 0.83181
vt 0.86364 0.82515
vt 0.82504 0.83939
vt 0.88456 0.79659
vt 0.87956 0.79064
vt 0.87877 0.78933
vt 0.86289 0.82369
vt 0.88076 0.79085
vt 0.86478 0.82538
vt 0.82437 0.83786
vt 0.82607 0.83963
vt 0.88456 0.20341
vt 0.86842 0.16819
vt 0.86364 0.17485
vt 0.87956 0.20936
vt 0.82932 0.15367
vt 0.82504 0.16061
vt 0.82437 0.16214
vt 0.86289 0.17631
vt 0.82607 0.16037
vt 0.86478 0.17462
vt 0.87877 0.21067
vt 0.88076 0.20915
vt 0.00099 0.67798
vt 0.00279 0.67711
vt 0.00181 0.50000
vt 0 0.50000
vt 0 0.50000
vt 0.00099 0.67798
vt 0.00396 0.82762
vt 0.00396 0.82762
vt 0.00575 0.82601
vt 0.00821 0.67449
vt 0.00723 0.50000
vt 0.01113 0.82118
vt 0.00821 0.32551
vt 0.00279 0.32289
vt 0.01113 0.17882
vt 0.00575 0.17399
vt 0.00099 0.32202
vt 0.00396 0.17238
vt 0.00396 0.17238
vt 0.00099 0.32202
vt 0.999011 0.32202
vt 0.99721 0.32289
vt 0.99819 0.50000
vt 1 0.50000
vt 1 0.50000
vt 0.999011 0.32202
vt 0.99604 0.17238
vt 0.99604 0.17238
vt 0.99425 0.17399
vt 0.99179 0.32551
vt 0.99277 0.50000
vt 0.98887 0.17882
vt 0.99179 0.67449
vt 0.99721 0.67711
vt 0.98887 0.82118
vt 0.99425 0.82601
vt 0.999011 0.67798
vt 0.99604 0.82762
vt 0.99604 0.82762
vt 0.999011 0.67798
vt 0.67798 0.999011
vt 0.67734 0.99656
vt 0.50000 0.99754
vt 0.50000 1
vt 0.50000 1
vt 0.67798 0.999011
vt 0.82762 0.99604
vt 0.82762 0.99604
vt 0.82644 0.99361
vt 0.67541 0.98920
vt 0.50000 0.99017
vt 0.82288 0.98630
vt 0.32459 0.98920
vt 0.32266 0.99656
vt 0.17712 0.98630
vt 0.17356 0.99361
vt 0.32202 0.999011
vt 0.17238 0.99604
vt 0.17238 0.99604
vt 0.32202 0.999011
vt 0.32202 0.00099
vt 0.32266 0.00344
vt 0.50000 0.00246
vt 0.50000 0
vt 0.50000 0
vt 0.32202 0.00099
vt 0.17238 0.00396
vt 0.17238 0.00396
vt 0.17356 0.00639
vt 0.32459 0.01080
vt 0.50000 0.00983
vt 0.17712 0.01370
vt 0.67541 0.01080
vt 0.67734 0.00344
vt 0.82288 0.01370
vt 0.82644 0.00639
vt 0.67798 0.00099
vt 0.82762 0.00396
vt 0.82762 0.00396
vt 0.67798 0.00099
vt 0.07943 0.99110
vt 0.08095 0.98869
vt 0.03120 0.96819
vt 0.02950 0.97050
vt 0.02950 0.97050
vt 0.07943 0.99110
vt 0.08552 0.98145
vt 0.03630 0.96125
vt 0.01600 0.91230
vt 0.01067 0.91850
vt 0.00890 0.92057
vt 0.00890 0.92057
vt 0.00890 0.07943
vt 0.01067 0.08150
vt 0.03120 0.03181
vt 0.02950 0.02950
vt 0.02950 0.02950
vt 0.00890 0.07943
vt 0.01600 0.08770
vt 0.03630 0.03875
vt 0.08552 0.01855
vt 0.08095 0.01131
vt 0.07943 0.00890
vt 0.07943 0.00890
vt 0.92057 0.00890
vt 0.91905 0.01131
vt 0.96880 0.03181
vt 0.97050 0.02950
vt 0.97050 0.02950
vt 0.92057 0.00890
vt 0.91448 0.01855
vt 0.96370 0.03875
vt 0.98400 0.08770
vt 0.98933 0.08150
vt 0.99110 0.07943
vt 0.99110 0.07943
vt 0.99110 0.92057
vt 0.98933 0.91850
vt 0.96880 0.96819
vt 0.97050 0.97050
vt 0.97050 0.97050
vt 0.99110 0.92057
vt 0.98400 0.91230
vt 0.96370 0.96125
vt 0.91448 0.98145
vt 0.91905 0.98869
vt 0.92057 0.99110
vt 0.92057 0.99110
vt 0.17110 0.15743
vt 0.13205 0.17180
vt 0.12903 0.16910
vt 0.16840 0.15461
vt 0.24168 0.15113
vt 0.24379 0.15398
vt 0.11594 0.20663
vt 0.11279 0.20422
vt 0.11208 0.27146
vt 0.10889 0.26959
vt 0.11124 0.20304
vt 0.12755 0.16778
vt 0.10733 0.26867
vt 0.10888 0.26958
vt 0.11278 0.20421
vt 0.12902 0.16909
vt 0.16708 0.15323
vt 0.16839 0.15460
vt 0.24168 0.15113
vt 0.24065 0.14974
vt 0.10976 0.37585
vt 0.10898 0.50000
vt 0.10577 0.50000
vt 0.10655 0.37483
vt 0.10976 0.62415
vt 0.10655 0.62517
vt 0.11208 0.72854
vt 0.10889 0.73041
vt 0.10498 0.62567
vt 0.10420 0.50000
vt 0.10733 0.73133
vt 0.10888 0.73042
vt 0.10654 0.62518
vt 0.10576 0.50000
vt 0.10498 0.37433
vt 0.10654 0.37482
vt 0.11594 0.79337
vt 0.13205 0.82820
vt 0.12903 0.83090
vt 0.11279 0.79578
vt 0.17110 0.84257
vt 0.16840 0.84539
vt 0.24379 0.84602
vt 0.24168 0.84887
vt 0.16708 0.84677
vt 0.12755 0.83222
vt 0.24065 0.85026
vt 0.24168 0.84887
vt 0.16839 0.84540
vt 0.12902 0.83091
vt 0.11124 0.79696
vt 0.11278 0.79579
vt 0.36081 0.84809
vt 0.50000 0.84878
vt 0.50000 0.85165
vt 0.35967 0.85095
vt 0.63919 0.84809
vt 0.64033 0.85095
vt 0.75621 0.84602
vt 0.75832 0.84887
vt 0.64089 0.85235
vt 0.50000 0.85305
vt 0.75935 0.85026
vt 0.75832 0.84887
vt 0.64034 0.85096
vt 0.50000 0.85165
vt 0.35911 0.85235
vt 0.35966 0.85096
vt 0.82890 0.84257
vt 0.86795 0.82820
vt 0.87097 0.83090
vt 0.83160 0.84539
vt 0.88406 0.79337
vt 0.88721 0.79578
vt 0.88792 0.72854
vt 0.89111 0.73041
vt 0.88876 0.79696
vt 0.87245 0.83222
vt 0.89267 0.73133
vt 0.89112 0.73042
vt 0.88722 0.79579
vt 0.87098 0.83091
vt 0.83292 0.84677
vt 0.83161 0.84540
vt 0.89024 0.62415
vt 0.89102 0.50000
vt 0.89423 0.50000
vt 0.89345 0.62517
vt 0.89024 0.37585
vt 0.89345 0.37483
vt 0.88792 0.27146
vt 0.89111 0.26959
vt 0.89502 0.37433
vt 0.89580 0.50000
vt 0.89267 0.26867
vt 0.89112 0.26958
vt 0.89346 0.37482
vt 0.89424 0.50000
vt 0.89502 0.62567
vt 0.89346 0.62518
vt 0.88406 0.20663
vt 0.86795 0.17180
vt 0.87097 0.16910
vt 0.88721 0.20422
vt 0.82890 0.15743
vt 0.83160 0.15461
vt 0.75621 0.15398
vt 0.75832 0.15113
vt 0.83292 0.15323
vt 0.87245 0.16778
vt 0.75935 0.14974
vt 0.75832 0.15113
vt 0.83161 0.15460
vt 0.87098 0.16909
vt 0.88876 0.20304
vt 0.88722 0.20421
vt 0.63919 0.15191
vt 0.50000 0.15122
vt 0.50000 0.14835
vt 0.64033 0.14905
vt 0.36081 0.15191
vt 0.35967 0.14905
vt 0.35911 0.14765
vt 0.50000 0.14695
vt 0.35966 0.14904
vt 0.50000 0.14835
vt 0.64089 0.14765
vt 0.64034 0.14904
vt 0.17360 0.16003
vt 0.13485 0.17429
vt 0.15269 0.19021
vt 0.19014 0.17452
vt 0.25849 0.16981
vt 0.24574 0.15661
vt 0.11886 0.20886
vt 0.13511 0.22361
vt 0.11503 0.27320
vt 0.12982 0.28458
vt 0.16712 0.25511
vt 0.19021 0.22367
vt 0.15732 0.30875
vt 0.19270 0.33860
vt 0.21666 0.31063
vt 0.25428 0.28082
vt 0.22545 0.20308
vt 0.28770 0.24727
vt 0.31905 0.22589
vt 0.28559 0.19434
vt 0.11272 0.37679
vt 0.11196 0.50000
vt 0.13020 0.50000
vt 0.12928 0.38294
vt 0.11272 0.62321
vt 0.12928 0.61706
vt 0.11503 0.72680
vt 0.12982 0.71542
vt 0.16197 0.60402
vt 0.16790 0.50000
vt 0.15732 0.69125
vt 0.19270 0.66140
vt 0.21323 0.59540
vt 0.23083 0.50000
vt 0.16197 0.39598
vt 0.21323 0.40460
vt 0.11886 0.79114
vt 0.13485 0.82571
vt 0.15269 0.80979
vt 0.13511 0.77639
vt 0.17360 0.83997
vt 0.19014 0.82548
vt 0.24574 0.84339
vt 0.25849 0.83019
vt 0.22545 0.79692
vt 0.19021 0.77633
vt 0.28559 0.80566
vt 0.31905 0.77411
vt 0.28770 0.75273
vt 0.25428 0.71918
vt 0.16712 0.74489
vt 0.21666 0.68937
vt 0.36187 0.84544
vt 0.50000 0.84613
vt 0.50000 0.82986
vt 0.36876 0.83068
vt 0.63813 0.84544
vt 0.63124 0.83068
vt 0.75426 0.84339
vt 0.74151 0.83019
vt 0.61662 0.80152
vt 0.50000 0.79623
vt 0.71441 0.80566
vt 0.68095 0.77411
vt 0.60695 0.75580
vt 0.50000 0.74010
vt 0.38338 0.80152
vt 0.39305 0.75580
vt 0.82640 0.83997
vt 0.86515 0.82571
vt 0.84731 0.80979
vt 0.80986 0.82548
vt 0.88114 0.79114
vt 0.86489 0.77639
vt 0.88497 0.72680
vt 0.87018 0.71542
vt 0.83288 0.74489
vt 0.80979 0.77633
vt 0.84268 0.69125
vt 0.80730 0.66140
vt 0.78334 0.68937
vt 0.74572 0.71918
vt 0.77455 0.79692
vt 0.71230 0.75273
vt 0.88728 0.62321
vt 0.88804 0.50000
vt 0.86980 0.50000
vt 0.87072 0.61706
vt 0.88728 0.37679
vt 0.87072 0.38294
vt 0.88497 0.27320
vt 0.87018 0.28458
vt 0.83803 0.39598
vt 0.83210 0.50000
vt 0.84268 0.30875
vt 0.80730 0.33860
vt 0.78677 0.40460
vt 0.76917 0.50000
vt 0.83803 0.60402
vt 0.78677 0.59540
vt 0.88114 0.20886
vt 0.86515 0.17429
vt 0.84731 0.19021
vt 0.86489 0.22361
vt 0.82640 0.16003
vt 0.80986 0.17452
vt 0.75426 0.15661
vt 0.74151 0.16981
vt 0.77455 0.20308
vt 0.80979 0.22367
vt 0.71441 0.19434
vt 0.68095 0.22589
vt 0.71230 0.24727
vt 0.74572 0.28082
vt 0.83288 0.25511
vt 0.78334 0.31063
vt 0.63813 0.15456
vt 0.50000 0.15387
vt 0.50000 0.17014
vt 0.63124 0.16932
vt 0.36187 0.15456
vt 0.36876 0.16932
vt 0.38338 0.19848
vt 0.50000 0.20377
vt 0.39305 0.24420
vt 0.50000 0.25990
vt 0.61662 0.19848
vt 0.60695 0.24420
vt 0.38507 0.30867
vt 0.35178 0.36779
vt 0.50000 0.50000
vt 0.50000 0.34367
vt 0.28550 0.39748
vt 0.32474 0.50000
vt 0.28550 0.60252
vt 0.35178 0.63221
vt 0.38507 0.69133
vt 0.50000 0.65633
vt 0.61493 0.69133
vt 0.64822 0.63221
vt 0.71450 0.60252
vt 0.67526 0.50000
vt 0.71450 0.39748
vt 0.64822 0.36779
vt 0.61493 0.30867

# No. faces 672:

usemtl material01

f 169/4/873 513/3/1253 172/2/876 1/1/673
f 170/6/874 560/5/1302 169/4/873 1/1/673
f 171/8/875 649/7/1395 170/6/874 1/1/673
f 172/2/876 557/9/1299 171/8/875 1/1/673
f 172/2/876 513/3/1253 175/11/879 2/10/674
f 173/12/877 557/9/1299 172/2/876 2/10/674
f 174/14/878 648/13/1394 173/12/877 2/10/674
f 175/11/879 558/15/1300 174/14/878 2/10/674
f 175/11/879 513/3/1253 178/17/882 3/16/675
f 176/18/880 558/15/1300 175/11/879 3/16/675
f 177/20/881 650/19/1396 176/18/880 3/16/675
f 178/17/882 559/21/1301 177/20/881 3/16/675
f 178/17/882 513/3/1253 169/4/873 4/22/676
f 179/23/883 559/21/1301 178/17/882 4/22/676
f 180/25/884 651/24/1397 179/23/883 4/22/676
f 169/4/873 560/5/1302 180/25/884 4/22/676
f 181/29/885 514/28/1254 184/27/888 5/26/677
f 182/31/886 563/30/1305 181/29/885 5/26/677
f 183/33/887 642/32/1388 182/31/886 5/26/677
f 184/27/888 554/34/1296 183/33/887 5/26/677
f 184/27/888 514/28/1254 187/36/891 6/35/678
f 185/37/889 554/34/1296 184/27/888 6/35/678
f 186/39/890 643/38/1389 185/37/889 6/35/678
f 187/36/891 561/40/1303 186/39/890 6/35/678
f 187/36/891 514/28/1254 190/42/894 7/41/679
f 188/43/892 561/40/1303 187/36/891 7/41/679
f 189/45/893 653/44/1399 188/43/892 7/41/679
f 190/42/894 562/46/1304 189/45/893 7/41/679
f 190/42/894 514/28/1254 181/29/885 8/47/680
f 191/48/895 562/46/1304 190/42/894 8/47/680
f 192/50/896 652/49/1398 191/48/895 8/47/680
f 181/29/885 563/30/1305 192/50/896 8/47/680
f 193/54/897 515/53/1255 196/52/900 9/51/681
f 194/56/898 566/55/1308 193/54/897 9/51/681
f 195/58/899 644/57/1390 194/56/898 9/51/681
f 196/52/900 556/59/1298 195/58/899 9/51/681
f 196/52/900 515/53/1255 199/61/903 10/60/682
f 197/62/901 556/59/1298 196/52/900 10/60/682
f 198/64/902 645/63/1391 197/62/901 10/60/682
f 199/61/903 564/65/1306 198/64/902 10/60/682
f 199/61/903 515/53/1255 202/67/906 11/66/683
f 200/68/904 564/65/1306 199/61/903 11/66/683
f 201/70/905 655/69/1401 200/68/904 11/66/683
f 202/67/906 565/71/1307 201/70/905 11/66/683
f 202/67/906 515/53/1255 193/54/897 12/72/684
f 203/73/907 565/71/1307 202/67/906 12/72/684
f 204/75/908 654/74/1400 203/73/907 12/72/684
f 193/54/897 566/55/1308 204/75/908 12/72/684
f 205/79/909 516/78/1256 208/77/912 13/76/685
f 206/81/910 569/80/1311 205/79/909 13/76/685
f 207/83/911 647/82/1393 206/81/910 13/76/685
f 208/77/912 555/84/1297 207/83/911 13/76/685
f 208/77/912 516/78/1256 211/86/915 14/85/686
f 209/87/913 555/84/1297 208/77/912 14/85/686
f 210/89/914 646/88/1392 209/87/913 14/85/686
f 211/86/915 567/90/1309 210/89/914 14/85/686
f 211/86/915 516/78/1256 214/92/918 15/91/687
f 212/93/916 567/90/1309 211/86/915 15/91/687
f 213/95/917 657/94/1403 212/93/916 15/91/687
f 214/92/918 568/96/1310 213/95/917 15/91/687
f 214/92/918 516/78/1256 205/79/909 16/97/688
f 215/98/919 568/96/1310 214/92/918 16/97/688
f 216/100/920 656/99/1402 215/98/919 16/97/688
f 205/79/909 569/80/1311 216/100/920 16/97/688
f 217/104/921 517/103/1257 219/102/923 17/101/689
f 218/106/922 572/105/1314 217/104/921 17/101/689
f 191/48/895 652/49/1398 218/106/922 17/101/689
f 219/102/923 562/46/1304 191/48/895 17/101/689
f 219/102/923 517/103/1257 221/108/925 18/107/690
f 189/45/893 562/46/1304 219/102/923 18/107/690
f 220/109/924 653/44/1399 189/45/893 18/107/690
f 221/108/925 570/110/1312 220/109/924 18/107/690
f 221/108/925 517/103/1257 224/112/929 19/111/691
f 222/113/926 570/110/1312 221/108/925 19/111/691
f 223/115/928 659/114/1405 222/113/927 19/111/692
f 224/112/930 571/116/1313 223/115/928 19/111/692
f 224/112/929 517/103/1257 217/104/921 20/117/693
f 225/118/931 571/116/1313 224/112/930 20/117/694
f 226/120/932 658/119/1404 225/118/931 20/117/694
f 217/104/921 572/105/1314 226/120/933 20/117/693
f 227/124/934 518/123/1258 229/122/936 21/121/695
f 228/126/935 575/125/1317 227/124/934 21/121/695
f 203/73/907 654/74/1400 228/126/935 21/121/695
f 229/122/936 565/71/1307 203/73/907 21/121/695
f 229/122/936 518/123/1258 231/128/938 22/127/696
f 201/70/905 565/71/1307 229/122/936 22/127/696
f 230/129/937 655/69/1401 201/70/905 22/127/696
f 231/128/938 573/130/1315 230/129/937 22/127/696
f 231/128/938 518/123/1258 234/132/942 23/131/697
f 232/133/939 573/130/1315 231/128/938 23/131/697
f 233/135/941 661/134/1407 232/133/940 23/131/698
f 234/132/943 574/136/1316 233/135/941 23/131/698
f 234/132/942 518/123/1258 227/124/934 24/137/699
f 235/138/944 574/136/1316 234/132/943 24/137/700
f 236/140/945 660/139/1406 235/138/944 24/137/700
f 227/124/934 575/125/1317 236/140/946 24/137/699
f 237/144/947 519/143/1259 239/142/949 25/141/701
f 238/146/948 578/145/1320 237/144/947 25/141/701
f 215/98/919 656/99/1402 238/146/948 25/141/701
f 239/142/949 568/96/1310 215/98/919 25/141/701
f 239/142/949 519/143/1259 241/148/951 26/147/702
f 213/95/917 568/96/1310 239/142/949 26/147/702
f 240/149/950 657/94/1403 213/95/917 26/147/702
f 241/148/951 576/150/1318 240/149/950 26/147/702
f 241/148/951 519/143/1259 244/152/955 27/151/703
f 242/153/952 576/150/1318 241/148/951 27/151/703
f 243/155/954 663/154/1409 242/153/953 27/151/704
f 244/152/956 577/156/1319 243/155/954 27/151/704
f 244/152/955 519/143/1259 237/144/947 28/157/705
f 245/158/957 577/156/1319 244/152/956 28/157/706
f 246/160/958 662/159/1408 245/158/957 28/157/706
f 237/144/947 578/145/1320 246/160/959 28/157/705
f 247/164/960 520/163/1260 249/162/962 29/161/707
f 248/166/961 581/165/1323 247/164/960 29/161/707
f 179/23/883 651/24/1397 248/166/961 29/161/707
f 249/162/962 559/21/1301 179/23/883 29/161/707
f 249/162/962 520/163/1260 251/168/964 30/167/708
f 177/20/881 559/21/1301 249/162/962 30/167/708
f 250/169/963 650/19/1396 177/20/881 30/167/708
f 251/168/964 579/170/1321 250/169/963 30/167/708
f 251/168/964 520/163/1260 254/172/968 31/171/709
f 252/173/965 579/170/1321 251/168/964 31/171/709
f 253/175/967 664/174/1410 252/173/966 31/171/710
f 254/172/969 580/176/1322 253/175/967 31/171/710
f 254/172/968 520/163/1260 247/164/960 32/177/711
f 255/178/970 580/176/1322 254/172/969 32/177/712
f 256/180/971 665/179/1411 255/178/970 32/177/712
f 247/164/960 581/165/1323 256/180/972 32/177/711
f 257/184/973 521/183/1261 259/182/975 33/181/713
f 174/14/878 558/15/1300 257/184/973 33/181/713
f 258/185/974 648/13/1394 174/14/878 33/181/713
f 259/182/975 587/186/1329 258/185/974 33/181/713
f 259/182/975 521/183/1261 261/188/977 34/187/714
f 260/189/976 587/186/1329 259/182/975 34/187/714
f 182/31/886 642/32/1388 260/189/976 34/187/714
f 261/188/977 563/30/1305 182/31/886 34/187/714
f 261/188/977 521/183/1261 263/191/979 35/190/715
f 192/50/896 563/30/1305 261/188/977 35/190/715
f 262/192/978 652/49/1398 192/50/896 35/190/715
f 263/191/979 590/193/1332 262/192/978 35/190/715
f 263/191/979 521/183/1261 257/184/973 36/194/716
f 264/195/980 590/193/1332 263/191/979 36/194/716
f 176/18/880 650/19/1396 264/195/980 36/194/716
f 257/184/973 558/15/1300 176/18/880 36/194/716
f 265/199/981 522/198/1262 267/197/983 37/196/717
f 266/201/982 588/200/1330 265/199/981 37/196/717
f 170/6/874 649/7/1395 266/201/982 37/196/717
f 267/197/983 560/5/1302 170/6/874 37/196/717
f 267/197/983 522/198/1262 269/203/985 38/202/718
f 180/25/884 560/5/1302 267/197/983 38/202/718
f 268/204/984 651/24/1397 180/25/884 38/202/718
f 269/203/985 591/205/1333 268/204/984 38/202/718
f 269/203/985 522/198/1262 271/207/987 39/206/719
f 270/208/986 591/205/1333 269/203/985 39/206/719
f 212/93/916 657/94/1403 270/208/986 39/206/719
f 271/207/987 567/90/1309 212/93/916 39/206/719
f 271/207/987 522/198/1262 265/199/981 40/209/720
f 210/89/914 567/90/1309 271/207/987 40/209/720
f 272/210/988 646/88/1392 210/89/914 40/209/720
f 265/199/981 588/200/1330 272/210/988 40/209/720
f 273/214/989 523/213/1263 275/212/991 41/211/721
f 186/39/890 561/40/1303 273/214/989 41/211/721
f 274/215/990 643/38/1389 186/39/890 41/211/721
f 275/212/991 586/216/1328 274/215/990 41/211/721
f 275/212/991 523/213/1263 277/218/993 42/217/722
f 276/219/992 586/216/1328 275/212/991 42/217/722
f 194/56/898 644/57/1390 276/219/992 42/217/722
f 277/218/993 566/55/1308 194/56/898 42/217/722
f 277/218/993 523/213/1263 279/221/995 43/220/723
f 204/75/908 566/55/1308 277/218/993 43/220/723
f 278/222/994 654/74/1400 204/75/908 43/220/723
f 279/221/995 592/223/1334 278/222/994 43/220/723
f 279/221/995 523/213/1263 273/214/989 44/224/724
f 280/225/996 592/223/1334 279/221/995 44/224/724
f 188/43/892 653/44/1399 280/225/996 44/224/724
f 273/214/989 561/40/1303 188/43/892 44/224/724
f 281/229/997 524/228/1264 283/227/999 45/226/725
f 198/64/902 564/65/1306 281/229/997 45/226/725
f 282/230/998 645/63/1391 198/64/902 45/226/725
f 283/227/999 589/231/1331 282/230/998 45/226/725
f 283/227/999 524/228/1264 285/233/1001 46/232/726
f 284/234/1000 589/231/1331 283/227/999 46/232/726
f 206/81/910 647/82/1393 284/234/1000 46/232/726
f 285/233/1001 569/80/1311 206/81/910 46/232/726
f 285/233/1001 524/228/1264 287/236/1003 47/235/727
f 216/100/920 569/80/1311 285/233/1001 47/235/727
f 286/237/1002 656/99/1402 216/100/920 47/235/727
f 287/236/1003 593/238/1335 286/237/1002 47/235/727
f 287/236/1003 524/228/1264 281/229/997 48/239/728
f 288/240/1004 593/238/1335 287/236/1003 48/239/728
f 200/68/904 655/69/1401 288/240/1004 48/239/728
f 281/229/997 564/65/1306 200/68/904 48/239/728
f 289/244/1005 525/243/1265 290/242/1006 49/241/729
f 220/109/924 570/110/1312 289/244/1005 49/241/729
f 280/225/996 653/44/1399 220/109/924 49/241/729
f 290/242/1006 592/223/1334 280/225/996 49/241/729
f 290/242/1006 525/243/1265 291/246/1007 50/245/730
f 278/222/994 592/223/1334 290/242/1006 50/245/730
f 228/126/935 654/74/1400 278/222/994 50/245/730
f 291/246/1007 575/125/1317 228/126/935 50/245/730
f 291/246/1007 525/243/1265 293/248/1009 51/247/731
f 236/140/946 575/125/1317 291/246/1007 51/247/731
f 292/249/1008 660/139/1406 236/140/945 51/247/732
f 293/248/1010 583/250/1325 292/249/1008 51/247/732
f 293/248/1009 525/243/1265 289/244/1005 52/251/733
f 294/252/1011 583/250/1325 293/248/1010 52/251/734
f 222/113/927 659/114/1405 294/252/1011 52/251/734
f 289/244/1005 570/110/1312 222/113/926 52/251/733
f 295/256/1012 526/255/1266 296/254/1013 53/253/735
f 262/192/978 590/193/1332 295/256/1012 53/253/735
f 218/106/922 652/49/1398 262/192/978 53/253/735
f 296/254/1013 572/105/1314 218/106/922 53/253/735
f 296/254/1013 526/255/1266 298/258/1015 54/257/736
f 226/120/933 572/105/1314 296/254/1013 54/257/736
f 297/259/1014 658/119/1404 226/120/932 54/257/737
f 298/258/1016 582/260/1324 297/259/1014 54/257/737
f 298/258/1015 526/255/1266 300/262/1018 55/261/738
f 299/263/1017 582/260/1324 298/258/1016 55/261/739
f 252/173/966 664/174/1410 299/263/1017 55/261/739
f 300/262/1018 579/170/1321 252/173/965 55/261/738
f 300/262/1018 526/255/1266 295/256/1012 56/264/740
f 250/169/963 579/170/1321 300/262/1018 56/264/740
f 264/195/980 650/19/1396 250/169/963 56/264/740
f 295/256/1012 590/193/1332 264/195/980 56/264/740
f 301/268/1019 527/267/1267 302/266/1020 57/265/741
f 230/129/937 573/130/1315 301/268/1019 57/265/741
f 288/240/1004 655/69/1401 230/129/937 57/265/741
f 302/266/1020 593/238/1335 288/240/1004 57/265/741
f 302/266/1020 527/267/1267 303/270/1021 58/269/742
f 286/237/1002 593/238/1335 302/266/1020 58/269/742
f 238/146/948 656/99/1402 286/237/1002 58/269/742
f 303/270/1021 578/145/1320 238/146/948 58/269/742
f 303/270/1021 527/267/1267 305/272/1023 59/271/743
f 246/160/959 578/145/1320 303/270/1021 59/271/743
f 304/273/1022 662/159/1408 246/160/958 59/271/744
f 305/272/1024 584/274/1326 304/273/1022 59/271/744
f 305/272/1023 527/267/1267 301/268/1019 60/275/745
f 306/276/1025 584/274/1326 305/272/1024 60/275/746
f 232/133/940 661/134/1407 306/276/1025 60/275/746
f 301/268/1019 573/130/1315 232/133/939 60/275/745
f 307/280/1026 528/279/1268 308/278/1027 61/277/747
f 240/149/950 576/150/1318 307/280/1026 61/277/747
f 270/208/986 657/94/1403 240/149/950 61/277/747
f 308/278/1027 591/205/1333 270/208/986 61/277/747
f 308/278/1027 528/279/1268 309/282/1028 62/281/748
f 268/204/984 591/205/1333 308/278/1027 62/281/748
f 248/166/961 651/24/1397 268/204/984 62/281/748
f 309/282/1028 581/165/1323 248/166/961 62/281/748
f 309/282/1028 528/279/1268 311/284/1030 63/283/749
f 256/180/972 581/165/1323 309/282/1028 63/283/749
f 310/285/1029 665/179/1411 256/180/971 63/283/750
f 311/284/1031 585/286/1327 310/285/1029 63/283/750
f 311/284/1030 528/279/1268 307/280/1026 64/287/751
f 312/288/1032 585/286/1327 311/284/1031 64/287/752
f 242/153/953 663/154/1409 312/288/1032 64/287/752
f 307/280/1026 576/150/1318 242/153/952 64/287/751
f 313/292/1033 529/291/1269 316/290/1036 65/289/753
f 314/294/1034 596/293/1338 313/292/1033 65/289/753
f 315/296/1035 666/295/1412 314/294/1034 65/289/753
f 316/290/1036 594/297/1336 315/296/1035 65/289/753
f 316/290/1036 529/291/1269 318/299/1038 66/298/754
f 317/300/1037 594/297/1336 316/290/1036 66/298/754
f 185/37/889 643/38/1389 317/300/1037 66/298/754
f 318/299/1038 554/34/1296 185/37/889 66/298/754
f 318/299/1038 529/291/1269 320/302/1040 67/301/755
f 183/33/887 554/34/1296 318/299/1038 67/301/755
f 319/303/1039 642/32/1388 183/33/887 67/301/755
f 320/302/1040 595/304/1337 319/303/1039 67/301/755
f 320/302/1040 529/291/1269 313/292/1033 68/305/756
f 321/306/1041 595/304/1337 320/302/1040 68/305/756
f 322/308/1042 667/307/1413 321/306/1041 68/305/756
f 313/292/1033 596/293/1338 322/308/1042 68/305/756
f 323/312/1043 530/311/1270 326/310/1046 69/309/757
f 324/314/1044 599/313/1341 323/312/1043 69/309/757
f 325/316/1045 668/315/1414 324/314/1044 69/309/757
f 326/310/1046 597/317/1339 325/316/1045 69/309/757
f 326/310/1046 530/311/1270 328/319/1048 70/318/758
f 327/320/1047 597/317/1339 326/310/1046 70/318/758
f 209/87/913 646/88/1392 327/320/1047 70/318/758
f 328/319/1048 555/84/1297 209/87/913 70/318/758
f 328/319/1048 530/311/1270 330/322/1050 71/321/759
f 207/83/911 555/84/1297 328/319/1048 71/321/759
f 329/323/1049 647/82/1393 207/83/911 71/321/759
f 330/322/1050 598/324/1340 329/323/1049 71/321/759
f 330/322/1050 530/311/1270 323/312/1043 72/325/760
f 331/326/1051 598/324/1340 330/322/1050 72/325/760
f 332/328/1052 669/327/1415 331/326/1051 72/325/760
f 323/312/1043 599/313/1341 332/328/1052 72/325/760
f 333/332/1053 531/331/1271 336/330/1056 73/329/761
f 334/334/1054 602/333/1344 333/332/1053 73/329/761
f 335/336/1055 670/335/1416 334/334/1054 73/329/761
f 336/330/1056 600/337/1342 335/336/1055 73/329/761
f 336/330/1056 531/331/1271 338/339/1058 74/338/762
f 337/340/1057 600/337/1342 336/330/1056 74/338/762
f 197/62/901 645/63/1391 337/340/1057 74/338/762
f 338/339/1058 556/59/1298 197/62/901 74/338/762
f 338/339/1058 531/331/1271 340/342/1060 75/341/763
f 195/58/899 556/59/1298 338/339/1058 75/341/763
f 339/343/1059 644/57/1390 195/58/899 75/341/763
f 340/342/1060 601/344/1343 339/343/1059 75/341/763
f 340/342/1060 531/331/1271 333/332/1053 76/345/764
f 341/346/1061 601/344/1343 340/342/1060 76/345/764
f 342/348/1062 671/347/1417 341/346/1061 76/345/764
f 333/332/1053 602/333/1344 342/348/1062 76/345/764
f 343/352/1063 532/351/1272 346/350/1066 77/349/765
f 344/354/1064 605/353/1347 343/352/1063 77/349/765
f 345/356/1065 672/355/1418 344/354/1064 77/349/765
f 346/350/1066 603/357/1345 345/356/1065 77/349/765
f 346/350/1066 532/351/1272 348/359/1068 78/358/766
f 347/360/1067 603/357/1345 346/350/1066 78/358/766
f 173/12/877 648/13/1394 347/360/1067 78/358/766
f 348/359/1068 557/9/1299 173/12/877 78/358/766
f 348/359/1068 532/351/1272 350/362/1070 79/361/767
f 171/8/875 557/9/1299 348/359/1068 79/361/767
f 349/363/1069 649/7/1395 171/8/875 79/361/767
f 350/362/1070 604/364/1346 349/363/1069 79/361/767
f 350/362/1070 532/351/1272 343/352/1063 80/365/768
f 351/366/1071 604/364/1346 350/362/1070 80/365/768
f 352/368/1072 673/367/1419 351/366/1071 80/365/768
f 343/352/1063 605/353/1347 352/368/1072 80/365/768
f 353/372/1073 533/371/1273 355/370/1075 81/369/769
f 354/374/1074 606/373/1348 353/372/1073 81/369/769
f 341/346/1061 671/347/1417 354/374/1074 81/369/769
f 355/370/1075 601/344/1343 341/346/1061 81/369/769
f 355/370/1075 533/371/1273 356/376/1076 82/375/770
f 339/343/1059 601/344/1343 355/370/1075 82/375/770
f 276/219/992 644/57/1390 339/343/1059 82/375/770
f 356/376/1076 586/216/1328 276/219/992 82/375/770
f 356/376/1076 533/371/1273 357/378/1077 83/377/771
f 274/215/990 586/216/1328 356/376/1076 83/377/771
f 317/300/1037 643/38/1389 274/215/990 83/377/771
f 357/378/1077 594/297/1336 317/300/1037 83/377/771
f 357/378/1077 533/371/1273 353/372/1073 84/379/772
f 315/296/1035 594/297/1336 357/378/1077 84/379/772
f 358/380/1078 666/295/1412 315/296/1035 84/379/772
f 353/372/1073 606/373/1348 358/380/1078 84/379/772
f 359/384/1079 534/383/1274 361/382/1081 85/381/773
f 360/386/1080 607/385/1349 359/384/1079 85/381/773
f 321/306/1041 667/307/1413 360/386/1080 85/381/773
f 361/382/1081 595/304/1337 321/306/1041 85/381/773
f 361/382/1081 534/383/1274 362/388/1082 86/387/774
f 319/303/1039 595/304/1337 361/382/1081 86/387/774
f 260/189/976 642/32/1388 319/303/1039 86/387/774
f 362/388/1082 587/186/1329 260/189/976 86/387/774
f 362/388/1082 534/383/1274 363/390/1083 87/389/775
f 258/185/974 587/186/1329 362/388/1082 87/389/775
f 347/360/1067 648/13/1394 258/185/974 87/389/775
f 363/390/1083 603/357/1345 347/360/1067 87/389/775
f 363/390/1083 534/383/1274 359/384/1079 88/391/776
f 345/356/1065 603/357/1345 363/390/1083 88/391/776
f 364/392/1084 672/355/1418 345/356/1065 88/391/776
f 359/384/1079 607/385/1349 364/392/1084 88/391/776
f 365/396/1085 535/395/1275 367/394/1087 89/393/777
f 366/398/1086 608/397/1350 365/396/1085 89/393/777
f 351/366/1071 673/367/1419 366/398/1086 89/393/777
f 367/394/1087 604/364/1346 351/366/1071 89/393/777
f 367/394/1087 535/395/1275 368/400/1088 90/399/778
f 349/363/1069 604/364/1346 367/394/1087 90/399/778
f 266/201/982 649/7/1395 349/363/1069 90/399/778
f 368/400/1088 588/200/1330 266/201/982 90/399/778
f 368/400/1088 535/395/1275 369/402/1089 91/401/779
f 272/210/988 588/200/1330 368/400/1088 91/401/779
f 327/320/1047 646/88/1392 272/210/988 91/401/779
f 369/402/1089 597/317/1339 327/320/1047 91/401/779
f 369/402/1089 535/395/1275 365/396/1085 92/403/780
f 325/316/1045 597/317/1339 369/402/1089 92/403/780
f 370/404/1090 668/315/1414 325/316/1045 92/403/780
f 365/396/1085 608/397/1350 370/404/1090 92/403/780
f 371/408/1091 536/407/1276 373/406/1093 93/405/781
f 372/410/1092 609/409/1351 371/408/1091 93/405/781
f 331/326/1051 669/327/1415 372/410/1092 93/405/781
f 373/406/1093 598/324/1340 331/326/1051 93/405/781
f 373/406/1093 536/407/1276 374/412/1094 94/411/782
f 329/323/1049 598/324/1340 373/406/1093 94/411/782
f 284/234/1000 647/82/1393 329/323/1049 94/411/782
f 374/412/1094 589/231/1331 284/234/1000 94/411/782
f 374/412/1094 536/407/1276 375/414/1095 95/413/783
f 282/230/998 589/231/1331 374/412/1094 95/413/783
f 337/340/1057 645/63/1391 282/230/998 95/413/783
f 375/414/1095 600/337/1342 337/340/1057 95/413/783
f 375/414/1095 536/407/1276 371/408/1091 96/415/784
f 335/336/1055 600/337/1342 375/414/1095 96/415/784
f 376/416/1096 670/335/1416 335/336/1055 96/415/784
f 371/408/1091 609/409/1351 376/416/1096 96/415/784

usemtl material02

f 377/420/1097 537/419/1277 379/418/1099 97/417/785
f 378/422/1098 612/421/1354 377/420/1097 97/417/785
f 299/263/1017 664/174/1410 378/422/1098 97/417/785
f 379/418/1099 582/260/1324 299/263/1017 97/417/785
f 379/418/1099 537/419/1277 381/424/1101 98/423/786
f 297/259/1014 582/260/1324 379/418/1099 98/423/786
f 380/425/1100 658/119/1404 297/259/1014 98/423/786
f 381/424/1101 610/426/1352 380/425/1100 98/423/786
f 381/424/1101 537/419/1277 384/428/1105 99/427/787
f 382/429/1102 610/426/1352 381/424/1101 99/427/787
f 383/431/1104 674/430/1420 382/429/1103 99/427/788
f 384/428/1106 611/432/1353 383/431/1104 99/427/788
f 384/428/1105 537/419/1277 377/420/1097 100/433/789
f 385/434/1107 611/432/1353 384/428/1106 100/433/790
f 386/436/1108 680/435/1426 385/434/1107 100/433/790
f 377/420/1097 612/421/1355 386/436/1109 100/433/789
f 387/440/1110 538/439/1278 388/438/1111 101/437/791
f 380/425/1100 610/426/1352 387/440/1110 101/437/791
f 225/118/931 658/119/1404 380/425/1100 101/437/791
f 388/438/1111 571/116/1313 225/118/931 101/437/791
f 388/438/1111 538/439/1278 390/442/1113 102/441/792
f 223/115/928 571/116/1313 388/438/1111 102/441/792
f 389/443/1112 659/114/1405 223/115/928 102/441/792
f 390/442/1113 613/444/1356 389/443/1112 102/441/792
f 390/442/1113 538/439/1278 393/446/1117 103/445/793
f 391/447/1114 613/444/1356 390/442/1113 103/445/793
f 392/449/1116 675/448/1421 391/447/1115 103/445/794
f 393/446/1118 614/450/1357 392/449/1116 103/445/794
f 393/446/1117 538/439/1278 387/440/1110 104/451/795
f 394/452/1119 614/450/1357 393/446/1118 104/451/796
f 382/429/1103 674/430/1420 394/452/1119 104/451/796
f 387/440/1110 610/426/1352 382/429/1102 104/451/795
f 395/456/1120 539/455/1279 396/454/1121 105/453/797
f 389/443/1112 613/444/1356 395/456/1120 105/453/797
f 294/252/1011 659/114/1405 389/443/1112 105/453/797
f 396/454/1121 583/250/1325 294/252/1011 105/453/797
f 396/454/1121 539/455/1279 398/458/1123 106/457/798
f 292/249/1008 583/250/1325 396/454/1121 106/457/798
f 397/459/1122 660/139/1406 292/249/1008 106/457/798
f 398/458/1123 615/460/1358 397/459/1122 106/457/798
f 398/458/1123 539/455/1279 401/462/1127 107/461/799
f 399/463/1124 615/460/1359 398/458/1123 107/461/799
f 400/465/1126 676/464/1422 399/463/1125 107/461/800
f 401/462/1128 616/466/1360 400/465/1126 107/461/800
f 401/462/1127 539/455/1279 395/456/1120 108/467/801
f 402/468/1129 616/466/1360 401/462/1128 108/467/802
f 391/447/1115 675/448/1421 402/468/1129 108/467/802
f 395/456/1120 613/444/1356 391/447/1114 108/467/801
f 403/472/1130 540/471/1280 404/470/1132 109/469/803
f 397/459/1122 615/460/1358 403/472/1130 109/469/803
f 235/138/944 660/139/1406 397/459/1122 109/469/803
f 404/470/1132 574/136/1316 235/138/944 109/469/803
f 404/470/1132 540/471/1280 406/474/1134 110/473/804
f 233/135/941 574/136/1316 404/470/1132 110/473/804
f 405/475/1133 661/134/1407 233/135/941 110/473/804
f 406/474/1134 617/476/1361 405/475/1133 110/473/804
f 406/474/1135 540/471/1281 409/478/1139 111/477/805
f 407/479/1136 617/476/1362 406/474/1135 111/477/805
f 408/481/1138 677/480/1423 407/479/1137 111/477/806
f 409/478/1140 618/482/1363 408/481/1138 111/477/806
f 409/478/1139 540/471/1281 403/472/1131 112/483/807
f 410/484/1141 618/482/1363 409/478/1140 112/483/808
f 399/463/1125 676/464/1422 410/484/1141 112/483/808
f 403/472/1131 615/460/1359 399/463/1124 112/483/807
f 411/488/1142 541/487/1282 412/486/1143 113/485/809
f 405/475/1133 617/476/1361 411/488/1142 113/485/809
f 306/276/1025 661/134/1407 405/475/1133 113/485/809
f 412/486/1143 584/274/1326 306/276/1025 113/485/809
f 412/486/1143 541/487/1282 414/490/1145 114/489/810
f 304/273/1022 584/274/1326 412/486/1143 114/489/810
f 413/491/1144 662/159/1408 304/273/1022 114/489/810
f 414/490/1145 619/492/1364 413/491/1144 114/489/810
f 414/490/1145 541/487/1282 417/494/1149 115/493/811
f 415/495/1146 619/492/1364 414/490/1145 115/493/811
f 416/497/1148 678/496/1424 415/495/1147 115/493/812
f 417/494/1150 620/498/1365 416/497/1148 115/493/812
f 417/494/1149 541/487/1282 411/488/1142 116/499/813
f 418/500/1151 620/498/1365 417/494/1150 116/499/814
f 407/479/1137 677/480/1423 418/500/1151 116/499/814
f 411/488/1142 617/476/1362 407/479/1136 116/499/813
f 419/504/1152 542/503/1283 420/502/1153 117/501/815
f 413/491/1144 619/492/1364 419/504/1152 117/501/815
f 245/158/957 662/159/1408 413/491/1144 117/501/815
f 420/502/1153 577/156/1319 245/158/957 117/501/815
f 420/502/1153 542/503/1283 422/506/1155 118/505/816
f 243/155/954 577/156/1319 420/502/1153 118/505/816
f 421/507/1154 663/154/1409 243/155/954 118/505/816
f 422/506/1155 621/508/1366 421/507/1154 118/505/816
f 422/506/1155 542/503/1283 425/510/1159 119/509/817
f 423/511/1156 621/508/1366 422/506/1155 119/509/817
f 424/513/1158 679/512/1425 423/511/1157 119/509/818
f 425/510/1160 622/514/1367 424/513/1158 119/509/818
f 425/510/1159 542/503/1283 419/504/1152 120/515/819
f 426/516/1161 622/514/1367 425/510/1160 120/515/820
f 415/495/1147 678/496/1424 426/516/1161 120/515/820
f 419/504/1152 619/492/1364 415/495/1146 120/515/819
f 427/520/1162 543/519/1284 428/518/1163 121/517/821
f 421/507/1154 621/508/1366 427/520/1162 121/517/821
f 312/288/1032 663/154/1409 421/507/1154 121/517/821
f 428/518/1163 585/286/1327 312/288/1032 121/517/821
f 428/518/1163 543/519/1284 430/522/1165 122/521/822
f 310/285/1029 585/286/1327 428/518/1163 122/521/822
f 429/523/1164 665/179/1411 310/285/1029 122/521/822
f 430/522/1165 623/524/1368 429/523/1164 122/521/822
f 430/522/1165 543/519/1284 433/526/1169 123/525/823
f 431/527/1166 623/524/1369 430/522/1165 123/525/823
f 432/529/1168 681/528/1427 431/527/1167 123/525/824
f 433/526/1170 624/530/1370 432/529/1168 123/525/824
f 433/526/1169 543/519/1284 427/520/1162 124/531/825
f 434/532/1171 624/530/1370 433/526/1170 124/531/826
f 423/511/1157 679/512/1425 434/532/1171 124/531/826
f 427/520/1162 621/508/1366 423/511/1156 124/531/825
f 435/536/1172 544/535/1285 436/534/1174 125/533/827
f 429/523/1164 623/524/1368 435/536/1172 125/533/827
f 255/178/970 665/179/1411 429/523/1164 125/533/827
f 436/534/1174 580/176/1322 255/178/970 125/533/827
f 436/534/1174 544/535/1285 437/538/1175 126/537/828
f 253/175/967 580/176/1322 436/534/1174 126/537/828
f 378/422/1098 664/174/1410 253/175/967 126/537/828
f 437/538/1175 612/421/1354 378/422/1098 126/537/828
f 437/538/1176 544/535/1286 439/540/1178 127/539/829
f 386/436/1109 612/421/1355 437/538/1176 127/539/829
f 438/541/1177 680/435/1426 386/436/1108 127/539/830
f 439/540/1179 625/542/1371 438/541/1177 127/539/830
f 439/540/1178 544/535/1286 435/536/1173 128/543/831
f 440/544/1180 625/542/1371 439/540/1179 128/543/832
f 431/527/1167 681/528/1427 440/544/1180 128/543/832
f 435/536/1173 623/524/1369 431/527/1166 128/543/831
f 441/548/1181 545/547/1287 443/546/1183 129/545/833
f 442/550/1182 628/549/1374 441/548/1181 129/545/833
f 385/434/1107 680/435/1426 442/550/1182 129/545/833
f 443/546/1183 611/432/1353 385/434/1107 129/545/833
f 443/546/1183 545/547/1287 445/552/1185 130/551/834
f 383/431/1104 611/432/1353 443/546/1183 130/551/834
f 444/553/1184 674/430/1420 383/431/1104 130/551/834
f 445/552/1185 626/554/1372 444/553/1184 130/551/834
f 445/552/1185 545/547/1287 448/556/1188 131/555/835
f 446/557/1186 626/554/1372 445/552/1185 131/555/835
f 447/559/1187 682/558/1428 446/557/1186 131/555/835
f 448/556/1188 627/560/1373 447/559/1187 131/555/835
f 448/556/1188 545/547/1287 441/548/1181 132/561/836
f 449/562/1189 627/560/1373 448/556/1188 132/561/836
f 450/564/1190 688/563/1434 449/562/1189 132/561/836
f 441/548/1181 628/549/1374 450/564/1190 132/561/836
f 451/568/1191 546/567/1288 452/566/1192 133/565/837
f 444/553/1184 626/554/1372 451/568/1191 133/565/837
f 394/452/1119 674/430/1420 444/553/1184 133/565/837
f 452/566/1192 614/450/1357 394/452/1119 133/565/837
f 452/566/1192 546/567/1288 454/570/1194 134/569/838
f 392/449/1116 614/450/1357 452/566/1192 134/569/838
f 453/571/1193 675/448/1421 392/449/1116 134/569/838
f 454/570/1194 629/572/1375 453/571/1193 134/569/838
f 454/570/1194 546/567/1288 457/574/1197 135/573/839
f 455/575/1195 629/572/1375 454/570/1194 135/573/839
f 456/577/1196 683/576/1429 455/575/1195 135/573/839
f 457/574/1197 630/578/1376 456/577/1196 135/573/839
f 457/574/1197 546/567/1288 451/568/1191 136/579/840
f 458/580/1198 630/578/1376 457/574/1197 136/579/840
f 446/557/1186 682/558/1428 458/580/1198 136/579/840
f 451/568/1191 626/554/1372 446/557/1186 136/579/840
f 459/584/1199 547/583/1289 460/582/1200 137/581/841
f 453/571/1193 629/572/1375 459/584/1199 137/581/841
f 402/468/1129 675/448/1421 453/571/1193 137/581/841
f 460/582/1200 616/466/1360 402/468/1129 137/581/841
f 460/582/1200 547/583/1289 462/586/1202 138/585/842
f 400/465/1126 616/466/1360 460/582/1200 138/585/842
f 461/587/1201 676/464/1422 400/465/1126 138/585/842
f 462/586/1202 631/588/1377 461/587/1201 138/585/842
f 462/586/1202 547/583/1289 465/590/1205 139/589/843
f 463/591/1203 631/588/1377 462/586/1202 139/589/843
f 464/593/1204 684/592/1430 463/591/1203 139/589/843
f 465/590/1205 632/594/1378 464/593/1204 139/589/843
f 465/590/1205 547/583/1289 459/584/1199 140/595/844
f 466/596/1206 632/594/1378 465/590/1205 140/595/844
f 455/575/1195 683/576/1429 466/596/1206 140/595/844
f 459/584/1199 629/572/1375 455/575/1195 140/595/844
f 467/600/1207 548/599/1290 468/598/1208 141/597/845
f 461/587/1201 631/588/1377 467/600/1207 141/597/845
f 410/484/1141 676/464/1422 461/587/1201 141/597/845
f 468/598/1208 618/482/1363 410/484/1141 141/597/845
f 468/598/1208 548/599/1290 470/602/1210 142/601/846
f 408/481/1138 618/482/1363 468/598/1208 142/601/846
f 469/603/1209 677/480/1423 408/481/1138 142/601/846
f 470/602/1210 633/604/1379 469/603/1209 142/601/846
f 470/602/1210 548/599/1290 473/606/1213 143/605/847
f 471/607/1211 633/604/1379 470/602/1210 143/605/847
f 472/609/1212 685/608/1431 471/607/1211 143/605/847
f 473/606/1213 634/610/1380 472/609/1212 143/605/847
f 473/606/1213 548/599/1290 467/600/1207 144/611/848
f 474/612/1214 634/610/1380 473/606/1213 144/611/848
f 463/591/1203 684/592/1430 474/612/1214 144/611/848
f 467/600/1207 631/588/1377 463/591/1203 144/611/848
f 475/616/1215 549/615/1291 476/614/1216 145/613/849
f 469/603/1209 633/604/1379 475/616/1215 145/613/849
f 418/500/1151 677/480/1423 469/603/1209 145/613/849
f 476/614/1216 620/498/1365 418/500/1151 145/613/849
f 476/614/1216 549/615/1291 478/618/1218 146/617/850
f 416/497/1148 620/498/1365 476/614/1216 146/617/850
f 477/619/1217 678/496/1424 416/497/1148 146/617/850
f 478/618/1218 635/620/1381 477/619/1217 146/617/850
f 478/618/1218 549/615/1291 481/622/1221 147/621/851
f 479/623/1219 635/620/1381 478/618/1218 147/621/851
f 480/625/1220 686/624/1432 479/623/1219 147/621/851
f 481/622/1221 636/626/1382 480/625/1220 147/621/851
f 481/622/1221 549/615/1291 475/616/1215 148/627/852
f 482/628/1222 636/626/1382 481/622/1221 148/627/852
f 471/607/1211 685/608/1431 482/628/1222 148/627/852
f 475/616/1215 633/604/1379 471/607/1211 148/627/852
f 483/632/1223 550/631/1292 484/630/1224 149/629/853
f 477/619/1217 635/620/1381 483/632/1223 149/629/853
f 426/516/1161 678/496/1424 477/619/1217 149/629/853
f 484/630/1224 622/514/1367 426/516/1161 149/629/853
f 484/630/1224 550/631/1292 486/634/1226 150/633/854
f 424/513/1158 622/514/1367 484/630/1224 150/633/854
f 485/635/1225 679/512/1425 424/513/1158 150/633/854
f 486/634/1226 637/636/1383 485/635/1225 150/633/854
f 486/634/1226 550/631/1292 489/638/1229 151/637/855
f 487/639/1227 637/636/1383 486/634/1226 151/637/855
f 488/641/1228 687/640/1433 487/639/1227 151/637/855
f 489/638/1229 638/642/1384 488/641/1228 151/637/855
f 489/638/1229 550/631/1292 483/632/1223 152/643/856
f 490/644/1230 638/642/1384 489/638/1229 152/643/856
f 479/623/1219 686/624/1432 490/644/1230 152/643/856
f 483/632/1223 635/620/1381 479/623/1219 152/643/856
f 491/648/1231 551/647/1293 492/646/1232 153/645/857
f 485/635/1225 637/636/1383 491/648/1231 153/645/857
f 434/532/1171 679/512/1425 485/635/1225 153/645/857
f 492/646/1232 624/530/1370 434/532/1171 153/645/857
f 492/646/1232 551/647/1293 494/650/1234 154/649/858
f 432/529/1168 624/530/1370 492/646/1232 154/649/858
f 493/651/1233 681/528/1427 432/529/1168 154/649/858
f 494/650/1234 639/652/1385 493/651/1233 154/649/858
f 494/650/1234 551/647/1293 497/654/1237 155/653/859
f 495/655/1235 639/652/1385 494/650/1234 155/653/859
f 496/657/1236 689/656/1435 495/655/1235 155/653/859
f 497/654/1237 640/658/1386 496/657/1236 155/653/859
f 497/654/1237 551/647/1293 491/648/1231 156/659/860
f 498/660/1238 640/658/1386 497/654/1237 156/659/860
f 487/639/1227 687/640/1433 498/660/1238 156/659/860
f 491/648/1231 637/636/1383 487/639/1227 156/659/860
f 499/664/1239 552/663/1294 500/662/1240 157/661/861
f 493/651/1233 639/652/1385 499/664/1239 157/661/861
f 440/544/1180 681/528/1427 493/651/1233 157/661/861
f 500/662/1240 625/542/1371 440/544/1180 157/661/861
f 500/662/1240 552/663/1294 501/666/1241 158/665/862
f 438/541/1177 625/542/1371 500/662/1240 158/665/862
f 442/550/1182 680/435/1426 438/541/1177 158/665/862
f 501/666/1241 628/549/1374 442/550/1182 158/665/862
f 501/666/1241 552/663/1294 503/668/1243 159/667/863
f 450/564/1190 628/549/1374 501/666/1241 159/667/863
f 502/669/1242 688/563/1434 450/564/1190 159/667/863
f 503/668/1243 641/670/1387 502/669/1242 159/667/863
f 503/668/1243 552/663/1294 499/664/1239 160/671/864
f 504/672/1244 641/670/1387 503/668/1243 160/671/864
f 495/655/1235 689/656/1435 504/672/1244 160/671/864
f 499/664/1239 639/652/1385 495/655/1235 160/671/864
f 505/676/1245 553/675/1295 506/674/1246 161/673/865
f 502/669/1242 641/670/1387 505/676/1245 161/673/865
f 449/562/1189 688/563/1434 502/669/1242 161/673/865
f 506/674/1246 627/560/1373 449/562/1189 161/673/865
f 506/674/1246 553/675/1295 507/678/1247 162/677/866
f 447/559/1187 627/560/1373 506/674/1246 162/677/866
f 458/580/1198 682/558/1428 447/559/1187 162/677/866
f 507/678/1247 630/578/1376 458/580/1198 162/677/866
f 507/678/1247 553/675/1295 508/680/1248 163/679/867
f 456/577/1196 630/578/1376 507/678/1247 163/679/867
f 466/596/1206 683/576/1429 456/577/1196 163/679/867
f 508/680/1248 632/594/1378 466/596/1206 163/679/867
f 508/680/1248 553/675/1295 509/682/1249 164/681/868
f 464/593/1204 632/594/1378 508/680/1248 164/681/868
f 474/612/1214 684/592/1430 464/593/1204 164/681/868
f 509/682/1249 634/610/1380 474/612/1214 164/681/868
f 509/682/1249 553/675/1295 510/684/1250 165/683/869
f 472/609/1212 634/610/1380 509/682/1249 165/683/869
f 482/628/1222 685/608/1431 472/609/1212 165/683/869
f 510/684/1250 636/626/1382 482/628/1222 165/683/869
f 510/684/1250 553/675/1295 511/686/1251 166/685/870
f 480/625/1220 636/626/1382 510/684/1250 166/685/870
f 490/644/1230 686/624/1432 480/625/1220 166/685/870
f 511/686/1251 638/642/1384 490/644/1230 166/685/870
f 511/686/1251 553/675/1295 512/688/1252 167/687/871
f 488/641/1228 638/642/1384 511/686/1251 167/687/871
f 498/660/1238 687/640/1433 488/641/1228 167/687/871
f 512/688/1252 640/658/1386 498/660/1238 167/687/871
f 512/688/1252 553/675/1295 505/676/1245 168/689/872
f 496/657/1236 640/658/1386 512/688/1252 168/689/872
f 504/672/1244 689/656/1435 496/657/1236 168/689/872
f 505/676/1245 641/670/1387 504/672/1244 168/689/872

# End of Object "object01"
