# Created with Anim8or 1.01 Build 1.01.1403
# Object "object01":

mtllib TrashPile.mtl

# Shape "mesh01":
o mesh01
# No. points 594:
v -21.7398 -35.6154 0
v -1.5021 -35.6154 20.2377
v 18.7356 -35.6154 0
v -1.5021 -35.6154 -20.2377
v -1.5021 -38.7746 0
v -17.683 -33.1971 0
v -1.5021 -33.1971 16.1809
v 14.6788 -33.1971 0
v -1.5021 -33.1971 -16.1809
v -1.5021 -34.6915 0
v -1.5021 33.0392 -31.7595
v -1.5021 33.0392 31.7595
v -33.2616 33.0392 0
v 30.2574 33.0392 0
v -1.5021 26.395 -29.6518
v -1.5021 26.395 29.6518
v -31.1539 26.395 0
v 28.1497 26.395 0
v -1.5021 23.8823 -30.7056
v -1.5021 28.9077 -30.7056
v -1.5021 23.8823 30.7056
v -1.5021 28.9077 30.7056
v -32.2077 23.8823 0
v -32.2077 28.9077 0
v 29.2035 23.8823 0
v 29.2035 28.9077 0
v -24.9504 1.89112 0
v -1.5021 1.89112 23.4483
v 21.9462 1.89112 0
v -1.5021 1.89112 -23.4483
v -1.5021 20.3689 -31.7595
v -1.5021 20.3689 31.7595
v -33.2616 20.3689 0
v 30.2574 20.3689 0
v -29.2578 18.1387 0
v -1.5021 18.1387 27.7557
v 26.2536 18.1387 0
v -1.5021 18.1387 -27.7557
v -1.5021 16.5013 -30.9865
v -1.5021 16.5013 30.9865
v -32.4886 16.5013 0
v 29.4844 16.5013 0
v -1.5021 33.8546 -28.3945
v -1.5021 33.8546 28.3945
v -29.8966 33.8546 0
v 26.8924 33.8546 0
v -1.5021 26.395 -27.0048
v -1.5021 26.395 27.0048
v -28.5069 26.395 0
v 25.5027 26.395 0
v -1.5021 22.2516 -28.0587
v -1.5021 30.5384 -28.0587
v -1.5021 22.2516 28.0587
v -1.5021 30.5384 28.0587
v -29.5608 22.2516 0
v -29.5608 30.5384 0
v 26.5566 22.2516 0
v 26.5566 30.5384 0
v -23.1427 4.71363 0
v -1.5021 4.71363 21.6406
v 20.1385 4.71363 0
v -1.5021 4.71363 -21.6406
v -1.5021 20.0973 -29.0446
v -1.5021 20.0973 29.0446
v -30.5467 20.0973 0
v 27.5425 20.0973 0
v -28.8813 22.1813 0
v -1.5021 22.1813 27.3792
v 25.8771 22.1813 0
v -1.5021 22.1813 -27.3792
v -1.5021 19.0804 -29.4821
v -1.5021 19.0804 29.4821
v -30.9842 19.0804 0
v 27.98 19.0804 0
v -1.5021 35.6225 -29.7179
v -1.5021 35.6225 29.7179
v -31.22 35.6225 0
v 28.2158 35.6225 0
v -30.1947 33.0392 -28.6926
v 27.1905 33.0392 -28.6926
v 27.1905 33.0392 28.6926
v -30.1947 33.0392 28.6926
v -28.2905 26.395 -26.7884
v 25.2863 26.395 -26.7884
v 25.2863 26.395 26.7884
v -28.2905 26.395 26.7884
v -29.2426 23.8823 -27.7405
v 26.2384 23.8823 -27.7405
v -29.2426 28.9077 -27.7405
v 26.2384 28.9077 -27.7405
v 26.2384 23.8823 27.7405
v -29.2426 23.8823 27.7405
v 26.2384 28.9077 27.7405
v -29.2426 28.9077 27.7405
v 27.1905 20.3689 -28.6926
v -30.1947 20.3689 -28.6926
v -30.1947 20.3689 28.6926
v 27.1905 20.3689 28.6926
v -26.5775 18.1387 25.0754
v -26.5775 18.1387 -25.0754
v 23.5733 18.1387 25.0754
v 23.5733 18.1387 -25.0754
v 26.4921 16.5013 -27.9942
v -29.4963 16.5013 -27.9942
v 26.4921 16.5013 27.9942
v -29.4963 16.5013 27.9942
v 24.1504 33.8546 -25.6525
v -27.1546 33.8546 -25.6525
v 24.1504 33.8546 25.6525
v -27.1546 33.8546 25.6525
v 22.895 26.395 -24.3971
v -25.8992 26.395 -24.3971
v 22.895 26.395 24.3971
v -25.8992 26.395 24.3971
v -26.8513 22.2516 -25.3492
v 23.8471 22.2516 -25.3492
v -26.8513 30.5384 -25.3492
v 23.8471 30.5384 -25.3492
v 23.8471 22.2516 25.3492
v -26.8513 22.2516 25.3492
v 23.8471 30.5384 25.3492
v -26.8513 30.5384 25.3492
v 24.7377 20.0973 -26.2398
v -27.7419 20.0973 -26.2398
v 24.7377 20.0973 26.2398
v -27.7419 20.0973 26.2398
v -26.2374 22.1813 24.7353
v -26.2374 22.1813 -24.7353
v 23.2332 22.1813 24.7353
v 23.2332 22.1813 -24.7353
v 25.1331 19.0804 -26.6352
v -28.1373 19.0804 -26.6352
v 25.1331 19.0804 26.6352
v -28.1373 19.0804 26.6352
v 25.3461 35.6225 -26.8482
v -28.3503 35.6225 -26.8482
v -28.3503 35.6225 26.8482
v 25.3461 35.6225 26.8482
v -25.0086 19.936 -23.5065
v -25.0086 19.936 23.5065
v 22.0044 19.936 -23.5065
v 22.0044 19.936 23.5065
v -24.4025 23.8455 -22.9004
v -24.4025 23.8455 22.9004
v 21.3983 23.8455 -22.9004
v 21.3983 23.8455 22.9004
v -22.5425 -24.6591 0
v -1.5021 -24.6591 21.0404
v 19.5383 -24.6591 0
v -1.5021 -24.6591 -21.0404
v -16.6804 -35.6154 15.1783
v -16.6804 -37.9848 0
v -16.6804 -35.6154 -15.1783
v 13.6762 -35.6154 15.1783
v -1.5021 -37.9848 15.1783
v 13.6762 -35.6154 -15.1783
v 13.6762 -37.9848 0
v -1.5021 -37.9848 -15.1783
v -19.0611 -22.9722 0
v -1.5021 -22.9722 17.559
v 16.0569 -22.9722 0
v -1.5021 -22.9722 -17.559
v -13.6246 -34.3179 0
v -13.6378 -33.1971 12.1357
v -13.6378 -33.1971 -12.1357
v -1.5021 -34.3179 12.1225
v 10.6336 -33.1971 12.1357
v 10.6204 -34.3179 0
v 10.6336 -33.1971 -12.1357
v -1.5021 -34.3179 -12.1225
v -1.5021 30.7147 -31.496
v 18.4839 33.0392 -30.9928
v -1.5021 34.9767 -31.2491
v -21.4881 33.0392 -30.9928
v -21.4881 33.0392 30.9928
v -1.5021 34.9767 31.2491
v 18.4839 33.0392 30.9928
v -1.5021 30.7147 31.496
v -32.4949 33.0392 -19.986
v -32.7512 34.9767 0
v -32.4949 33.0392 19.986
v -32.9981 30.7147 0
v 29.9939 30.7147 0
v 29.4907 33.0392 19.986
v 29.747 34.9767 0
v 29.4907 33.0392 -19.986
v -1.5021 25.2846 -29.9152
v 17.1575 26.395 -28.9359
v -1.5021 27.5054 -29.9152
v -20.1617 26.395 -28.9359
v -20.1617 26.395 28.9359
v -1.5021 27.5054 29.9152
v 17.1575 26.395 28.9359
v -1.5021 25.2846 29.9152
v -30.438 26.395 -18.6596
v -31.4173 27.5054 0
v -30.438 26.395 18.6596
v -31.4173 25.2846 0
v 28.4131 25.2846 0
v 27.4338 26.395 18.6596
v 28.4131 27.5054 0
v 27.4338 26.395 -18.6596
v 17.8207 23.8823 -29.9643
v -20.8249 23.8823 -29.9643
v -1.5021 22.2298 -31.496
v -20.8249 28.9077 -29.9643
v 17.8207 28.9077 -29.9643
v -20.8249 23.8823 29.9643
v 17.8207 23.8823 29.9643
v -1.5021 22.2298 31.496
v 17.8207 28.9077 29.9643
v -20.8249 28.9077 29.9643
v -31.4664 23.8823 -19.3228
v -31.4664 23.8823 19.3228
v -32.9981 22.2298 0
v -31.4664 28.9077 19.3228
v -31.4664 28.9077 -19.3228
v 29.9939 22.2298 0
v 28.4622 23.8823 19.3228
v 28.4622 23.8823 -19.3228
v 28.4622 28.9077 -19.3228
v 28.4622 28.9077 19.3228
v -25.7676 14.9892 -17.182
v -26.9521 15.8467 0
v -25.7676 14.9892 17.182
v -18.6259 -3.05574 17.1238
v -18.6259 -3.05574 -17.1238
v -18.6841 14.9892 24.2655
v -1.5021 15.8467 25.45
v 15.6799 14.9892 24.2655
v 15.6217 -3.05574 17.1238
v 22.7634 14.9892 17.182
v 23.9479 15.8467 0
v 22.7634 14.9892 -17.182
v 15.6217 -3.05574 -17.1238
v 15.6799 14.9892 -24.2655
v -1.5021 15.8467 -25.45
v -18.6841 14.9892 -24.2655
v -1.5021 18.4194 -31.5662
v 18.4839 20.3689 -30.9928
v -21.4881 20.3689 -30.9928
v -21.4881 20.3689 30.9928
v 18.4839 20.3689 30.9928
v -1.5021 18.4194 31.5662
v -32.4949 20.3689 -19.986
v -32.4949 20.3689 19.986
v -33.0683 18.4194 0
v 30.0641 18.4194 0
v 29.4907 20.3689 19.986
v 29.4907 20.3689 -19.986
v -31.2944 15.9594 0
v -28.5877 18.1387 17.4664
v -28.5877 18.1387 -17.4664
v -1.5021 15.9594 29.7923
v 15.9643 18.1387 27.0856
v -18.9685 18.1387 27.0856
v 28.2902 15.9594 0
v 25.5835 18.1387 -17.4664
v 25.5835 18.1387 17.4664
v -1.5021 15.9594 -29.7923
v -18.9685 18.1387 -27.0856
v 15.9643 18.1387 -27.0856
v -21.0016 16.5013 -30.2384
v 17.9974 16.5013 -30.2384
v 17.9974 16.5013 30.2384
v -21.0016 16.5013 30.2384
v -31.7405 16.5013 19.4995
v -31.7405 16.5013 -19.4995
v 28.7363 16.5013 -19.4995
v 28.7363 16.5013 19.4995
v -1.5021 35.1805 -28.3663
v 16.3663 33.8546 -27.709
v -1.5021 32.1416 -28.6696
v -19.3705 33.8546 -27.709
v 16.3663 33.8546 27.709
v -1.5021 35.1805 28.3663
v -19.3705 33.8546 27.709
v -1.5021 32.1416 28.6696
v -29.2111 33.8546 17.8684
v -29.8684 35.1805 0
v -29.2111 33.8546 -17.8684
v -30.1717 32.1416 0
v 26.8642 35.1805 0
v 26.2069 33.8546 17.8684
v 27.1675 32.1416 0
v 26.2069 33.8546 -17.8684
v -1.5021 28.7284 -27.2683
v 15.4918 26.395 -26.3529
v -1.5021 24.0616 -27.2683
v -18.496 26.395 -26.3529
v 15.4918 26.395 26.3529
v -1.5021 28.7284 27.2683
v -18.496 26.395 26.3529
v -1.5021 24.0616 27.2683
v -27.855 26.395 16.9939
v -28.7704 28.7284 0
v -27.855 26.395 -16.9939
v -28.7704 24.0616 0
v 25.7662 28.7284 0
v 24.8508 26.395 16.9939
v 25.7662 24.0616 0
v 24.8508 26.395 -16.9939
v -19.1592 22.2516 -27.3813
v 16.155 22.2516 -27.3813
v -1.5021 20.9389 -28.8321
v -19.1592 30.5384 -27.3813
v 16.155 30.5384 -27.3813
v 16.155 22.2516 27.3813
v -19.1592 22.2516 27.3813
v -1.5021 20.9389 28.8321
v 16.155 30.5384 27.3813
v -19.1592 30.5384 27.3813
v -28.8834 22.2516 17.6571
v -28.8834 22.2516 -17.6571
v -30.3342 20.9389 0
v -28.8834 30.5384 17.6571
v -28.8834 30.5384 -17.6571
v 25.8792 22.2516 17.6571
v 27.33 20.9389 0
v 25.8792 22.2516 -17.6571
v 25.8792 30.5384 17.6571
v 25.8792 30.5384 -17.6571
v -16.95 -0.53122 15.4479
v -24.816 18.6007 16.7077
v -26.1425 19.5702 0
v -24.816 18.6007 -16.7077
v -16.95 -0.53122 -15.4479
v 13.9458 -0.53122 15.4479
v 15.2056 18.6007 23.3139
v -1.5021 19.5702 24.6404
v -18.2098 18.6007 23.3139
v 13.9458 -0.53122 -15.4479
v 21.8118 18.6007 -16.7077
v 23.1383 19.5702 0
v 21.8118 18.6007 16.7077
v -18.2098 18.6007 -23.3139
v -1.5021 19.5702 -24.6404
v 15.2056 18.6007 -23.3139
v 16.7754 20.0973 -28.3434
v -1.5021 19.5401 -29.12
v -19.7796 20.0973 -28.3434
v 16.7754 20.0973 28.3434
v -19.7796 20.0973 28.3434
v -1.5021 19.5401 29.12
v -29.8455 20.0973 18.2775
v -29.8455 20.0973 -18.2775
v -30.6221 19.5401 0
v 26.8413 20.0973 18.2775
v 27.6179 19.5401 0
v 26.8413 20.0973 -18.2775
v -28.2204 22.1813 17.2295
v -30.7113 19.6501 0
v -28.2204 22.1813 -17.2295
v 15.7274 22.1813 26.7183
v -1.5021 19.6501 29.2092
v -18.7316 22.1813 26.7183
v 25.2162 22.1813 -17.2295
v 27.7071 19.6501 0
v 25.2162 22.1813 17.2295
v -18.7316 22.1813 -26.7183
v -1.5021 19.6501 -29.2092
v 15.7274 22.1813 -26.7183
v 17.0508 19.0804 -28.7704
v -20.055 19.0804 -28.7704
v 17.0508 19.0804 28.7704
v -20.055 19.0804 28.7704
v -30.2725 19.0804 18.5529
v -30.2725 19.0804 -18.5529
v 27.2683 19.0804 18.5529
v 27.2683 19.0804 -18.5529
v 17.1992 35.6225 -29.0005
v -20.2034 35.6225 -29.0005
v -20.2034 35.6225 29.0005
v 17.1992 35.6225 29.0005
v -30.5026 35.6225 -18.7013
v -30.5026 35.6225 18.7013
v 27.4984 35.6225 18.7013
v 27.4984 35.6225 -18.7013
v -29.9567 30.7147 -28.4546
v -29.7336 34.9767 -28.2315
v 26.9525 30.7147 -28.4546
v 26.7294 34.9767 -28.2315
v 26.9525 30.7147 28.4546
v 26.7294 34.9767 28.2315
v -29.9567 30.7147 28.4546
v -29.7336 34.9767 28.2315
v -28.5285 27.5054 -27.0264
v -28.5285 25.2846 -27.0264
v 25.5243 27.5054 -27.0264
v 25.5243 25.2846 -27.0264
v 25.5243 27.5054 27.0264
v 25.5243 25.2846 27.0264
v -28.5285 27.5054 27.0264
v -28.5285 25.2846 27.0264
v -29.9567 22.2298 -28.4546
v 26.9525 22.2298 -28.4546
v 26.9525 22.2298 28.4546
v -29.9567 22.2298 28.4546
v 27.0159 18.4194 -28.518
v -30.0201 18.4194 -28.518
v -30.0201 18.4194 28.518
v 27.0159 18.4194 28.518
v -28.4174 15.9594 26.9153
v -25.0751 20.358 23.573
v -28.4174 15.9594 -26.9153
v -25.0751 20.358 -23.573
v 25.4132 15.9594 26.9153
v 22.0709 20.358 23.573
v 25.4132 15.9594 -26.9153
v 22.0709 20.358 -23.573
v 24.3989 32.1416 -25.901
v 24.125 35.1805 -25.6271
v -27.4031 32.1416 -25.901
v -27.1292 35.1805 -25.6271
v 24.3989 32.1416 25.901
v 24.125 35.1805 25.6271
v -27.4031 32.1416 25.901
v -27.1292 35.1805 25.6271
v 23.133 28.7284 -24.6351
v 23.133 24.0616 -24.6351
v -26.1372 28.7284 -24.6351
v -26.1372 24.0616 -24.6351
v 23.133 28.7284 24.6351
v 23.133 24.0616 24.6351
v -26.1372 28.7284 24.6351
v -26.1372 24.0616 24.6351
v -27.55 20.9389 -26.0479
v 24.5458 20.9389 -26.0479
v 24.5458 20.9389 26.0479
v -27.55 20.9389 26.0479
v 24.8059 19.5401 -26.308
v -27.8101 19.5401 -26.308
v 24.8059 19.5401 26.308
v -27.8101 19.5401 26.308
v -27.8907 19.6501 26.3886
v -24.6004 24.3532 23.0983
v -27.8907 19.6501 -26.3886
v -24.6004 24.3532 -23.0983
v 24.8865 19.6501 26.3886
v 21.5962 24.3532 23.0983
v 24.8865 19.6501 -26.3886
v 21.5962 24.3532 -23.0983
v -17.1668 -25.8959 -15.6647
v -17.1668 -25.8959 15.6647
v 14.1626 -25.8959 -15.6647
v 14.1626 -25.8959 15.6647
v -12.7453 -37.3705 -11.2432
v -12.7453 -37.3705 11.2432
v 9.74108 -37.3705 -11.2432
v 9.74108 -37.3705 11.2432
v -14.4757 -24.2834 -12.9736
v -14.4757 -24.2834 12.9736
v 11.4715 -24.2834 -12.9736
v 11.4715 -24.2834 12.9736
v -10.4857 -34.0273 -8.98355
v -10.4857 -34.0273 8.98355
v 7.48145 -34.0273 -8.98355
v 7.48145 -34.0273 8.98355
v -21.1669 34.9767 -30.4947
v 18.1627 34.9767 -30.4947
v -21.1669 34.9767 30.4947
v 18.1627 34.9767 30.4947
v -31.9968 34.9767 -19.6648
v -31.9968 34.9767 19.6648
v 28.9926 34.9767 -19.6648
v 28.9926 34.9767 19.6648
v 18.3181 22.2298 -30.7357
v -21.3223 22.2298 -30.7357
v 18.3181 30.7147 -30.7357
v -21.3223 30.7147 -30.7357
v -21.3223 22.2298 30.7357
v 18.3181 22.2298 30.7357
v -21.3223 30.7147 30.7357
v 18.3181 30.7147 30.7357
v -32.2378 22.2298 -19.8202
v -32.2378 22.2298 19.8202
v -32.2378 30.7147 -19.8202
v -32.2378 30.7147 19.8202
v 29.2336 22.2298 -19.8202
v 29.2336 22.2298 19.8202
v 29.2336 30.7147 -19.8202
v 29.2336 30.7147 19.8202
v 17.3233 27.5054 -29.193
v -20.3275 27.5054 -29.193
v 17.3233 25.2846 -29.193
v -20.3275 25.2846 -29.193
v 17.3233 25.2846 29.193
v -20.3275 25.2846 29.193
v 17.3233 27.5054 29.193
v -20.3275 27.5054 29.193
v -30.6951 25.2846 -18.8254
v -30.6951 25.2846 18.8254
v -30.6951 27.5054 -18.8254
v -30.6951 27.5054 18.8254
v 27.6909 27.5054 -18.8254
v 27.6909 27.5054 18.8254
v 27.6909 25.2846 -18.8254
v 27.6909 25.2846 18.8254
v -26.6835 19.1213 -16.622
v -26.6835 19.1213 16.622
v -18.1241 19.1213 25.1814
v 15.1199 19.1213 25.1814
v 23.6793 19.1213 -16.622
v 23.6793 19.1213 16.622
v -18.1241 19.1213 -25.1814
v 15.1199 19.1213 -25.1814
v -22.3166 9.33023 20.8145
v -22.3166 9.33023 -20.8145
v 19.3124 9.33023 20.8145
v 19.3124 9.33023 -20.8145
v -21.3665 18.4194 -30.8042
v 18.3623 18.4194 -30.8042
v 18.3623 18.4194 30.8042
v -21.3665 18.4194 30.8042
v -32.3063 18.4194 -19.8644
v -32.3063 18.4194 19.8644
v 29.3021 18.4194 -19.8644
v 29.3021 18.4194 19.8644
v -30.5751 15.9594 18.748
v -30.5751 15.9594 -18.748
v -20.2501 15.9594 29.073
v 17.2459 15.9594 29.073
v 27.5709 15.9594 18.748
v 27.5709 15.9594 -18.748
v -20.2501 15.9594 -29.073
v 17.2459 15.9594 -29.073
v -19.3528 35.1805 -27.6815
v 16.3486 35.1805 -27.6815
v 16.5394 32.1416 -27.9774
v -19.5436 32.1416 -27.9774
v -19.3528 35.1805 27.6815
v 16.3486 35.1805 27.6815
v -19.5436 32.1416 27.9774
v 16.5394 32.1416 27.9774
v -29.1836 35.1805 -17.8507
v -29.1836 35.1805 17.8507
v -29.4795 32.1416 -18.0415
v -29.4795 32.1416 18.0415
v 26.1794 35.1805 -17.8507
v 26.1794 35.1805 17.8507
v 26.4753 32.1416 -18.0415
v 26.4753 32.1416 18.0415
v 15.6576 28.7284 -26.61
v -18.6618 28.7284 -26.61
v 15.6576 24.0616 -26.61
v -18.6618 24.0616 -26.61
v 15.6576 28.7284 26.61
v -18.6618 28.7284 26.61
v 15.6576 24.0616 26.61
v -18.6618 24.0616 26.61
v -28.1121 28.7284 -17.1597
v -28.1121 28.7284 17.1597
v -28.1121 24.0616 -17.1597
v -28.1121 24.0616 17.1597
v 25.1079 28.7284 -17.1597
v 25.1079 28.7284 17.1597
v 25.1079 24.0616 -17.1597
v 25.1079 24.0616 17.1597
v 16.6417 20.9389 -28.136
v -19.6459 20.9389 -28.136
v -19.6459 20.9389 28.136
v 16.6417 20.9389 28.136
v -29.6381 20.9389 -18.1438
v -29.6381 20.9389 18.1438
v 26.6339 20.9389 -18.1438
v 26.6339 20.9389 18.1438
v -21.2062 12.6009 19.7041
v -26.0965 23.042 -16.2783
v -26.0965 23.042 16.2783
v -21.2062 12.6009 -19.7041
v 18.202 12.6009 19.7041
v -17.7804 23.042 24.5944
v 14.7762 23.042 24.5944
v 18.202 12.6009 -19.7041
v 23.0923 23.042 -16.2783
v 23.0923 23.042 16.2783
v -17.7804 23.042 -24.5944
v 14.7762 23.042 -24.5944
v -19.8271 19.5401 -28.417
v 16.8229 19.5401 -28.417
v 16.8229 19.5401 28.417
v -19.8271 19.5401 28.417
v -29.9191 19.5401 -18.325
v -29.9191 19.5401 18.325
v 26.9149 19.5401 -18.325
v 26.9149 19.5401 18.325
v -30.0061 19.6501 18.3811
v -30.0061 19.6501 -18.3811
v -19.8832 19.6501 28.504
v 16.879 19.6501 28.504
v 27.0019 19.6501 18.3811
v 27.0019 19.6501 -18.3811
v -19.8832 19.6501 -28.504
v 16.879 19.6501 -28.504

# No. normals 4442:
vn -0.94679 -0.06317 -0.31560
vn -0.94548 -0.06330 0.31947
vn -0.31547 -0.94309 0.10516
vn -0.41604 -0.88838 -0.19415
vn -0.31560 -0.06317 0.94679
vn 0.31947 -0.06330 0.94548
vn 0.10516 -0.94309 0.31547
vn -0.19415 -0.88838 0.41604
vn 0.94679 -0.06317 0.31560
vn 0.94548 -0.06330 -0.31947
vn 0.31547 -0.94309 -0.10516
vn 0.41604 -0.88838 0.19415
vn 0.31560 -0.06317 -0.94679
vn -0.31947 -0.06330 -0.94548
vn -0.10516 -0.94309 -0.31547
vn 0.19415 -0.88838 -0.41604
vn -0.07256 -0.99602 -0.05183
vn -0.05183 -0.99602 0.07256
vn 0.07256 -0.99602 0.05183
vn 0.05183 -0.99602 -0.07256
vn 0.16806 0.98162 0.09047
vn 0.26417 0.95657 -0.12325
vn 0.93991 0.11846 -0.32023
vn 0.93991 0.11846 0.32023
vn 0.09047 0.98162 -0.16806
vn -0.12325 0.95657 -0.26417
vn -0.32023 0.11846 -0.93991
vn 0.32023 0.11846 -0.93991
vn -0.16806 0.98162 -0.09047
vn -0.26417 0.95657 0.12325
vn -0.93991 0.11846 0.32023
vn -0.93991 0.11846 -0.32023
vn -0.09047 0.98162 0.16806
vn 0.12325 0.95657 0.26417
vn 0.32023 0.11846 0.93991
vn -0.32023 0.11846 0.93991
vn -0.04305 0.99860 0.03078
vn -0.03078 0.99860 -0.04305
vn 0.04305 0.99860 -0.03078
vn 0.03078 0.99860 0.04305
vn -0.03809 -0.11254 -0.99292
vn 0.03809 -0.11254 -0.99292
vn 0.03707 0.25457 -0.96634
vn -0.03707 0.25457 -0.96634
vn -0.03809 -0.11254 0.99292
vn -0.03707 0.25457 0.96634
vn 0.03707 0.25457 0.96634
vn 0.03809 -0.11254 0.99292
vn -0.99292 -0.11254 -0.03809
vn -0.96634 0.25457 -0.03707
vn -0.96634 0.25457 0.03707
vn -0.99292 -0.11254 0.03809
vn 0.99292 -0.11254 -0.03809
vn 0.99292 -0.11254 0.03809
vn 0.96634 0.25457 0.03707
vn 0.96634 0.25457 -0.03707
vn -0.03730 0.23071 -0.97231
vn 0.03730 0.23071 -0.97231
vn 0.03730 -0.23071 -0.97231
vn -0.03730 -0.23071 -0.97231
vn -0.03730 0.23071 0.97231
vn -0.03730 -0.23071 0.97231
vn 0.03730 -0.23071 0.97231
vn 0.03730 0.23071 0.97231
vn -0.97231 0.23071 -0.03730
vn -0.97231 -0.23071 -0.03730
vn -0.97231 -0.23071 0.03730
vn -0.97231 0.23071 0.03730
vn 0.97231 0.23071 -0.03730
vn 0.97231 0.23071 0.03730
vn 0.97231 -0.23071 0.03730
vn 0.97231 -0.23071 -0.03730
vn 0.03459 0.43123 -0.90158
vn 0.03340 0.49074 -0.87067
vn -0.03340 0.49074 -0.87067
vn -0.03459 0.43123 -0.90158
vn 0.03513 -0.40050 -0.91563
vn -0.03513 -0.40049 -0.91563
vn -0.03340 -0.49074 -0.87067
vn 0.03340 -0.49074 -0.87066
vn -0.03459 0.43123 0.90158
vn -0.03340 0.49074 0.87067
vn 0.03340 0.49074 0.87067
vn 0.03459 0.43123 0.90158
vn -0.03513 -0.40050 0.91563
vn 0.03513 -0.40049 0.91563
vn 0.03340 -0.49074 0.87067
vn -0.03340 -0.49074 0.87066
vn -0.90158 0.43123 -0.03459
vn -0.87067 0.49074 -0.03340
vn -0.87067 0.49074 0.03340
vn -0.90158 0.43123 0.03459
vn -0.91562 -0.40050 -0.03513
vn -0.91563 -0.40049 0.03513
vn -0.87067 -0.49074 0.03340
vn -0.87066 -0.49074 -0.03340
vn 0.90158 0.43123 -0.03459
vn 0.90158 0.43123 0.03459
vn 0.87067 0.49074 0.03340
vn 0.87066 0.49074 -0.03340
vn 0.91563 -0.40050 -0.03513
vn 0.87067 -0.49074 -0.03340
vn 0.87067 -0.49074 0.03340
vn 0.91563 -0.40050 0.03513
vn -0.90941 -0.34165 -0.23718
vn -0.97632 -0.20870 -0.05689
vn -0.97632 -0.20870 0.05689
vn -0.88968 -0.38253 0.24929
vn -0.94471 -0.08066 0.31783
vn -0.94471 -0.08066 -0.31783
vn -0.23718 -0.34165 0.90941
vn -0.05689 -0.20870 0.97632
vn 0.05689 -0.20870 0.97632
vn 0.24929 -0.38253 0.88968
vn 0.31783 -0.08066 0.94471
vn -0.31783 -0.08066 0.94471
vn 0.90941 -0.34165 0.23718
vn 0.97632 -0.20870 0.05689
vn 0.97632 -0.20870 -0.05689
vn 0.88968 -0.38253 -0.24929
vn 0.94471 -0.08066 -0.31783
vn 0.94471 -0.08066 0.31783
vn 0.23718 -0.34165 -0.90941
vn 0.05689 -0.20870 -0.97632
vn -0.05689 -0.20870 -0.97632
vn -0.24929 -0.38253 -0.88968
vn -0.31783 -0.08066 -0.94471
vn 0.31783 -0.08066 -0.94471
vn -0.03815 -0.09858 -0.99440
vn 0.03815 -0.09858 -0.99440
vn 0.03796 0.14008 -0.98941
vn -0.03796 0.14008 -0.98941
vn -0.03815 -0.09857 0.99440
vn -0.03796 0.14008 0.98941
vn 0.03796 0.14008 0.98941
vn 0.03815 -0.09858 0.99440
vn -0.99440 -0.09857 -0.03815
vn -0.98941 0.14008 -0.03796
vn -0.98941 0.14008 0.03796
vn -0.99440 -0.09858 0.03815
vn 0.99440 -0.09858 -0.03815
vn 0.99440 -0.09858 0.03815
vn 0.98941 0.14008 0.03796
vn 0.98941 0.14008 -0.03796
vn 0.73034 -0.68251 0.02802
vn 0.73034 -0.68251 -0.02802
vn 0.50739 -0.84699 0.15866
vn -0.69708 -0.70126 -0.14941
vn 0.02802 -0.68251 -0.73034
vn -0.02802 -0.68251 -0.73034
vn 0.15866 -0.84699 -0.50739
vn -0.14941 -0.70126 0.69708
vn -0.73034 -0.68251 -0.02802
vn -0.73034 -0.68251 0.02802
vn -0.50739 -0.84699 -0.15866
vn 0.69708 -0.70126 0.14941
vn -0.02802 -0.68251 0.73034
vn 0.02802 -0.68251 0.73034
vn -0.15866 -0.84699 0.50739
vn 0.14941 -0.70126 -0.69708
vn -0.03670 -0.28914 -0.95658
vn -0.01585 -0.91053 -0.41314
vn 0.01585 -0.91053 -0.41314
vn 0.03670 -0.28914 -0.95658
vn -0.03670 -0.28914 0.95658
vn 0.03670 -0.28914 0.95658
vn 0.01585 -0.91053 0.41314
vn -0.01585 -0.91053 0.41314
vn -0.95658 -0.28914 -0.03670
vn -0.95658 -0.28914 0.03670
vn -0.41314 -0.91053 0.01585
vn -0.41314 -0.91053 -0.01585
vn 0.95658 -0.28914 -0.03670
vn 0.41314 -0.91053 -0.01585
vn 0.41314 -0.91053 0.01585
vn 0.95658 -0.28914 0.03670
vn 0.03833 -0.02123 0.99904
vn -0.03833 -0.02123 0.99904
vn -0.03785 -0.15845 0.98664
vn 0.03785 -0.15845 0.98664
vn -0.03785 -0.15845 -0.98664
vn -0.03833 -0.02123 -0.99904
vn 0.03833 -0.02123 -0.99904
vn 0.03785 -0.15845 -0.98664
vn 0.98664 -0.15845 -0.03785
vn 0.99904 -0.02123 -0.03833
vn 0.99904 -0.02123 0.03833
vn 0.98664 -0.15845 0.03785
vn -0.99904 -0.02123 0.03833
vn -0.99904 -0.02123 -0.03833
vn -0.98664 -0.15845 -0.03785
vn -0.98664 -0.15845 0.03785
vn 0.03809 0.11212 0.99296
vn -0.03809 0.11212 0.99296
vn -0.03809 -0.11212 0.99296
vn 0.03809 -0.11212 0.99296
vn -0.03809 -0.11212 -0.99296
vn -0.03809 0.11212 -0.99296
vn 0.03809 0.11212 -0.99296
vn 0.03809 -0.11212 -0.99296
vn 0.99296 -0.11212 -0.03809
vn 0.99296 0.11212 -0.03809
vn 0.99296 0.11212 0.03809
vn 0.99296 -0.11212 0.03809
vn -0.99296 0.11212 0.03809
vn -0.99296 0.11212 -0.03809
vn -0.99296 -0.11212 -0.03809
vn -0.99296 -0.11212 0.03809
vn 0.03304 -0.50734 0.86111
vn 0.03514 -0.39994 0.91587
vn -0.03514 -0.39994 0.91587
vn -0.03304 -0.50734 0.86111
vn -0.03514 0.39994 0.91587
vn 0.03514 0.39994 0.91587
vn 0.03583 0.35584 0.93386
vn -0.03583 0.35584 0.93386
vn -0.03304 -0.50734 -0.86111
vn -0.03514 -0.39994 -0.91587
vn 0.03514 -0.39994 -0.91587
vn 0.03304 -0.50734 -0.86111
vn 0.03514 0.39994 -0.91587
vn -0.03514 0.39994 -0.91587
vn -0.03583 0.35584 -0.93386
vn 0.03583 0.35584 -0.93386
vn 0.86111 -0.50734 -0.03304
vn 0.91587 -0.39994 -0.03514
vn 0.91587 -0.39994 0.03514
vn 0.86111 -0.50734 0.03304
vn 0.91587 0.39994 0.03514
vn 0.91587 0.39994 -0.03514
vn 0.93386 0.35584 -0.03583
vn 0.93386 0.35584 0.03583
vn -0.91587 -0.39994 0.03514
vn -0.91587 -0.39994 -0.03514
vn -0.86111 -0.50734 -0.03304
vn -0.86111 -0.50734 0.03304
vn -0.93386 0.35584 -0.03583
vn -0.91587 0.39994 -0.03514
vn -0.91587 0.39994 0.03514
vn -0.93386 0.35584 0.03583
vn 0.93881 0.13098 0.31857
vn 0.93881 0.13098 -0.31857
vn 0.89950 0.36792 -0.23567
vn 0.96064 0.27112 -0.06053
vn 0.96064 0.27112 0.06053
vn 0.87979 0.40515 0.24864
vn 0.31857 0.13098 -0.93881
vn -0.31857 0.13098 -0.93881
vn -0.23567 0.36792 -0.89950
vn -0.06053 0.27112 -0.96064
vn 0.06053 0.27112 -0.96064
vn 0.24864 0.40515 -0.87979
vn -0.93881 0.13098 -0.31857
vn -0.93881 0.13098 0.31857
vn -0.89950 0.36792 0.23567
vn -0.96064 0.27112 0.06053
vn -0.96064 0.27112 -0.06053
vn -0.87979 0.40515 -0.24864
vn -0.31857 0.13098 0.93881
vn 0.31857 0.13098 0.93881
vn 0.23567 0.36792 0.89950
vn 0.06053 0.27112 0.96064
vn -0.06053 0.27112 0.96064
vn -0.24864 0.40515 0.87979
vn 0.03717 -0.24463 0.96890
vn -0.03717 -0.24463 0.96890
vn -0.03799 -0.13400 0.99025
vn 0.03799 -0.13400 0.99025
vn -0.03799 -0.13400 -0.99025
vn -0.03717 -0.24463 -0.96890
vn 0.03717 -0.24463 -0.96890
vn 0.03799 -0.13400 -0.99025
vn 0.99025 -0.13400 -0.03799
vn 0.96890 -0.24463 -0.03717
vn 0.96890 -0.24463 0.03717
vn 0.99025 -0.13400 0.03799
vn -0.96890 -0.24463 0.03717
vn -0.96890 -0.24463 -0.03717
vn -0.99025 -0.13400 -0.03799
vn -0.99025 -0.13400 0.03799
vn -0.43952 0.87873 0.18617
vn 0.68173 0.71512 -0.15444
vn -0.80999 0.58561 0.03107
vn -0.80999 0.58561 -0.03107
vn 0.18617 0.87873 0.43952
vn -0.15444 0.71512 -0.68173
vn 0.03107 0.58561 0.80999
vn -0.03107 0.58561 0.80999
vn 0.43952 0.87873 -0.18617
vn -0.68173 0.71512 0.15444
vn 0.80999 0.58561 -0.03107
vn 0.80999 0.58561 0.03107
vn -0.18617 0.87873 -0.43952
vn 0.15444 0.71512 0.68173
vn -0.03107 0.58561 -0.80999
vn 0.03107 0.58561 -0.80999
vn -0.03012 -0.61857 0.78515
vn 0.03458 0.43180 -0.90131
vn -0.03458 0.43180 -0.90131
vn 0.03012 -0.61857 0.78515
vn -0.03458 0.43180 0.90131
vn 0.03458 0.43180 0.90131
vn -0.03012 -0.61857 -0.78515
vn 0.03012 -0.61857 -0.78515
vn -0.90131 0.43180 -0.03458
vn -0.90131 0.43180 0.03458
vn 0.78515 -0.61857 -0.03012
vn 0.78515 -0.61857 0.03012
vn -0.78515 -0.61857 -0.03012
vn 0.90131 0.43180 0.03458
vn 0.90131 0.43180 -0.03458
vn -0.78515 -0.61857 0.03012
vn 0.01491 0.92129 -0.38859
vn -0.01192 0.95041 0.31077
vn 0.01192 0.95041 0.31077
vn -0.01491 0.92129 -0.38859
vn -0.01491 0.92129 0.38859
vn 0.01192 0.95041 -0.31077
vn -0.01192 0.95041 -0.31077
vn 0.01491 0.92129 0.38859
vn -0.38859 0.92129 -0.01491
vn 0.31077 0.95041 0.01192
vn 0.31077 0.95041 -0.01192
vn -0.38859 0.92129 0.01491
vn 0.38859 0.92129 0.01491
vn -0.31077 0.95041 -0.01192
vn -0.31077 0.95041 0.01192
vn 0.38859 0.92129 -0.01491
vn -0.24526 0.27931 -0.92835
vn -0.92835 0.27931 -0.24526
vn -0.95934 -0.12419 -0.25345
vn -0.25345 -0.12419 -0.95934
vn 0.24526 0.27931 -0.92835
vn 0.25345 -0.12419 -0.95934
vn 0.95934 -0.12419 -0.25345
vn 0.92835 0.27931 -0.24526
vn 0.24526 0.27931 0.92835
vn 0.92835 0.27931 0.24526
vn 0.95934 -0.12419 0.25345
vn 0.25345 -0.12419 0.95934
vn -0.24526 0.27931 0.92835
vn -0.25345 -0.12419 0.95934
vn -0.95934 -0.12419 0.25345
vn -0.92835 0.27931 0.24526
vn -0.24708 0.25345 -0.93526
vn -0.24708 -0.25345 -0.93526
vn -0.93526 -0.25345 -0.24708
vn -0.93526 0.25345 -0.24708
vn 0.24708 0.25345 -0.93526
vn 0.93526 0.25345 -0.24708
vn 0.93526 -0.25345 -0.24708
vn 0.24708 -0.25345 -0.93526
vn 0.24708 0.25345 0.93526
vn 0.24708 -0.25345 0.93526
vn 0.93526 -0.25345 0.24708
vn 0.93526 0.25345 0.24708
vn -0.24708 0.25345 0.93526
vn -0.93526 0.25345 0.24708
vn -0.93526 -0.25345 0.24708
vn -0.24708 -0.25345 0.93526
vn -0.22586 0.46702 -0.85492
vn -0.21685 0.52840 -0.82083
vn -0.82083 0.52840 -0.21685
vn -0.85492 0.46702 -0.22586
vn 0.22586 0.46702 -0.85492
vn 0.85492 0.46702 -0.22586
vn 0.82083 0.52840 -0.21685
vn 0.21685 0.52840 -0.82083
vn -0.23000 -0.43492 -0.87060
vn -0.87060 -0.43492 -0.23000
vn -0.82083 -0.52840 -0.21685
vn -0.21685 -0.52840 -0.82083
vn 0.23000 -0.43492 -0.87060
vn 0.21685 -0.52840 -0.82083
vn 0.82083 -0.52840 -0.21685
vn 0.87060 -0.43492 -0.23000
vn 0.22586 0.46702 0.85492
vn 0.21685 0.52840 0.82083
vn 0.82083 0.52840 0.21685
vn 0.85492 0.46702 0.22586
vn -0.22586 0.46702 0.85492
vn -0.85492 0.46702 0.22586
vn -0.82083 0.52840 0.21685
vn -0.21685 0.52840 0.82083
vn 0.23000 -0.43492 0.87060
vn 0.87060 -0.43492 0.23000
vn 0.82083 -0.52840 0.21685
vn 0.21685 -0.52840 0.82083
vn -0.23000 -0.43492 0.87060
vn -0.21685 -0.52840 0.82083
vn -0.82083 -0.52840 0.21685
vn -0.87060 -0.43492 0.23000
vn 0.25236 0.15446 -0.95523
vn 0.25391 -0.10881 -0.96109
vn 0.96109 -0.10881 -0.25391
vn 0.95523 0.15446 -0.25236
vn -0.25236 0.15446 -0.95523
vn -0.95523 0.15446 -0.25236
vn -0.96109 -0.10881 -0.25391
vn -0.25391 -0.10881 -0.96109
vn -0.25236 0.15446 0.95523
vn -0.25391 -0.10881 0.96109
vn -0.96109 -0.10881 0.25391
vn -0.95523 0.15446 0.25236
vn 0.25236 0.15446 0.95523
vn 0.95523 0.15446 0.25236
vn 0.96109 -0.10881 0.25391
vn 0.25391 -0.10881 0.96109
vn 0.47430 -0.87912 0.04666
vn 0.67283 -0.71812 -0.17775
vn 0.17775 -0.71812 -0.67283
vn -0.04666 -0.87912 -0.47430
vn 0.47430 -0.87912 -0.04666
vn -0.04666 -0.87912 0.47430
vn 0.17775 -0.71812 0.67283
vn 0.67283 -0.71812 0.17775
vn 0.04666 -0.87912 -0.47430
vn -0.17775 -0.71812 -0.67283
vn -0.67283 -0.71812 -0.17775
vn -0.47430 -0.87912 0.04666
vn -0.47430 -0.87912 -0.04666
vn -0.67283 -0.71812 0.17775
vn -0.17775 -0.71812 0.67283
vn 0.04666 -0.87912 0.47430
vn 0.24229 -0.31659 -0.91710
vn 0.09708 -0.92496 -0.36747
vn 0.36747 -0.92496 -0.09708
vn 0.91710 -0.31659 -0.24229
vn -0.24229 -0.31659 -0.91710
vn -0.91710 -0.31659 -0.24229
vn -0.36747 -0.92496 -0.09708
vn -0.09708 -0.92496 -0.36747
vn 0.24229 -0.31659 0.91710
vn 0.91710 -0.31659 0.24229
vn 0.36747 -0.92496 0.09708
vn 0.09708 -0.92496 0.36747
vn -0.24229 -0.31659 0.91710
vn -0.09708 -0.92496 0.36747
vn -0.36747 -0.92496 0.09708
vn -0.91710 -0.31659 0.24229
vn -0.25535 -0.02346 0.96656
vn -0.96656 -0.02346 0.25535
vn -0.95198 -0.17461 0.25150
vn -0.25150 -0.17461 0.95198
vn 0.25535 -0.02346 0.96656
vn 0.25150 -0.17461 0.95198
vn 0.95198 -0.17461 0.25150
vn 0.96656 -0.02346 0.25535
vn -0.25535 -0.02345 -0.96656
vn -0.25150 -0.17461 -0.95198
vn -0.95198 -0.17461 -0.25150
vn -0.96656 -0.02346 -0.25535
vn 0.25535 -0.02346 -0.96656
vn 0.96656 -0.02345 -0.25535
vn 0.95198 -0.17461 -0.25150
vn 0.25150 -0.17461 -0.95198
vn -0.25346 -0.12372 0.95940
vn -0.25346 0.12372 0.95940
vn -0.95940 0.12372 0.25346
vn -0.95940 -0.12372 0.25346
vn 0.25346 -0.12372 0.95940
vn 0.95940 -0.12372 0.25346
vn 0.95940 0.12372 0.25346
vn 0.25346 0.12372 0.95940
vn -0.25346 -0.12372 -0.95940
vn -0.95940 -0.12372 -0.25346
vn -0.95940 0.12372 -0.25346
vn -0.25346 0.12372 -0.95940
vn 0.25346 -0.12372 -0.95940
vn 0.25346 0.12372 -0.95940
vn 0.95940 0.12372 -0.25346
vn 0.95940 -0.12372 -0.25346
vn 0.21410 -0.54532 0.81042
vn 0.81042 -0.54532 0.21410
vn 0.87087 -0.43434 0.23007
vn 0.23007 -0.43434 0.87087
vn -0.21410 -0.54532 0.81042
vn -0.23007 -0.43434 0.87087
vn -0.87087 -0.43434 0.23007
vn -0.81042 -0.54532 0.21410
vn 0.23543 0.38782 0.89116
vn 0.23007 0.43434 0.87087
vn 0.87087 0.43434 0.23007
vn 0.89116 0.38782 0.23543
vn -0.23543 0.38782 0.89116
vn -0.89116 0.38782 0.23543
vn -0.87087 0.43434 0.23007
vn -0.23007 0.43434 0.87087
vn -0.21410 -0.54532 -0.81042
vn -0.81042 -0.54532 -0.21410
vn -0.87087 -0.43434 -0.23007
vn -0.23007 -0.43434 -0.87087
vn 0.21410 -0.54532 -0.81042
vn 0.23007 -0.43434 -0.87087
vn 0.87087 -0.43434 -0.23007
vn 0.81042 -0.54532 -0.21410
vn -0.23543 0.38782 -0.89116
vn -0.23007 0.43434 -0.87087
vn -0.87087 0.43434 -0.23007
vn -0.89116 0.38782 -0.23543
vn 0.23543 0.38782 -0.89116
vn 0.89116 0.38782 -0.23543
vn 0.87087 0.43434 -0.23007
vn 0.23007 0.43434 -0.87087
vn -0.24604 -0.26856 0.93131
vn -0.93131 -0.26856 0.24604
vn -0.95621 -0.14778 0.25262
vn -0.25262 -0.14778 0.95621
vn 0.24604 -0.26856 0.93131
vn 0.25262 -0.14778 0.95621
vn 0.95621 -0.14778 0.25262
vn 0.93131 -0.26856 0.24604
vn -0.24604 -0.26856 -0.93131
vn -0.25262 -0.14778 -0.95621
vn -0.95621 -0.14778 -0.25262
vn -0.93131 -0.26856 -0.24604
vn 0.24604 -0.26856 -0.93131
vn 0.93131 -0.26856 -0.24604
vn 0.95621 -0.14778 -0.25262
vn 0.25262 -0.14778 -0.95621
vn -0.40692 0.90945 -0.08559
vn 0.08559 0.90945 0.40692
vn -0.19961 0.62390 0.75558
vn -0.75558 0.62390 0.19961
vn -0.40692 0.90945 0.08559
vn -0.75558 0.62390 -0.19961
vn -0.19961 0.62390 -0.75558
vn 0.08559 0.90945 -0.40692
vn -0.08559 0.90945 0.40692
vn 0.40692 0.90945 -0.08559
vn 0.75558 0.62390 0.19961
vn 0.19961 0.62390 0.75558
vn 0.40692 0.90945 0.08559
vn -0.08559 0.90945 -0.40692
vn 0.19961 0.62390 -0.75558
vn 0.75558 0.62390 -0.19961
vn -0.19271 -0.65634 0.72944
vn -0.72944 -0.65634 0.19271
vn 0.85461 0.46761 -0.22578
vn 0.22578 0.46761 -0.85461
vn 0.19271 -0.65634 0.72944
vn -0.22578 0.46761 -0.85461
vn -0.85461 0.46761 -0.22578
vn 0.72944 -0.65634 0.19271
vn -0.19271 -0.65634 -0.72944
vn 0.22578 0.46761 0.85461
vn 0.85461 0.46761 0.22578
vn -0.72944 -0.65634 -0.19271
vn 0.19271 -0.65634 -0.72944
vn 0.72944 -0.65634 -0.19271
vn -0.85461 0.46761 0.22578
vn -0.22578 0.46761 0.85461
vn 0.09114 0.93417 -0.34499
vn 0.34499 0.93417 -0.09114
vn -0.27452 0.95884 0.07252
vn -0.07252 0.95884 0.27452
vn -0.09114 0.93417 -0.34499
vn 0.07252 0.95884 0.27452
vn 0.27452 0.95884 0.07252
vn -0.34499 0.93417 -0.09114
vn -0.09114 0.93417 0.34499
vn -0.34499 0.93417 0.09114
vn 0.27452 0.95884 -0.07252
vn 0.07252 0.95884 -0.27452
vn 0.09114 0.93417 0.34499
vn -0.07252 0.95884 -0.27452
vn -0.27452 0.95884 -0.07252
vn 0.34499 0.93417 0.09114
vn -0.95153 -0.17681 -0.25164
vn -0.88258 -0.31305 -0.35079
vn -0.25164 -0.17681 -0.95153
vn -0.35079 -0.31305 0.88258
vn -0.95153 -0.17681 0.25164
vn -0.25164 -0.17681 0.95153
vn 0.35079 -0.31305 -0.88258
vn 0.95153 -0.17681 -0.25164
vn 0.25164 -0.17681 -0.95153
vn 0.88258 -0.31305 0.35079
vn 0.25164 -0.17681 0.95153
vn 0.95153 -0.17681 0.25164
vn 0.25251 0.24544 0.93595
vn 0.35205 0.34715 0.86922
vn 0.93595 0.24544 0.25251
vn 0.86922 0.34715 -0.35205
vn 0.25251 0.24544 -0.93595
vn 0.93595 0.24544 -0.25251
vn -0.86922 0.34715 0.35205
vn -0.25251 0.24544 0.93595
vn -0.93595 0.24544 0.25251
vn -0.35205 0.34715 -0.86922
vn -0.93595 0.24544 -0.25251
vn -0.25251 0.24544 -0.93595
vn -0.99777 -0.06669 0.00204
vn -0.37054 -0.92772 -0.04508
vn 0.00204 -0.06669 0.99777
vn -0.04508 -0.92772 0.37054
vn 0.99777 -0.06669 -0.00204
vn 0.37054 -0.92772 0.04508
vn -0.00204 -0.06669 -0.99777
vn 0.04508 -0.92772 -0.37054
vn 0 -1 0
vn 0.21763 0.97589 -0.01650
vn 0.99215 0.12504 0
vn -0.01650 0.97589 -0.21763
vn 0 0.12504 -0.99215
vn -0.21763 0.97589 0.01650
vn -0.99215 0.12504 0
vn 0.01650 0.97589 0.21763
vn 0 0.12504 0.99215
vn 0 1 0
vn 0 0.07230 -0.99738
vn 0 0.07230 0.99738
vn -0.99738 0.07230 0
vn 0.99738 0.07230 0
vn 0 0 -1
vn 0 0 1
vn -1 0 0
vn 1 0 0
vn 0 0.46151 -0.88713
vn 0 -0.44645 -0.89481
vn 0 0.46151 0.88713
vn 0 -0.44645 0.89481
vn -0.88713 0.46151 0
vn -0.89481 -0.44645 0
vn 0.88713 0.46151 0
vn 0.89481 -0.44645 0
vn -0.97435 -0.22504 0.00209
vn 0.00209 -0.22504 0.97435
vn 0.97435 -0.22504 -0.00209
vn -0.00209 -0.22504 -0.97435
vn 0 0.02092 -0.999781
vn 0 0.02092 0.999781
vn -0.999781 0.02092 0
vn 0.999781 0.02092 0
vn 0.66376 -0.74603 0.05351
vn -0.69708 -0.70126 -0.14941
vn 0.05351 -0.74603 -0.66376
vn -0.14941 -0.70126 0.69708
vn -0.66376 -0.74603 -0.05351
vn 0.69708 -0.70126 0.14941
vn -0.05351 -0.74603 0.66376
vn 0.14941 -0.70126 -0.69708
vn 0 -0.28933 -0.95723
vn 0 -0.91064 -0.41319
vn 0 -0.28933 0.95723
vn 0 -0.91064 0.41319
vn -0.95723 -0.28933 0
vn -0.41319 -0.91064 0
vn 0.95723 -0.28933 0
vn 0.41319 -0.91064 0
vn 0 -0.09012 0.99593
vn 0 -0.09012 -0.99593
vn 0.99593 -0.09012 0
vn -0.99593 -0.09012 0
vn 0 0 1
vn 0 0 -1
vn 1 0 0
vn -1 0 0
vn 0 -0.45473 0.89063
vn 0 0.37824 0.92571
vn 0 -0.45473 -0.89063
vn 0 0.37824 -0.92571
vn 0.89063 -0.45473 0
vn 0.92571 0.37824 0
vn -0.89063 -0.45473 0
vn -0.92571 0.37824 0
vn 0.96227 0.27209 0.00224
vn 0.00224 0.27209 -0.96227
vn -0.96227 0.27209 -0.00224
vn -0.00224 0.27209 0.96227
vn 0 -0.18975 0.98183
vn 0 -0.18975 -0.98183
vn 0.98183 -0.18975 0
vn -0.98183 -0.18975 0
vn -0.70730 0.70402 0.06394
vn 0.68173 0.71512 -0.15444
vn 0.06394 0.70402 0.70730
vn -0.15444 0.71512 -0.68173
vn 0.70730 0.70402 -0.06394
vn -0.68173 0.71512 0.15444
vn -0.06394 0.70402 -0.70730
vn 0.15444 0.71512 0.68173
vn 0 -0.61885 0.78551
vn 0 0.43206 -0.90185
vn 0 0.43206 0.90185
vn 0 -0.61885 -0.78551
vn -0.90185 0.43206 0
vn 0.78551 -0.61885 0
vn -0.78551 -0.61885 0
vn 0.90185 0.43206 0
vn 0 0.999137 -0.04154
vn 0 0.999137 0.04154
vn -0.04154 0.999137 0
vn 0.04154 0.999137 0
vn -0.25462 0.07920 -0.96379
vn -0.96379 0.07920 -0.25462
vn 0.25462 0.07920 -0.96379
vn 0.96379 0.07920 -0.25462
vn 0.25462 0.07920 0.96379
vn 0.96379 0.07920 0.25462
vn -0.25462 0.07920 0.96379
vn -0.96379 0.07920 0.25462
vn -0.25542 0 -0.96683
vn -0.96683 0 -0.25542
vn 0.25542 0 -0.96683
vn 0.96683 0 -0.25542
vn 0.25542 0 0.96683
vn 0.96683 0 0.25542
vn -0.25542 0 0.96683
vn -0.96683 0 0.25542
vn -0.22150 0.49802 -0.83840
vn -0.83840 0.49802 -0.22150
vn 0.22150 0.49802 -0.83840
vn 0.83840 0.49802 -0.22150
vn -0.22375 -0.48235 -0.84692
vn -0.84692 -0.48235 -0.22375
vn 0.22375 -0.48235 -0.84692
vn 0.84692 -0.48235 -0.22375
vn 0.22150 0.49802 0.83840
vn 0.83840 0.49802 0.22150
vn -0.22150 0.49802 0.83840
vn -0.83840 0.49802 0.22150
vn 0.22375 -0.48235 0.84692
vn 0.84692 -0.48235 0.22375
vn -0.22375 -0.48235 0.84692
vn -0.84692 -0.48235 0.22375
vn 0.25536 0.02302 -0.96657
vn 0.96657 0.02302 -0.25536
vn -0.25536 0.02302 -0.96657
vn -0.96657 0.02302 -0.25536
vn -0.25536 0.02302 0.96657
vn -0.96657 0.02302 0.25536
vn 0.25536 0.02302 0.96657
vn 0.96657 0.02302 0.25536
vn 0.34824 -0.87032 -0.34824
vn 0.34824 -0.87032 0.34824
vn -0.34824 -0.87032 -0.34824
vn -0.34824 -0.87032 0.34824
vn 0.24229 -0.31659 -0.91710
vn 0.91710 -0.31659 -0.24229
vn 0.23664 -0.94234 -0.23664
vn -0.24229 -0.31659 -0.91710
vn -0.23664 -0.94234 -0.23664
vn -0.91710 -0.31659 -0.24229
vn 0.24229 -0.31659 0.91710
vn 0.23664 -0.94234 0.23664
vn 0.91710 -0.31659 0.24229
vn -0.24229 -0.31659 0.91710
vn -0.91710 -0.31659 0.24229
vn -0.23664 -0.94234 0.23664
vn -0.25416 -0.09932 0.96205
vn -0.96205 -0.09932 0.25416
vn 0.25416 -0.09932 0.96205
vn 0.96205 -0.09932 0.25416
vn -0.25416 -0.09932 -0.96205
vn -0.96205 -0.09932 -0.25416
vn 0.25416 -0.09932 -0.96205
vn 0.96205 -0.09932 -0.25416
vn -0.25542 0 0.96683
vn -0.96683 0 0.25542
vn 0.25542 0 0.96683
vn 0.96683 0 0.25542
vn -0.25543 0 -0.96683
vn -0.96683 0 -0.25542
vn 0.25542 0 -0.96683
vn 0.96683 0 -0.25543
vn 0.22254 -0.49083 0.84236
vn 0.84236 -0.49083 0.22254
vn -0.22254 -0.49083 0.84236
vn -0.84236 -0.49083 0.22254
vn 0.23283 0.41121 0.88130
vn 0.88130 0.41121 0.23283
vn -0.23283 0.41121 0.88130
vn -0.88130 0.41121 0.23283
vn -0.22254 -0.49083 -0.84236
vn -0.84236 -0.49083 -0.22254
vn 0.22254 -0.49083 -0.84236
vn 0.84236 -0.49083 -0.22254
vn -0.23283 0.41121 -0.88130
vn -0.88130 0.41121 -0.23283
vn 0.23283 0.41121 -0.88130
vn 0.88130 0.41121 -0.23283
vn -0.24981 -0.20857 0.94557
vn -0.94557 -0.20857 0.24981
vn 0.24981 -0.20857 0.94557
vn 0.94557 -0.20857 0.24981
vn -0.24981 -0.20857 -0.94557
vn -0.94557 -0.20857 -0.24981
vn 0.24981 -0.20857 -0.94557
vn 0.94557 -0.20857 -0.24981
vn -0.35871 0.86177 0.35871
vn -0.35871 0.86177 -0.35871
vn 0.35871 0.86177 0.35871
vn 0.35871 0.86177 -0.35871
vn -0.49836 -0.70942 0.49836
vn 0.22578 0.46761 -0.85461
vn 0.85461 0.46761 -0.22578
vn 0.49836 -0.70942 0.49836
vn -0.85461 0.46761 -0.22578
vn -0.22578 0.46761 -0.85461
vn -0.49836 -0.70942 -0.49836
vn 0.85461 0.46761 0.22578
vn 0.22578 0.46761 0.85461
vn 0.49836 -0.70942 -0.49836
vn -0.22578 0.46761 0.85461
vn -0.85461 0.46761 0.22578
vn 0.02352 0.999447 -0.02352
vn -0.02352 0.999447 -0.02352
vn -0.02352 0.999447 0.02352
vn 0.02352 0.999447 0.02352
vn -0.92088 -0.24595 -0.30247
vn -0.25164 -0.17681 -0.95153
vn -0.30247 -0.24595 0.92088
vn -0.95153 -0.17681 0.25164
vn 0.30247 -0.24595 -0.92088
vn 0.95153 -0.17681 -0.25164
vn 0.92088 -0.24595 0.30247
vn 0.25164 -0.17681 0.95153
vn 0.30322 0.29721 0.90539
vn 0.93595 0.24544 0.25251
vn 0.90539 0.29721 -0.30322
vn 0.25251 0.24544 -0.93595
vn -0.90539 0.29721 0.30322
vn -0.25251 0.24544 0.93595
vn -0.30322 0.29721 -0.90539
vn -0.93595 0.24544 -0.25251
vn -0.99712 -0.07588 0.00102
vn 0.00102 -0.07588 0.99712
vn 0.99712 -0.07588 -0.00102
vn -0.00102 -0.07588 -0.99712
vn -0.94548 -0.06330 0.31947
vn -0.25853 -0.92911 0.26441
vn -0.31560 -0.06317 0.94679
vn -0.21841 -0.97570 -0.01742
vn -0.94679 -0.06317 -0.31560
vn -0.26441 -0.92911 -0.25854
vn -0.31947 -0.06330 -0.94548
vn 0.31947 -0.06330 0.94548
vn 0.26441 -0.92911 0.25853
vn 0.94679 -0.06317 0.31560
vn -0.01742 -0.97570 0.21841
vn 0.94548 -0.06330 -0.31947
vn 0.25853 -0.92911 -0.26441
vn 0.31560 -0.06317 -0.94679
vn 0.21841 -0.97570 0.01742
vn 0.01742 -0.97570 -0.21841
vn 0.99130 0.13162 0
vn 0 0.13162 -0.99130
vn -0.99130 0.13162 0
vn 0 0.13162 0.99130
vn 0.12754 0.99182 -0.00516
vn 0.17805 0.97309 -0.14626
vn 0.32023 0.11846 -0.93991
vn 0.93991 0.11846 -0.32023
vn 0.14626 0.97309 0.17805
vn 0.32023 0.11846 0.93991
vn 0.93991 0.11846 0.32023
vn -0.00516 0.99182 -0.12754
vn -0.14626 0.97309 -0.17805
vn -0.93991 0.11846 -0.32023
vn -0.32023 0.11846 -0.93991
vn -0.12754 0.99182 0.00516
vn -0.17805 0.97309 0.14626
vn -0.32023 0.11846 0.93991
vn -0.93991 0.11846 0.32023
vn 0.00516 0.99182 0.12754
vn 0 -0.25959 -0.96572
vn 0.14711 0.07618 -0.98618
vn 0 0.25474 -0.96701
vn 0 0.92139 -0.38863
vn -0.14711 0.07618 -0.98618
vn -0.14711 0.07618 0.98618
vn 0 0.25474 0.96701
vn 0 0.92139 0.38863
vn 0.14711 0.07618 0.98618
vn 0 -0.25959 0.96572
vn -0.98618 0.07618 -0.14711
vn -0.96701 0.25474 0
vn -0.38863 0.92139 0
vn -0.98618 0.07618 0.14711
vn -0.96572 -0.25959 0
vn 0.96572 -0.25959 0
vn 0.98618 0.07618 0.14711
vn 0.96701 0.25474 0
vn 0.38863 0.92139 0
vn 0.98618 0.07617 -0.14711
vn 0 0.36452 -0.93119
vn 0.14745 0 -0.98907
vn 0 -0.36452 -0.93119
vn -0.14745 0 -0.98907
vn -0.14745 0 0.98907
vn 0 -0.36452 0.93119
vn 0.14745 0 0.98907
vn 0 0.36452 0.93119
vn -0.98907 0 -0.14745
vn -0.93119 -0.36452 0
vn -0.98907 0 0.14745
vn -0.93119 0.36452 0
vn 0.93119 0.36452 0
vn 0.98907 0 0.14745
vn 0.93119 -0.36452 0
vn 0.98907 0 -0.14745
vn 0.12838 0.48198 -0.86673
vn -0.12838 0.48198 -0.86673
vn 0 0.28921 -0.95727
vn -0.12966 -0.46657 -0.87493
vn 0.12966 -0.46657 -0.87493
vn -0.12838 0.48198 0.86673
vn 0.12838 0.48198 0.86673
vn 0 0.28921 0.95727
vn 0.12966 -0.46657 0.87493
vn -0.12966 -0.46657 0.87493
vn -0.86673 0.48198 -0.12838
vn -0.86673 0.48198 0.12838
vn -0.95727 0.28921 0
vn -0.87493 -0.46657 0.12966
vn -0.87493 -0.46657 -0.12966
vn 0.95727 0.28921 0
vn 0.86673 0.48198 0.12838
vn 0.86673 0.48198 -0.12838
vn 0.87493 -0.46657 -0.12966
vn 0.87493 -0.46657 0.12966
vn -0.93812 -0.26233 -0.22609
vn -0.92002 -0.38841 -0.05188
vn 0.50739 -0.84699 0.15866
vn -0.94766 -0.25832 0.18762
vn -0.35079 -0.31305 0.88258
vn -0.92874 -0.23451 0.28713
vn -0.28018 -0.21319 0.93598
vn -0.93598 -0.21319 -0.28018
vn -0.28713 -0.23451 -0.92874
vn -0.22609 -0.26233 0.93812
vn -0.05188 -0.38841 0.92002
vn 0.15866 -0.84699 -0.50739
vn 0.18762 -0.25832 0.94766
vn 0.88258 -0.31305 0.35079
vn 0.28713 -0.23451 0.92874
vn 0.93598 -0.21319 0.28018
vn 0.93812 -0.26233 0.22609
vn 0.92002 -0.38841 0.05188
vn -0.50739 -0.84699 -0.15866
vn 0.94766 -0.25832 -0.18762
vn 0.35079 -0.31305 -0.88258
vn 0.92874 -0.23451 -0.28713
vn 0.28018 -0.21319 -0.93598
vn 0.22609 -0.26233 -0.93812
vn 0.05188 -0.38841 -0.92002
vn -0.15866 -0.84699 0.50739
vn -0.18762 -0.25832 -0.94766
vn -0.88258 -0.31305 -0.35079
vn 0 -0.19492 -0.98082
vn 0.14765 0.02209 -0.98879
vn -0.14765 0.02209 -0.98879
vn -0.14765 0.02209 0.98879
vn 0.14765 0.02209 0.98879
vn 0 -0.19491 0.98082
vn -0.98879 0.02209 -0.14765
vn -0.98879 0.02209 0.14765
vn -0.98082 -0.19491 0
vn 0.98082 -0.19492 0
vn 0.98879 0.02209 0.14765
vn 0.98879 0.02209 -0.14765
vn 0.73063 -0.68278 0
vn -0.41319 -0.91064 0
vn 0.60646 -0.79512 -0.00012
vn 0.63479 -0.77081 0.05380
vn -0.69708 -0.70126 -0.14941
vn 0 -0.68278 -0.73063
vn 0 -0.91064 0.41319
vn -0.00012 -0.79512 -0.60646
vn 0.05380 -0.77081 -0.63479
vn -0.14941 -0.70126 0.69708
vn -0.73063 -0.68278 0
vn 0.41319 -0.91064 0
vn -0.60646 -0.79512 0.00012
vn -0.63479 -0.77081 -0.05380
vn 0.69708 -0.70126 0.14941
vn 0 -0.68278 0.73063
vn 0 -0.91064 -0.41319
vn 0.00012 -0.79512 0.60646
vn -0.05380 -0.77081 0.63479
vn 0.14941 -0.70126 -0.69708
vn -0.14028 -0.30457 -0.94210
vn -0.05653 -0.91876 -0.39074
vn 0.05653 -0.91876 -0.39074
vn 0.14028 -0.30457 -0.94211
vn 0.14028 -0.30457 0.94210
vn 0.05653 -0.91876 0.39074
vn -0.14028 -0.30457 0.94211
vn -0.05653 -0.91876 0.39074
vn -0.94210 -0.30457 0.14028
vn -0.39074 -0.91876 0.05653
vn -0.94211 -0.30457 -0.14028
vn -0.39074 -0.91876 -0.05653
vn 0.94210 -0.30457 -0.14028
vn 0.39074 -0.91876 -0.05653
vn 0.39074 -0.91876 0.05653
vn 0.94211 -0.30457 0.14028
vn 0 -0.02124 0.999774
vn 0 0.95048 0.31080
vn -0.14702 -0.09526 0.98454
vn 0 0.10224 0.99476
vn 0.14702 -0.09526 0.98454
vn -0.14702 -0.09525 -0.98454
vn 0 -0.02124 -0.999774
vn 0 0.95048 -0.31080
vn 0.14702 -0.09526 -0.98454
vn 0 0.10224 -0.99476
vn 0.98454 -0.09525 -0.14702
vn 0.999774 -0.02124 0
vn 0.31080 0.95048 0
vn 0.98454 -0.09526 0.14702
vn 0.99476 0.10224 0
vn -0.999774 -0.02124 0
vn -0.31080 0.95048 0
vn -0.98454 -0.09526 -0.14702
vn -0.99476 0.10224 0
vn -0.98454 -0.09526 0.14702
vn 0 0.25910 0.96585
vn -0.14770 0 0.98903
vn 0 -0.25910 0.96585
vn 0.14770 0 0.98903
vn -0.14770 0 -0.98903
vn 0 0.25910 -0.96585
vn 0.14770 0 -0.98903
vn 0 -0.25910 -0.96585
vn 0.98903 0 -0.14770
vn 0.96585 0.25910 0
vn 0.98903 0 0.14770
vn 0.96585 -0.25910 0
vn -0.96585 0.25910 0
vn -0.98903 0 -0.14770
vn -0.96585 -0.25910 0
vn -0.98903 0 0.14770
vn 0.12897 -0.47497 0.87050
vn -0.12897 -0.47497 0.87050
vn 0 -0.38007 0.92496
vn 0.13487 0.39669 0.90799
vn -0.13487 0.39669 0.90799
vn -0.12897 -0.47497 -0.87050
vn 0.12897 -0.47497 -0.87050
vn 0 -0.38007 -0.92496
vn -0.13487 0.39669 -0.90799
vn 0.13487 0.39669 -0.90799
vn 0.87050 -0.47497 -0.12897
vn 0.87050 -0.47497 0.12897
vn 0.92496 -0.38007 0
vn 0.90799 0.39669 -0.13487
vn 0.90799 0.39669 0.13487
vn -0.87050 -0.47497 -0.12897
vn -0.92496 -0.38007 0
vn -0.87050 -0.47497 0.12897
vn -0.90799 0.39669 -0.13487
vn -0.90799 0.39669 0.13487
vn 0.92666 0.25149 -0.27939
vn 0.28661 0.27091 -0.91895
vn 0.92320 0.31021 -0.22688
vn 0.89917 0.43433 -0.05335
vn -0.43952 0.87873 0.18617
vn 0.93204 0.30942 0.18856
vn 0.35205 0.34715 0.86922
vn 0.91894 0.27091 0.28661
vn 0.27939 0.25149 0.92666
vn -0.27939 0.25149 -0.92666
vn -0.91894 0.27091 -0.28661
vn -0.22688 0.31021 -0.92320
vn -0.05335 0.43433 -0.89917
vn 0.18617 0.87873 0.43952
vn 0.18856 0.30942 -0.93204
vn 0.86922 0.34715 -0.35205
vn -0.92666 0.25149 0.27939
vn -0.28661 0.27091 0.91895
vn -0.92320 0.31021 0.22688
vn -0.89917 0.43433 0.05335
vn 0.43952 0.87873 -0.18617
vn -0.93204 0.30942 -0.18856
vn -0.35205 0.34715 -0.86922
vn 0.22688 0.31021 0.92320
vn 0.05335 0.43433 0.89917
vn -0.18617 0.87873 -0.43952
vn -0.18856 0.30942 0.93204
vn -0.86922 0.34715 0.35205
vn -0.14455 -0.20026 0.96902
vn 0 -0.39027 0.92070
vn 0.14455 -0.20026 0.96902
vn -0.14455 -0.20026 -0.96902
vn 0.14455 -0.20026 -0.96902
vn 0 -0.39027 -0.92070
vn 0.96902 -0.20026 -0.14455
vn 0.96902 -0.20026 0.14455
vn 0.92070 -0.39027 0
vn -0.96902 -0.20026 -0.14455
vn -0.92070 -0.39027 0
vn -0.96902 -0.20026 0.14455
vn 0.68173 0.71512 -0.15444
vn -0.68050 0.73104 0.05006
vn -0.85956 0.51103 0
vn -0.62685 0.77907 0.01067
vn -0.15444 0.71512 -0.68173
vn 0.05006 0.73104 0.68050
vn 0 0.51103 0.85956
vn 0.01067 0.77907 0.62685
vn -0.68173 0.71512 0.15444
vn 0.68050 0.73104 -0.05006
vn 0.85956 0.51103 0
vn 0.62685 0.77907 -0.01067
vn 0.15444 0.71512 0.68173
vn -0.05006 0.73104 -0.68050
vn 0 0.51103 -0.85956
vn -0.01067 0.77907 -0.62685
vn -0.11185 -0.63994 0.76024
vn 0.13083 0.45197 -0.88238
vn -0.13083 0.45197 -0.88238
vn 0.11185 -0.63994 0.76024
vn 0.13083 0.45197 0.88238
vn -0.11185 -0.63994 -0.76024
vn -0.13083 0.45197 0.88238
vn 0.11185 -0.63994 -0.76024
vn -0.88238 0.45197 0.13083
vn 0.76024 -0.63994 -0.11185
vn -0.88238 0.45197 -0.13083
vn 0.76024 -0.63994 0.11185
vn -0.76024 -0.63994 -0.11185
vn 0.88238 0.45197 0.13083
vn 0.88238 0.45197 -0.13083
vn -0.76024 -0.63994 0.11185
vn 0.00573 0.999209 -0.03936
vn -0.00573 0.999209 -0.03936
vn -0.00573 0.999209 0.03936
vn 0.00573 0.999209 0.03936
vn -0.03936 0.999209 -0.00573
vn -0.03936 0.999209 0.00573
vn 0.03936 0.999209 0.00573
vn 0.03936 0.999209 -0.00573
vn -0.92722 -0.28329 -0.24496
vn -0.24496 -0.28329 -0.92722
vn -0.24526 0.27931 -0.92835
vn -0.22167 0.94959 -0.22167
vn -0.92835 0.27931 -0.24526
vn 0.24496 -0.28329 -0.92722
vn 0.92722 -0.28329 -0.24496
vn 0.24526 0.27931 -0.92835
vn 0.22167 0.94959 -0.22167
vn 0.92835 0.27931 -0.24526
vn 0.92722 -0.28329 0.24496
vn 0.24496 -0.28329 0.92722
vn 0.24526 0.27931 0.92835
vn 0.22167 0.94959 0.22167
vn 0.92835 0.27931 0.24526
vn -0.24496 -0.28329 0.92722
vn -0.92722 -0.28329 0.24496
vn -0.24526 0.27931 0.92835
vn -0.22167 0.94959 0.22167
vn -0.92835 0.27931 0.24526
vn -0.23461 -0.39538 -0.88805
vn -0.88805 -0.39538 -0.23461
vn -0.23461 0.39538 -0.88805
vn -0.88805 0.39538 -0.23461
vn 0.88805 -0.39538 -0.23461
vn 0.23461 -0.39538 -0.88805
vn 0.23461 0.39538 -0.88805
vn 0.88805 0.39538 -0.23461
vn 0.23461 -0.39538 0.88805
vn 0.88805 -0.39538 0.23461
vn 0.23461 0.39538 0.88805
vn 0.88805 0.39538 0.23461
vn -0.88805 -0.39538 0.23461
vn -0.23461 -0.39538 0.88805
vn -0.23461 0.39538 0.88805
vn -0.88805 0.39538 0.23461
vn -0.24242 0.31504 -0.91760
vn -0.91760 0.31504 -0.24242
vn 0.24242 0.31504 -0.91760
vn 0.91760 0.31504 -0.24242
vn 0.24242 0.31504 0.91760
vn 0.91760 0.31504 0.24242
vn -0.24242 0.31504 0.91760
vn -0.91760 0.31504 0.24242
vn 0.24951 -0.21392 -0.94445
vn 0.94445 -0.21392 -0.24951
vn -0.94445 -0.21392 -0.24951
vn -0.24951 -0.21392 -0.94445
vn -0.24951 -0.21392 0.94445
vn -0.94445 -0.21392 0.24951
vn 0.94445 -0.21392 0.24951
vn 0.24951 -0.21392 0.94445
vn 0.45402 -0.76663 -0.45402
vn -0.23664 -0.94234 0.23664
vn 0.22999 -0.94562 -0.22999
vn -0.25164 -0.17681 0.95153
vn -0.95153 -0.17681 0.25164
vn 0.45402 -0.76663 0.45402
vn -0.23664 -0.94234 -0.23664
vn 0.22999 -0.94562 0.22999
vn -0.25164 -0.17681 -0.95153
vn -0.95153 -0.17681 -0.25164
vn -0.45402 -0.76663 -0.45402
vn 0.23664 -0.94234 0.23664
vn -0.22999 -0.94562 -0.22999
vn 0.95153 -0.17681 0.25164
vn 0.25164 -0.17681 0.95153
vn -0.45402 -0.76663 0.45402
vn 0.23664 -0.94234 -0.23664
vn -0.22999 -0.94562 0.22999
vn 0.25164 -0.17681 -0.95153
vn 0.95153 -0.17681 -0.25164
vn -0.96084 0.11115 0.25384
vn -0.25384 0.11115 0.96084
vn -0.25535 -0.02346 0.96656
vn -0.17532 0.96878 0.17532
vn -0.96656 -0.02346 0.25535
vn 0.25384 0.11115 0.96084
vn 0.96084 0.11115 0.25384
vn 0.25535 -0.02346 0.96656
vn 0.17532 0.96878 0.17532
vn 0.96656 -0.02346 0.25535
vn -0.25384 0.11115 -0.96084
vn -0.96084 0.11115 -0.25384
vn -0.25535 -0.02345 -0.96656
vn -0.17532 0.96878 -0.17532
vn -0.96656 -0.02346 -0.25535
vn 0.96084 0.11115 -0.25384
vn 0.25384 0.11115 -0.96084
vn 0.25535 -0.02346 -0.96656
vn 0.17532 0.96878 -0.17532
vn 0.96656 -0.02345 -0.25535
vn -0.24500 0.28276 0.92737
vn -0.92737 0.28276 0.24500
vn -0.24500 -0.28276 0.92737
vn -0.92737 -0.28276 0.24500
vn 0.92737 0.28276 0.24500
vn 0.24500 0.28276 0.92737
vn 0.24500 -0.28276 0.92737
vn 0.92737 -0.28276 0.24500
vn -0.92737 0.28276 -0.24500
vn -0.24500 0.28276 -0.92737
vn -0.24500 -0.28276 -0.92737
vn -0.92737 -0.28276 -0.24500
vn 0.24500 0.28276 -0.92737
vn 0.92737 0.28276 -0.24500
vn 0.24500 -0.28276 -0.92737
vn 0.92737 -0.28276 -0.24500
vn 0.23277 -0.41172 0.88108
vn 0.88108 -0.41172 0.23277
vn -0.23277 -0.41172 0.88108
vn -0.88108 -0.41172 0.23277
vn -0.23277 -0.41172 -0.88108
vn -0.88108 -0.41172 -0.23277
vn 0.23277 -0.41172 -0.88108
vn 0.88108 -0.41172 -0.23277
vn -0.62383 -0.47081 0.62383
vn 0.62383 -0.47081 0.62383
vn -0.62383 -0.47081 -0.62383
vn 0.62383 -0.47081 -0.62383
vn -0.21363 0.54816 0.80863
vn -0.80863 0.54816 0.21363
vn -0.17139 0.97018 0.17139
vn 0.93595 0.24544 -0.25251
vn 0.25251 0.24544 -0.93595
vn -0.80863 0.54816 -0.21363
vn -0.21363 0.54816 -0.80863
vn -0.17139 0.97018 -0.17139
vn 0.93595 0.24544 0.25251
vn 0.25251 0.24544 0.93595
vn 0.80863 0.54816 0.21363
vn 0.21363 0.54816 0.80863
vn 0.17139 0.97018 0.17139
vn -0.25251 0.24544 -0.93595
vn -0.93595 0.24544 -0.25251
vn 0.21363 0.54816 -0.80863
vn 0.80863 0.54816 -0.21363
vn 0.17139 0.97018 -0.17139
vn -0.93595 0.24544 0.25251
vn -0.25251 0.24544 0.93595
vn -0.94579 -0.07192 -0.31673
vn -0.31866 -0.07198 -0.94513
vn -0.94513 -0.07198 0.31866
vn -0.31673 -0.07192 0.94579
vn 0.94513 -0.07198 -0.31866
vn 0.31673 -0.07192 -0.94579
vn 0.31866 -0.07198 0.94513
vn 0.94579 -0.07192 0.31673
vn -0.20174 -0.96068 -0.19076
vn -0.19076 -0.96068 0.20174
vn 0.19076 -0.96068 -0.20174
vn 0.20174 -0.96068 0.19076
vn 0.93937 0.12472 0.31941
vn 0.31941 0.12472 0.93937
vn 0.93937 0.12472 -0.31941
vn 0.31941 0.12472 -0.93937
vn -0.93937 0.12472 0.31941
vn -0.31941 0.12472 0.93937
vn -0.31941 0.12472 -0.93937
vn -0.93937 0.12472 -0.31941
vn 0.10804 0.98515 0.13341
vn 0.13341 0.98515 -0.10804
vn -0.13341 0.98515 0.10804
vn -0.10804 0.98515 -0.13341
vn -0.14197 0.26847 -0.95277
vn -0.05308 0.92865 -0.36715
vn 0.14197 0.26847 -0.95277
vn 0.05308 0.92865 -0.36715
vn -0.14197 0.26847 0.95277
vn -0.05308 0.92865 0.36715
vn 0.14197 0.26847 0.95277
vn 0.05308 0.92865 0.36715
vn -0.95277 0.26847 -0.14197
vn -0.36715 0.92865 -0.05308
vn -0.95277 0.26847 0.14197
vn -0.36715 0.92865 0.05308
vn 0.95277 0.26847 -0.14197
vn 0.36715 0.92865 -0.05308
vn 0.95277 0.26847 0.14197
vn 0.36715 0.92865 0.05308
vn 0.14024 0.30371 -0.94239
vn -0.14024 0.30371 -0.94239
vn 0.14169 -0.27289 -0.95155
vn -0.14169 -0.27289 -0.95155
vn -0.14024 0.30371 0.94239
vn 0.14024 0.30371 0.94239
vn -0.14169 -0.27289 0.95155
vn 0.14169 -0.27289 0.95155
vn -0.94239 0.30371 -0.14024
vn -0.94239 0.30371 0.14024
vn -0.95155 -0.27289 -0.14169
vn -0.95155 -0.27289 0.14169
vn 0.94239 0.30371 -0.14024
vn 0.94239 0.30371 0.14024
vn 0.95155 -0.27289 -0.14169
vn 0.95155 -0.27289 0.14169
vn 0.13580 -0.38185 -0.91419
vn -0.13580 -0.38185 -0.91419
vn 0.13580 0.38185 -0.91419
vn -0.13580 0.38185 -0.91419
vn 0.13580 0.38185 0.91419
vn -0.13580 0.38185 0.91419
vn 0.13580 -0.38185 0.91419
vn -0.13580 -0.38185 0.91419
vn -0.91419 0.38185 -0.13580
vn -0.91419 0.38185 0.13580
vn -0.91419 -0.38185 -0.13580
vn -0.91419 -0.38185 0.13580
vn 0.91419 -0.38185 -0.13580
vn 0.91419 -0.38185 0.13580
vn 0.91419 0.38185 -0.13580
vn 0.91419 0.38185 0.13580
vn -0.91217 -0.37765 -0.15913
vn 0.47430 -0.87912 -0.04666
vn -0.96873 -0.19371 0.15503
vn 0.49175 -0.86464 0.10285
vn -0.15913 -0.37765 0.91217
vn -0.04666 -0.87912 -0.47430
vn 0.15503 -0.19371 0.96873
vn 0.10285 -0.86464 -0.49175
vn 0.96873 -0.19371 -0.15503
vn -0.49175 -0.86464 -0.10285
vn 0.91217 -0.37765 0.15913
vn -0.47430 -0.87912 0.04666
vn -0.15503 -0.19371 -0.96873
vn -0.10285 -0.86464 0.49175
vn 0.15913 -0.37765 -0.91217
vn 0.04666 -0.87912 0.47430
vn -0.88968 -0.38253 0.24929
vn -0.29452 -0.32794 0.89762
vn -0.89762 -0.32794 -0.29452
vn -0.24929 -0.38253 -0.88968
vn 0.24929 -0.38253 0.88968
vn 0.89762 -0.32794 0.29452
vn 0.88968 -0.38253 -0.24929
vn 0.29452 -0.32794 -0.89762
vn -0.14435 -0.20554 -0.96794
vn 0.14435 -0.20554 -0.96794
vn 0.14435 -0.20554 0.96794
vn -0.14435 -0.20554 0.96794
vn -0.96794 -0.20554 -0.14435
vn -0.96794 -0.20554 0.14435
vn 0.96794 -0.20554 -0.14435
vn 0.96794 -0.20554 0.14435
vn 0.70397 -0.70269 -0.10324
vn -0.39074 -0.91876 0.05653
vn 0.70397 -0.70269 0.10324
vn -0.39074 -0.91876 -0.05653
vn 0.10324 -0.70269 -0.70397
vn -0.05653 -0.91876 0.39074
vn -0.10324 -0.70269 -0.70397
vn 0.05653 -0.91876 0.39074
vn -0.70397 -0.70269 -0.10324
vn 0.39074 -0.91876 0.05653
vn -0.70397 -0.70269 0.10324
vn 0.39074 -0.91876 -0.05653
vn 0.10324 -0.70269 0.70397
vn -0.05653 -0.91876 -0.39074
vn -0.10324 -0.70269 0.70397
vn 0.05653 -0.91876 -0.39074
vn 0.14773 -0.02248 0.98877
vn 0.04225 0.95523 0.29283
vn -0.14773 -0.02248 0.98877
vn -0.04225 0.95523 0.29283
vn -0.14648 0.10728 0.98338
vn 0.14648 0.10728 0.98338
vn 0.14773 -0.02248 -0.98877
vn 0.04225 0.95523 -0.29283
vn -0.14773 -0.02248 -0.98877
vn -0.04225 0.95523 -0.29283
vn 0.14648 0.10728 -0.98338
vn -0.14648 0.10728 -0.98338
vn 0.98877 -0.02248 0.14773
vn 0.29283 0.95523 0.04225
vn 0.98877 -0.02248 -0.14773
vn 0.29283 0.95523 -0.04225
vn 0.98338 0.10728 0.14648
vn 0.98338 0.10728 -0.14648
vn -0.98877 -0.02248 0.14773
vn -0.29283 0.95523 0.04225
vn -0.98877 -0.02248 -0.14773
vn -0.29283 0.95523 -0.04225
vn -0.98338 0.10728 0.14648
vn -0.98338 0.10728 -0.14648
vn -0.14171 0.27237 0.95170
vn 0.14171 0.27237 0.95170
vn -0.14171 -0.27237 0.95170
vn 0.14171 -0.27237 0.95170
vn -0.14171 0.27237 -0.95170
vn 0.14171 0.27237 -0.95170
vn -0.14171 -0.27237 -0.95170
vn 0.14171 -0.27237 -0.95170
vn 0.95170 0.27237 0.14171
vn 0.95170 0.27237 -0.14171
vn 0.95170 -0.27237 0.14171
vn 0.95170 -0.27237 -0.14171
vn -0.95170 0.27237 0.14171
vn -0.95170 0.27237 -0.14171
vn -0.95170 -0.27237 0.14171
vn -0.95170 -0.27237 -0.14171
vn -0.13475 -0.39785 0.90750
vn 0.13475 -0.39785 0.90750
vn 0.13475 -0.39785 -0.90750
vn -0.13475 -0.39785 -0.90750
vn 0.90750 -0.39785 0.13475
vn 0.90750 -0.39785 -0.13475
vn -0.90750 -0.39785 0.13475
vn -0.90750 -0.39785 -0.13475
vn 0.88601 0.35820 -0.29441
vn 0.24864 0.40515 -0.87979
vn 0.95285 0.25952 0.15727
vn -0.42386 0.89545 0.13608
vn 0.89049 0.42539 -0.16146
vn -0.40692 0.90945 -0.08559
vn 0.87979 0.40515 0.24864
vn 0.29441 0.35820 0.88601
vn -0.29441 0.35820 -0.88601
vn -0.87979 0.40515 -0.24864
vn 0.15727 0.25952 -0.95285
vn 0.13608 0.89545 0.42386
vn -0.16146 0.42539 -0.89049
vn -0.08559 0.90945 0.40692
vn -0.88601 0.35820 0.29441
vn -0.24864 0.40515 0.87979
vn -0.89049 0.42539 0.16146
vn 0.40692 0.90945 0.08559
vn -0.95285 0.25952 -0.15727
vn 0.42386 0.89545 -0.13608
vn 0.16146 0.42539 0.89049
vn 0.08559 0.90945 -0.40692
vn -0.15727 0.25952 0.95285
vn -0.13608 0.89545 -0.42386
vn 0.13407 -0.40649 0.90376
vn -0.13407 -0.40649 0.90376
vn -0.13407 -0.40649 -0.90376
vn 0.13407 -0.40649 -0.90376
vn 0.90376 -0.40649 0.13407
vn 0.90376 -0.40649 -0.13407
vn -0.90376 -0.40649 0.13407
vn -0.90376 -0.40649 -0.13407
vn -0.83771 0.53189 0.12385
vn -0.83771 0.53189 -0.12385
vn -0.12385 0.53189 0.83771
vn 0.12385 0.53189 0.83771
vn 0.83771 0.53189 0.12385
vn 0.83771 0.53189 -0.12385
vn -0.12385 0.53189 -0.83771
vn 0.12385 0.53189 -0.83771
vn -0.94679 -0.06317 -0.31560
vn -0.94548 -0.06330 0.31947
vn -0.31547 -0.94309 0.10516
vn -0.41604 -0.88838 -0.19415
vn -0.31560 -0.06317 0.94679
vn 0.31947 -0.06330 0.94548
vn 0.10516 -0.94309 0.31547
vn -0.19415 -0.88838 0.41604
vn 0.94679 -0.06317 0.31560
vn 0.94548 -0.06330 -0.31947
vn 0.31547 -0.94309 -0.10516
vn 0.41604 -0.88838 0.19415
vn 0.31560 -0.06317 -0.94679
vn -0.31947 -0.06330 -0.94548
vn -0.10516 -0.94309 -0.31547
vn 0.19415 -0.88838 -0.41604
vn -0.07256 -0.99602 -0.05183
vn -0.05183 -0.99602 0.07256
vn 0.07256 -0.99602 0.05183
vn 0.05183 -0.99602 -0.07256
vn 0.16806 0.98162 0.09047
vn 0.26417 0.95657 -0.12325
vn 0.93991 0.11846 -0.32023
vn 0.93991 0.11846 0.32023
vn 0.09047 0.98162 -0.16806
vn -0.12325 0.95657 -0.26417
vn -0.32023 0.11846 -0.93991
vn 0.32023 0.11846 -0.93991
vn -0.16806 0.98162 -0.09047
vn -0.26417 0.95657 0.12325
vn -0.93991 0.11846 0.32023
vn -0.93991 0.11846 -0.32023
vn -0.09047 0.98162 0.16806
vn 0.12325 0.95657 0.26417
vn 0.32023 0.11846 0.93991
vn -0.32023 0.11846 0.93991
vn -0.04305 0.99860 0.03078
vn -0.03078 0.99860 -0.04305
vn 0.04305 0.99860 -0.03078
vn 0.03078 0.99860 0.04305
vn -0.03809 -0.11254 -0.99292
vn 0.03809 -0.11254 -0.99292
vn 0.03707 0.25457 -0.96634
vn -0.03707 0.25457 -0.96634
vn -0.03809 -0.11254 0.99292
vn -0.03707 0.25457 0.96634
vn 0.03707 0.25457 0.96634
vn 0.03809 -0.11254 0.99292
vn -0.99292 -0.11254 -0.03809
vn -0.96634 0.25457 -0.03707
vn -0.96634 0.25457 0.03707
vn -0.99292 -0.11254 0.03809
vn 0.99292 -0.11254 -0.03809
vn 0.99292 -0.11254 0.03809
vn 0.96634 0.25457 0.03707
vn 0.96634 0.25457 -0.03707
vn -0.03730 0.23071 -0.97231
vn 0.03730 0.23071 -0.97231
vn 0.03730 -0.23071 -0.97231
vn -0.03730 -0.23071 -0.97231
vn -0.03730 0.23071 0.97231
vn -0.03730 -0.23071 0.97231
vn 0.03730 -0.23071 0.97231
vn 0.03730 0.23071 0.97231
vn -0.97231 0.23071 -0.03730
vn -0.97231 -0.23071 -0.03730
vn -0.97231 -0.23071 0.03730
vn -0.97231 0.23071 0.03730
vn 0.97231 0.23071 -0.03730
vn 0.97231 0.23071 0.03730
vn 0.97231 -0.23071 0.03730
vn 0.97231 -0.23071 -0.03730
vn 0.03459 0.43123 -0.90158
vn 0.03340 0.49074 -0.87067
vn -0.03340 0.49074 -0.87067
vn -0.03459 0.43123 -0.90158
vn 0.03513 -0.40050 -0.91563
vn -0.03513 -0.40049 -0.91563
vn -0.03340 -0.49074 -0.87067
vn 0.03340 -0.49074 -0.87066
vn -0.03459 0.43123 0.90158
vn -0.03340 0.49074 0.87067
vn 0.03340 0.49074 0.87067
vn 0.03459 0.43123 0.90158
vn -0.03513 -0.40050 0.91563
vn 0.03513 -0.40049 0.91563
vn 0.03340 -0.49074 0.87067
vn -0.03340 -0.49074 0.87066
vn -0.90158 0.43123 -0.03459
vn -0.87067 0.49074 -0.03340
vn -0.87067 0.49074 0.03340
vn -0.90158 0.43123 0.03459
vn -0.91562 -0.40050 -0.03513
vn -0.91563 -0.40049 0.03513
vn -0.87067 -0.49074 0.03340
vn -0.87066 -0.49074 -0.03340
vn 0.90158 0.43123 -0.03459
vn 0.90158 0.43123 0.03459
vn 0.87067 0.49074 0.03340
vn 0.87066 0.49074 -0.03340
vn 0.91563 -0.40050 -0.03513
vn 0.87067 -0.49074 -0.03340
vn 0.87067 -0.49074 0.03340
vn 0.91563 -0.40050 0.03513
vn -0.90941 -0.34165 -0.23718
vn -0.97632 -0.20870 -0.05689
vn -0.97632 -0.20870 0.05689
vn -0.88968 -0.38253 0.24929
vn -0.94471 -0.08066 0.31783
vn -0.94471 -0.08066 -0.31783
vn -0.23718 -0.34165 0.90941
vn -0.05689 -0.20870 0.97632
vn 0.05689 -0.20870 0.97632
vn 0.24929 -0.38253 0.88968
vn 0.31783 -0.08066 0.94471
vn -0.31783 -0.08066 0.94471
vn 0.90941 -0.34165 0.23718
vn 0.97632 -0.20870 0.05689
vn 0.97632 -0.20870 -0.05689
vn 0.88968 -0.38253 -0.24929
vn 0.94471 -0.08066 -0.31783
vn 0.94471 -0.08066 0.31783
vn 0.23718 -0.34165 -0.90941
vn 0.05689 -0.20870 -0.97632
vn -0.05689 -0.20870 -0.97632
vn -0.24929 -0.38253 -0.88968
vn -0.31783 -0.08066 -0.94471
vn 0.31783 -0.08066 -0.94471
vn -0.03815 -0.09858 -0.99440
vn 0.03815 -0.09858 -0.99440
vn 0.03796 0.14008 -0.98941
vn -0.03796 0.14008 -0.98941
vn -0.03815 -0.09857 0.99440
vn -0.03796 0.14008 0.98941
vn 0.03796 0.14008 0.98941
vn 0.03815 -0.09858 0.99440
vn -0.99440 -0.09857 -0.03815
vn -0.98941 0.14008 -0.03796
vn -0.98941 0.14008 0.03796
vn -0.99440 -0.09858 0.03815
vn 0.99440 -0.09858 -0.03815
vn 0.99440 -0.09858 0.03815
vn 0.98941 0.14008 0.03796
vn 0.98941 0.14008 -0.03796
vn 0.73034 -0.68251 0.02802
vn 0.73034 -0.68251 -0.02802
vn 0.50739 -0.84699 0.15866
vn -0.69708 -0.70126 -0.14941
vn 0.02802 -0.68251 -0.73034
vn -0.02802 -0.68251 -0.73034
vn 0.15866 -0.84699 -0.50739
vn -0.14941 -0.70126 0.69708
vn -0.73034 -0.68251 -0.02802
vn -0.73034 -0.68251 0.02802
vn -0.50739 -0.84699 -0.15866
vn 0.69708 -0.70126 0.14941
vn -0.02802 -0.68251 0.73034
vn 0.02802 -0.68251 0.73034
vn -0.15866 -0.84699 0.50739
vn 0.14941 -0.70126 -0.69708
vn -0.03670 -0.28914 -0.95658
vn -0.01585 -0.91053 -0.41314
vn 0.01585 -0.91053 -0.41314
vn 0.03670 -0.28914 -0.95658
vn -0.03670 -0.28914 0.95658
vn 0.03670 -0.28914 0.95658
vn 0.01585 -0.91053 0.41314
vn -0.01585 -0.91053 0.41314
vn -0.95658 -0.28914 -0.03670
vn -0.95658 -0.28914 0.03670
vn -0.41314 -0.91053 0.01585
vn -0.41314 -0.91053 -0.01585
vn 0.95658 -0.28914 -0.03670
vn 0.41314 -0.91053 -0.01585
vn 0.41314 -0.91053 0.01585
vn 0.95658 -0.28914 0.03670
vn 0.03833 -0.02123 0.99904
vn -0.03833 -0.02123 0.99904
vn -0.03785 -0.15845 0.98664
vn 0.03785 -0.15845 0.98664
vn -0.03785 -0.15845 -0.98664
vn -0.03833 -0.02123 -0.99904
vn 0.03833 -0.02123 -0.99904
vn 0.03785 -0.15845 -0.98664
vn 0.98664 -0.15845 -0.03785
vn 0.99904 -0.02123 -0.03833
vn 0.99904 -0.02123 0.03833
vn 0.98664 -0.15845 0.03785
vn -0.99904 -0.02123 0.03833
vn -0.99904 -0.02123 -0.03833
vn -0.98664 -0.15845 -0.03785
vn -0.98664 -0.15845 0.03785
vn 0.03809 0.11212 0.99296
vn -0.03809 0.11212 0.99296
vn -0.03809 -0.11212 0.99296
vn 0.03809 -0.11212 0.99296
vn -0.03809 -0.11212 -0.99296
vn -0.03809 0.11212 -0.99296
vn 0.03809 0.11212 -0.99296
vn 0.03809 -0.11212 -0.99296
vn 0.99296 -0.11212 -0.03809
vn 0.99296 0.11212 -0.03809
vn 0.99296 0.11212 0.03809
vn 0.99296 -0.11212 0.03809
vn -0.99296 0.11212 0.03809
vn -0.99296 0.11212 -0.03809
vn -0.99296 -0.11212 -0.03809
vn -0.99296 -0.11212 0.03809
vn 0.03304 -0.50734 0.86111
vn 0.03514 -0.39994 0.91587
vn -0.03514 -0.39994 0.91587
vn -0.03304 -0.50734 0.86111
vn -0.03514 0.39994 0.91587
vn 0.03514 0.39994 0.91587
vn 0.03583 0.35584 0.93386
vn -0.03583 0.35584 0.93386
vn -0.03304 -0.50734 -0.86111
vn -0.03514 -0.39994 -0.91587
vn 0.03514 -0.39994 -0.91587
vn 0.03304 -0.50734 -0.86111
vn 0.03514 0.39994 -0.91587
vn -0.03514 0.39994 -0.91587
vn -0.03583 0.35584 -0.93386
vn 0.03583 0.35584 -0.93386
vn 0.86111 -0.50734 -0.03304
vn 0.91587 -0.39994 -0.03514
vn 0.91587 -0.39994 0.03514
vn 0.86111 -0.50734 0.03304
vn 0.91587 0.39994 0.03514
vn 0.91587 0.39994 -0.03514
vn 0.93386 0.35584 -0.03583
vn 0.93386 0.35584 0.03583
vn -0.91587 -0.39994 0.03514
vn -0.91587 -0.39994 -0.03514
vn -0.86111 -0.50734 -0.03304
vn -0.86111 -0.50734 0.03304
vn -0.93386 0.35584 -0.03583
vn -0.91587 0.39994 -0.03514
vn -0.91587 0.39994 0.03514
vn -0.93386 0.35584 0.03583
vn 0.93881 0.13098 0.31857
vn 0.93881 0.13098 -0.31857
vn 0.89950 0.36792 -0.23567
vn 0.96064 0.27112 -0.06053
vn 0.96064 0.27112 0.06053
vn 0.87979 0.40515 0.24864
vn 0.31857 0.13098 -0.93881
vn -0.31857 0.13098 -0.93881
vn -0.23567 0.36792 -0.89950
vn -0.06053 0.27112 -0.96064
vn 0.06053 0.27112 -0.96064
vn 0.24864 0.40515 -0.87979
vn -0.93881 0.13098 -0.31857
vn -0.93881 0.13098 0.31857
vn -0.89950 0.36792 0.23567
vn -0.96064 0.27112 0.06053
vn -0.96064 0.27112 -0.06053
vn -0.87979 0.40515 -0.24864
vn -0.31857 0.13098 0.93881
vn 0.31857 0.13098 0.93881
vn 0.23567 0.36792 0.89950
vn 0.06053 0.27112 0.96064
vn -0.06053 0.27112 0.96064
vn -0.24864 0.40515 0.87979
vn 0.03717 -0.24463 0.96890
vn -0.03717 -0.24463 0.96890
vn -0.03799 -0.13400 0.99025
vn 0.03799 -0.13400 0.99025
vn -0.03799 -0.13400 -0.99025
vn -0.03717 -0.24463 -0.96890
vn 0.03717 -0.24463 -0.96890
vn 0.03799 -0.13400 -0.99025
vn 0.99025 -0.13400 -0.03799
vn 0.96890 -0.24463 -0.03717
vn 0.96890 -0.24463 0.03717
vn 0.99025 -0.13400 0.03799
vn -0.96890 -0.24463 0.03717
vn -0.96890 -0.24463 -0.03717
vn -0.99025 -0.13400 -0.03799
vn -0.99025 -0.13400 0.03799
vn -0.43952 0.87873 0.18617
vn 0.68173 0.71512 -0.15444
vn -0.80999 0.58561 0.03107
vn -0.80999 0.58561 -0.03107
vn 0.18617 0.87873 0.43952
vn -0.15444 0.71512 -0.68173
vn 0.03107 0.58561 0.80999
vn -0.03107 0.58561 0.80999
vn 0.43952 0.87873 -0.18617
vn -0.68173 0.71512 0.15444
vn 0.80999 0.58561 -0.03107
vn 0.80999 0.58561 0.03107
vn -0.18617 0.87873 -0.43952
vn 0.15444 0.71512 0.68173
vn -0.03107 0.58561 -0.80999
vn 0.03107 0.58561 -0.80999
vn -0.03012 -0.61857 0.78515
vn 0.03458 0.43180 -0.90131
vn -0.03458 0.43180 -0.90131
vn 0.03012 -0.61857 0.78515
vn -0.03458 0.43180 0.90131
vn 0.03458 0.43180 0.90131
vn -0.03012 -0.61857 -0.78515
vn 0.03012 -0.61857 -0.78515
vn -0.90131 0.43180 -0.03458
vn -0.90131 0.43180 0.03458
vn 0.78515 -0.61857 -0.03012
vn 0.78515 -0.61857 0.03012
vn -0.78515 -0.61857 -0.03012
vn 0.90131 0.43180 0.03458
vn 0.90131 0.43180 -0.03458
vn -0.78515 -0.61857 0.03012
vn 0.01491 0.92129 -0.38859
vn -0.01192 0.95041 0.31077
vn 0.01192 0.95041 0.31077
vn -0.01491 0.92129 -0.38859
vn -0.01491 0.92129 0.38859
vn 0.01192 0.95041 -0.31077
vn -0.01192 0.95041 -0.31077
vn 0.01491 0.92129 0.38859
vn -0.38859 0.92129 -0.01491
vn 0.31077 0.95041 0.01192
vn 0.31077 0.95041 -0.01192
vn -0.38859 0.92129 0.01491
vn 0.38859 0.92129 0.01491
vn -0.31077 0.95041 -0.01192
vn -0.31077 0.95041 0.01192
vn 0.38859 0.92129 -0.01491
vn -0.24526 0.27931 -0.92835
vn -0.92835 0.27931 -0.24526
vn -0.95934 -0.12419 -0.25345
vn -0.25345 -0.12419 -0.95934
vn 0.24526 0.27931 -0.92835
vn 0.25345 -0.12419 -0.95934
vn 0.95934 -0.12419 -0.25345
vn 0.92835 0.27931 -0.24526
vn 0.24526 0.27931 0.92835
vn 0.92835 0.27931 0.24526
vn 0.95934 -0.12419 0.25345
vn 0.25345 -0.12419 0.95934
vn -0.24526 0.27931 0.92835
vn -0.25345 -0.12419 0.95934
vn -0.95934 -0.12419 0.25345
vn -0.92835 0.27931 0.24526
vn -0.24708 0.25345 -0.93526
vn -0.24708 -0.25345 -0.93526
vn -0.93526 -0.25345 -0.24708
vn -0.93526 0.25345 -0.24708
vn 0.24708 0.25345 -0.93526
vn 0.93526 0.25345 -0.24708
vn 0.93526 -0.25345 -0.24708
vn 0.24708 -0.25345 -0.93526
vn 0.24708 0.25345 0.93526
vn 0.24708 -0.25345 0.93526
vn 0.93526 -0.25345 0.24708
vn 0.93526 0.25345 0.24708
vn -0.24708 0.25345 0.93526
vn -0.93526 0.25345 0.24708
vn -0.93526 -0.25345 0.24708
vn -0.24708 -0.25345 0.93526
vn -0.22586 0.46702 -0.85492
vn -0.21685 0.52840 -0.82083
vn -0.82083 0.52840 -0.21685
vn -0.85492 0.46702 -0.22586
vn 0.22586 0.46702 -0.85492
vn 0.85492 0.46702 -0.22586
vn 0.82083 0.52840 -0.21685
vn 0.21685 0.52840 -0.82083
vn -0.23000 -0.43492 -0.87060
vn -0.87060 -0.43492 -0.23000
vn -0.82083 -0.52840 -0.21685
vn -0.21685 -0.52840 -0.82083
vn 0.23000 -0.43492 -0.87060
vn 0.21685 -0.52840 -0.82083
vn 0.82083 -0.52840 -0.21685
vn 0.87060 -0.43492 -0.23000
vn 0.22586 0.46702 0.85492
vn 0.21685 0.52840 0.82083
vn 0.82083 0.52840 0.21685
vn 0.85492 0.46702 0.22586
vn -0.22586 0.46702 0.85492
vn -0.85492 0.46702 0.22586
vn -0.82083 0.52840 0.21685
vn -0.21685 0.52840 0.82083
vn 0.23000 -0.43492 0.87060
vn 0.87060 -0.43492 0.23000
vn 0.82083 -0.52840 0.21685
vn 0.21685 -0.52840 0.82083
vn -0.23000 -0.43492 0.87060
vn -0.21685 -0.52840 0.82083
vn -0.82083 -0.52840 0.21685
vn -0.87060 -0.43492 0.23000
vn 0.25236 0.15446 -0.95523
vn 0.25391 -0.10881 -0.96109
vn 0.96109 -0.10881 -0.25391
vn 0.95523 0.15446 -0.25236
vn -0.25236 0.15446 -0.95523
vn -0.95523 0.15446 -0.25236
vn -0.96109 -0.10881 -0.25391
vn -0.25391 -0.10881 -0.96109
vn -0.25236 0.15446 0.95523
vn -0.25391 -0.10881 0.96109
vn -0.96109 -0.10881 0.25391
vn -0.95523 0.15446 0.25236
vn 0.25236 0.15446 0.95523
vn 0.95523 0.15446 0.25236
vn 0.96109 -0.10881 0.25391
vn 0.25391 -0.10881 0.96109
vn 0.47430 -0.87912 0.04666
vn 0.67283 -0.71812 -0.17775
vn 0.17775 -0.71812 -0.67283
vn -0.04666 -0.87912 -0.47430
vn 0.47430 -0.87912 -0.04666
vn -0.04666 -0.87912 0.47430
vn 0.17775 -0.71812 0.67283
vn 0.67283 -0.71812 0.17775
vn 0.04666 -0.87912 -0.47430
vn -0.17775 -0.71812 -0.67283
vn -0.67283 -0.71812 -0.17775
vn -0.47430 -0.87912 0.04666
vn -0.47430 -0.87912 -0.04666
vn -0.67283 -0.71812 0.17775
vn -0.17775 -0.71812 0.67283
vn 0.04666 -0.87912 0.47430
vn 0.24229 -0.31659 -0.91710
vn 0.09708 -0.92496 -0.36747
vn 0.36747 -0.92496 -0.09708
vn 0.91710 -0.31659 -0.24229
vn -0.24229 -0.31659 -0.91710
vn -0.91710 -0.31659 -0.24229
vn -0.36747 -0.92496 -0.09708
vn -0.09708 -0.92496 -0.36747
vn 0.24229 -0.31659 0.91710
vn 0.91710 -0.31659 0.24229
vn 0.36747 -0.92496 0.09708
vn 0.09708 -0.92496 0.36747
vn -0.24229 -0.31659 0.91710
vn -0.09708 -0.92496 0.36747
vn -0.36747 -0.92496 0.09708
vn -0.91710 -0.31659 0.24229
vn -0.25535 -0.02346 0.96656
vn -0.96656 -0.02346 0.25535
vn -0.95198 -0.17461 0.25150
vn -0.25150 -0.17461 0.95198
vn 0.25535 -0.02346 0.96656
vn 0.25150 -0.17461 0.95198
vn 0.95198 -0.17461 0.25150
vn 0.96656 -0.02346 0.25535
vn -0.25535 -0.02345 -0.96656
vn -0.25150 -0.17461 -0.95198
vn -0.95198 -0.17461 -0.25150
vn -0.96656 -0.02346 -0.25535
vn 0.25535 -0.02346 -0.96656
vn 0.96656 -0.02345 -0.25535
vn 0.95198 -0.17461 -0.25150
vn 0.25150 -0.17461 -0.95198
vn -0.25346 -0.12372 0.95940
vn -0.25346 0.12372 0.95940
vn -0.95940 0.12372 0.25346
vn -0.95940 -0.12372 0.25346
vn 0.25346 -0.12372 0.95940
vn 0.95940 -0.12372 0.25346
vn 0.95940 0.12372 0.25346
vn 0.25346 0.12372 0.95940
vn -0.25346 -0.12372 -0.95940
vn -0.95940 -0.12372 -0.25346
vn -0.95940 0.12372 -0.25346
vn -0.25346 0.12372 -0.95940
vn 0.25346 -0.12372 -0.95940
vn 0.25346 0.12372 -0.95940
vn 0.95940 0.12372 -0.25346
vn 0.95940 -0.12372 -0.25346
vn 0.21410 -0.54532 0.81042
vn 0.81042 -0.54532 0.21410
vn 0.87087 -0.43434 0.23007
vn 0.23007 -0.43434 0.87087
vn -0.21410 -0.54532 0.81042
vn -0.23007 -0.43434 0.87087
vn -0.87087 -0.43434 0.23007
vn -0.81042 -0.54532 0.21410
vn 0.23543 0.38782 0.89116
vn 0.23007 0.43434 0.87087
vn 0.87087 0.43434 0.23007
vn 0.89116 0.38782 0.23543
vn -0.23543 0.38782 0.89116
vn -0.89116 0.38782 0.23543
vn -0.87087 0.43434 0.23007
vn -0.23007 0.43434 0.87087
vn -0.21410 -0.54532 -0.81042
vn -0.81042 -0.54532 -0.21410
vn -0.87087 -0.43434 -0.23007
vn -0.23007 -0.43434 -0.87087
vn 0.21410 -0.54532 -0.81042
vn 0.23007 -0.43434 -0.87087
vn 0.87087 -0.43434 -0.23007
vn 0.81042 -0.54532 -0.21410
vn -0.23543 0.38782 -0.89116
vn -0.23007 0.43434 -0.87087
vn -0.87087 0.43434 -0.23007
vn -0.89116 0.38782 -0.23543
vn 0.23543 0.38782 -0.89116
vn 0.89116 0.38782 -0.23543
vn 0.87087 0.43434 -0.23007
vn 0.23007 0.43434 -0.87087
vn -0.24604 -0.26856 0.93131
vn -0.93131 -0.26856 0.24604
vn -0.95621 -0.14778 0.25262
vn -0.25262 -0.14778 0.95621
vn 0.24604 -0.26856 0.93131
vn 0.25262 -0.14778 0.95621
vn 0.95621 -0.14778 0.25262
vn 0.93131 -0.26856 0.24604
vn -0.24604 -0.26856 -0.93131
vn -0.25262 -0.14778 -0.95621
vn -0.95621 -0.14778 -0.25262
vn -0.93131 -0.26856 -0.24604
vn 0.24604 -0.26856 -0.93131
vn 0.93131 -0.26856 -0.24604
vn 0.95621 -0.14778 -0.25262
vn 0.25262 -0.14778 -0.95621
vn -0.40692 0.90945 -0.08559
vn 0.08559 0.90945 0.40692
vn -0.19961 0.62390 0.75558
vn -0.75558 0.62390 0.19961
vn -0.40692 0.90945 0.08559
vn -0.75558 0.62390 -0.19961
vn -0.19961 0.62390 -0.75558
vn 0.08559 0.90945 -0.40692
vn -0.08559 0.90945 0.40692
vn 0.40692 0.90945 -0.08559
vn 0.75558 0.62390 0.19961
vn 0.19961 0.62390 0.75558
vn 0.40692 0.90945 0.08559
vn -0.08559 0.90945 -0.40692
vn 0.19961 0.62390 -0.75558
vn 0.75558 0.62390 -0.19961
vn -0.19271 -0.65634 0.72944
vn -0.72944 -0.65634 0.19271
vn 0.85461 0.46761 -0.22578
vn 0.22578 0.46761 -0.85461
vn 0.19271 -0.65634 0.72944
vn -0.22578 0.46761 -0.85461
vn -0.85461 0.46761 -0.22578
vn 0.72944 -0.65634 0.19271
vn -0.19271 -0.65634 -0.72944
vn 0.22578 0.46761 0.85461
vn 0.85461 0.46761 0.22578
vn -0.72944 -0.65634 -0.19271
vn 0.19271 -0.65634 -0.72944
vn 0.72944 -0.65634 -0.19271
vn -0.85461 0.46761 0.22578
vn -0.22578 0.46761 0.85461
vn 0.09114 0.93417 -0.34499
vn 0.34499 0.93417 -0.09114
vn -0.27452 0.95884 0.07252
vn -0.07252 0.95884 0.27452
vn -0.09114 0.93417 -0.34499
vn 0.07252 0.95884 0.27452
vn 0.27452 0.95884 0.07252
vn -0.34499 0.93417 -0.09114
vn -0.09114 0.93417 0.34499
vn -0.34499 0.93417 0.09114
vn 0.27452 0.95884 -0.07252
vn 0.07252 0.95884 -0.27452
vn 0.09114 0.93417 0.34499
vn -0.07252 0.95884 -0.27452
vn -0.27452 0.95884 -0.07252
vn 0.34499 0.93417 0.09114
vn -0.95153 -0.17681 -0.25164
vn -0.88258 -0.31305 -0.35079
vn -0.25164 -0.17681 -0.95153
vn -0.35079 -0.31305 0.88258
vn -0.95153 -0.17681 0.25164
vn -0.25164 -0.17681 0.95153
vn 0.35079 -0.31305 -0.88258
vn 0.95153 -0.17681 -0.25164
vn 0.25164 -0.17681 -0.95153
vn 0.88258 -0.31305 0.35079
vn 0.25164 -0.17681 0.95153
vn 0.95153 -0.17681 0.25164
vn 0.25251 0.24544 0.93595
vn 0.35205 0.34715 0.86922
vn 0.93595 0.24544 0.25251
vn 0.86922 0.34715 -0.35205
vn 0.25251 0.24544 -0.93595
vn 0.93595 0.24544 -0.25251
vn -0.86922 0.34715 0.35205
vn -0.25251 0.24544 0.93595
vn -0.93595 0.24544 0.25251
vn -0.35205 0.34715 -0.86922
vn -0.93595 0.24544 -0.25251
vn -0.25251 0.24544 -0.93595
vn -0.94679 -0.06317 -0.31560
vn -0.94548 -0.06330 0.31947
vn -0.31547 -0.94309 0.10516
vn -0.41604 -0.88838 -0.19415
vn -0.31560 -0.06317 0.94679
vn 0.31947 -0.06330 0.94548
vn 0.10516 -0.94309 0.31547
vn -0.19415 -0.88838 0.41604
vn 0.94679 -0.06317 0.31560
vn 0.94548 -0.06330 -0.31947
vn 0.31547 -0.94309 -0.10516
vn 0.41604 -0.88838 0.19415
vn 0.31560 -0.06317 -0.94679
vn -0.31947 -0.06330 -0.94548
vn -0.10516 -0.94309 -0.31547
vn 0.19415 -0.88838 -0.41604
vn -0.07256 -0.99602 -0.05183
vn -0.05183 -0.99602 0.07256
vn 0.07256 -0.99602 0.05183
vn 0.05183 -0.99602 -0.07256
vn 0.16806 0.98162 0.09047
vn 0.26417 0.95657 -0.12325
vn 0.93991 0.11846 -0.32023
vn 0.93991 0.11846 0.32023
vn 0.09047 0.98162 -0.16806
vn -0.12325 0.95657 -0.26417
vn -0.32023 0.11846 -0.93991
vn 0.32023 0.11846 -0.93991
vn -0.16806 0.98162 -0.09047
vn -0.26417 0.95657 0.12325
vn -0.93991 0.11846 0.32023
vn -0.93991 0.11846 -0.32023
vn -0.09047 0.98162 0.16806
vn 0.12325 0.95657 0.26417
vn 0.32023 0.11846 0.93991
vn -0.32023 0.11846 0.93991
vn -0.04305 0.99860 0.03078
vn -0.03078 0.99860 -0.04305
vn 0.04305 0.99860 -0.03078
vn 0.03078 0.99860 0.04305
vn -0.03809 -0.11254 -0.99292
vn 0.03809 -0.11254 -0.99292
vn 0.03707 0.25457 -0.96634
vn -0.03707 0.25457 -0.96634
vn -0.03809 -0.11254 0.99292
vn -0.03707 0.25457 0.96634
vn 0.03707 0.25457 0.96634
vn 0.03809 -0.11254 0.99292
vn -0.99292 -0.11254 -0.03809
vn -0.96634 0.25457 -0.03707
vn -0.96634 0.25457 0.03707
vn -0.99292 -0.11254 0.03809
vn 0.99292 -0.11254 -0.03809
vn 0.99292 -0.11254 0.03809
vn 0.96634 0.25457 0.03707
vn 0.96634 0.25457 -0.03707
vn -0.03730 0.23071 -0.97231
vn 0.03730 0.23071 -0.97231
vn 0.03730 -0.23071 -0.97231
vn -0.03730 -0.23071 -0.97231
vn -0.03730 0.23071 0.97231
vn -0.03730 -0.23071 0.97231
vn 0.03730 -0.23071 0.97231
vn 0.03730 0.23071 0.97231
vn -0.97231 0.23071 -0.03730
vn -0.97231 -0.23071 -0.03730
vn -0.97231 -0.23071 0.03730
vn -0.97231 0.23071 0.03730
vn 0.97231 0.23071 -0.03730
vn 0.97231 0.23071 0.03730
vn 0.97231 -0.23071 0.03730
vn 0.97231 -0.23071 -0.03730
vn 0.03459 0.43123 -0.90158
vn 0.03340 0.49074 -0.87067
vn -0.03340 0.49074 -0.87067
vn -0.03459 0.43123 -0.90158
vn 0.03513 -0.40050 -0.91563
vn -0.03513 -0.40049 -0.91563
vn -0.03340 -0.49074 -0.87067
vn 0.03340 -0.49074 -0.87066
vn -0.03459 0.43123 0.90158
vn -0.03340 0.49074 0.87067
vn 0.03340 0.49074 0.87067
vn 0.03459 0.43123 0.90158
vn -0.03513 -0.40050 0.91563
vn 0.03513 -0.40049 0.91563
vn 0.03340 -0.49074 0.87067
vn -0.03340 -0.49074 0.87066
vn -0.90158 0.43123 -0.03459
vn -0.87067 0.49074 -0.03340
vn -0.87067 0.49074 0.03340
vn -0.90158 0.43123 0.03459
vn -0.91562 -0.40050 -0.03513
vn -0.91563 -0.40049 0.03513
vn -0.87067 -0.49074 0.03340
vn -0.87066 -0.49074 -0.03340
vn 0.90158 0.43123 -0.03459
vn 0.90158 0.43123 0.03459
vn 0.87067 0.49074 0.03340
vn 0.87066 0.49074 -0.03340
vn 0.91563 -0.40050 -0.03513
vn 0.87067 -0.49074 -0.03340
vn 0.87067 -0.49074 0.03340
vn 0.91563 -0.40050 0.03513
vn -0.90941 -0.34165 -0.23718
vn -0.97632 -0.20870 -0.05689
vn -0.97632 -0.20870 0.05689
vn -0.88968 -0.38253 0.24929
vn -0.94471 -0.08066 0.31783
vn -0.94471 -0.08066 -0.31783
vn -0.23718 -0.34165 0.90941
vn -0.05689 -0.20870 0.97632
vn 0.05689 -0.20870 0.97632
vn 0.24929 -0.38253 0.88968
vn 0.31783 -0.08066 0.94471
vn -0.31783 -0.08066 0.94471
vn 0.90941 -0.34165 0.23718
vn 0.97632 -0.20870 0.05689
vn 0.97632 -0.20870 -0.05689
vn 0.88968 -0.38253 -0.24929
vn 0.94471 -0.08066 -0.31783
vn 0.94471 -0.08066 0.31783
vn 0.23718 -0.34165 -0.90941
vn 0.05689 -0.20870 -0.97632
vn -0.05689 -0.20870 -0.97632
vn -0.24929 -0.38253 -0.88968
vn -0.31783 -0.08066 -0.94471
vn 0.31783 -0.08066 -0.94471
vn -0.03815 -0.09858 -0.99440
vn 0.03815 -0.09858 -0.99440
vn 0.03796 0.14008 -0.98941
vn -0.03796 0.14008 -0.98941
vn -0.03815 -0.09857 0.99440
vn -0.03796 0.14008 0.98941
vn 0.03796 0.14008 0.98941
vn 0.03815 -0.09858 0.99440
vn -0.99440 -0.09857 -0.03815
vn -0.98941 0.14008 -0.03796
vn -0.98941 0.14008 0.03796
vn -0.99440 -0.09858 0.03815
vn 0.99440 -0.09858 -0.03815
vn 0.99440 -0.09858 0.03815
vn 0.98941 0.14008 0.03796
vn 0.98941 0.14008 -0.03796
vn 0.73034 -0.68251 0.02802
vn 0.73034 -0.68251 -0.02802
vn 0.50739 -0.84699 0.15866
vn -0.69708 -0.70126 -0.14941
vn 0.02802 -0.68251 -0.73034
vn -0.02802 -0.68251 -0.73034
vn 0.15866 -0.84699 -0.50739
vn -0.14941 -0.70126 0.69708
vn -0.73034 -0.68251 -0.02802
vn -0.73034 -0.68251 0.02802
vn -0.50739 -0.84699 -0.15866
vn 0.69708 -0.70126 0.14941
vn -0.02802 -0.68251 0.73034
vn 0.02802 -0.68251 0.73034
vn -0.15866 -0.84699 0.50739
vn 0.14941 -0.70126 -0.69708
vn -0.03670 -0.28914 -0.95658
vn -0.01585 -0.91053 -0.41314
vn 0.01585 -0.91053 -0.41314
vn 0.03670 -0.28914 -0.95658
vn -0.03670 -0.28914 0.95658
vn 0.03670 -0.28914 0.95658
vn 0.01585 -0.91053 0.41314
vn -0.01585 -0.91053 0.41314
vn -0.95658 -0.28914 -0.03670
vn -0.95658 -0.28914 0.03670
vn -0.41314 -0.91053 0.01585
vn -0.41314 -0.91053 -0.01585
vn 0.95658 -0.28914 -0.03670
vn 0.41314 -0.91053 -0.01585
vn 0.41314 -0.91053 0.01585
vn 0.95658 -0.28914 0.03670
vn 0.03833 -0.02123 0.99904
vn -0.03833 -0.02123 0.99904
vn -0.03785 -0.15845 0.98664
vn 0.03785 -0.15845 0.98664
vn -0.03785 -0.15845 -0.98664
vn -0.03833 -0.02123 -0.99904
vn 0.03833 -0.02123 -0.99904
vn 0.03785 -0.15845 -0.98664
vn 0.98664 -0.15845 -0.03785
vn 0.99904 -0.02123 -0.03833
vn 0.99904 -0.02123 0.03833
vn 0.98664 -0.15845 0.03785
vn -0.99904 -0.02123 0.03833
vn -0.99904 -0.02123 -0.03833
vn -0.98664 -0.15845 -0.03785
vn -0.98664 -0.15845 0.03785
vn 0.03809 0.11212 0.99296
vn -0.03809 0.11212 0.99296
vn -0.03809 -0.11212 0.99296
vn 0.03809 -0.11212 0.99296
vn -0.03809 -0.11212 -0.99296
vn -0.03809 0.11212 -0.99296
vn 0.03809 0.11212 -0.99296
vn 0.03809 -0.11212 -0.99296
vn 0.99296 -0.11212 -0.03809
vn 0.99296 0.11212 -0.03809
vn 0.99296 0.11212 0.03809
vn 0.99296 -0.11212 0.03809
vn -0.99296 0.11212 0.03809
vn -0.99296 0.11212 -0.03809
vn -0.99296 -0.11212 -0.03809
vn -0.99296 -0.11212 0.03809
vn 0.03304 -0.50734 0.86111
vn 0.03514 -0.39994 0.91587
vn -0.03514 -0.39994 0.91587
vn -0.03304 -0.50734 0.86111
vn -0.03514 0.39994 0.91587
vn 0.03514 0.39994 0.91587
vn 0.03583 0.35584 0.93386
vn -0.03583 0.35584 0.93386
vn -0.03304 -0.50734 -0.86111
vn -0.03514 -0.39994 -0.91587
vn 0.03514 -0.39994 -0.91587
vn 0.03304 -0.50734 -0.86111
vn 0.03514 0.39994 -0.91587
vn -0.03514 0.39994 -0.91587
vn -0.03583 0.35584 -0.93386
vn 0.03583 0.35584 -0.93386
vn 0.86111 -0.50734 -0.03304
vn 0.91587 -0.39994 -0.03514
vn 0.91587 -0.39994 0.03514
vn 0.86111 -0.50734 0.03304
vn 0.91587 0.39994 0.03514
vn 0.91587 0.39994 -0.03514
vn 0.93386 0.35584 -0.03583
vn 0.93386 0.35584 0.03583
vn -0.91587 -0.39994 0.03514
vn -0.91587 -0.39994 -0.03514
vn -0.86111 -0.50734 -0.03304
vn -0.86111 -0.50734 0.03304
vn -0.93386 0.35584 -0.03583
vn -0.91587 0.39994 -0.03514
vn -0.91587 0.39994 0.03514
vn -0.93386 0.35584 0.03583
vn 0.93881 0.13098 0.31857
vn 0.93881 0.13098 -0.31857
vn 0.89950 0.36792 -0.23567
vn 0.96064 0.27112 -0.06053
vn 0.96064 0.27112 0.06053
vn 0.87979 0.40515 0.24864
vn 0.31857 0.13098 -0.93881
vn -0.31857 0.13098 -0.93881
vn -0.23567 0.36792 -0.89950
vn -0.06053 0.27112 -0.96064
vn 0.06053 0.27112 -0.96064
vn 0.24864 0.40515 -0.87979
vn -0.93881 0.13098 -0.31857
vn -0.93881 0.13098 0.31857
vn -0.89950 0.36792 0.23567
vn -0.96064 0.27112 0.06053
vn -0.96064 0.27112 -0.06053
vn -0.87979 0.40515 -0.24864
vn -0.31857 0.13098 0.93881
vn 0.31857 0.13098 0.93881
vn 0.23567 0.36792 0.89950
vn 0.06053 0.27112 0.96064
vn -0.06053 0.27112 0.96064
vn -0.24864 0.40515 0.87979
vn 0.03717 -0.24463 0.96890
vn -0.03717 -0.24463 0.96890
vn -0.03799 -0.13400 0.99025
vn 0.03799 -0.13400 0.99025
vn -0.03799 -0.13400 -0.99025
vn -0.03717 -0.24463 -0.96890
vn 0.03717 -0.24463 -0.96890
vn 0.03799 -0.13400 -0.99025
vn 0.99025 -0.13400 -0.03799
vn 0.96890 -0.24463 -0.03717
vn 0.96890 -0.24463 0.03717
vn 0.99025 -0.13400 0.03799
vn -0.96890 -0.24463 0.03717
vn -0.96890 -0.24463 -0.03717
vn -0.99025 -0.13400 -0.03799
vn -0.99025 -0.13400 0.03799
vn -0.43952 0.87873 0.18617
vn 0.68173 0.71512 -0.15444
vn -0.80999 0.58561 0.03107
vn -0.80999 0.58561 -0.03107
vn 0.18617 0.87873 0.43952
vn -0.15444 0.71512 -0.68173
vn 0.03107 0.58561 0.80999
vn -0.03107 0.58561 0.80999
vn 0.43952 0.87873 -0.18617
vn -0.68173 0.71512 0.15444
vn 0.80999 0.58561 -0.03107
vn 0.80999 0.58561 0.03107
vn -0.18617 0.87873 -0.43952
vn 0.15444 0.71512 0.68173
vn -0.03107 0.58561 -0.80999
vn 0.03107 0.58561 -0.80999
vn -0.03012 -0.61857 0.78515
vn 0.03458 0.43180 -0.90131
vn -0.03458 0.43180 -0.90131
vn 0.03012 -0.61857 0.78515
vn -0.03458 0.43180 0.90131
vn 0.03458 0.43180 0.90131
vn -0.03012 -0.61857 -0.78515
vn 0.03012 -0.61857 -0.78515
vn -0.90131 0.43180 -0.03458
vn -0.90131 0.43180 0.03458
vn 0.78515 -0.61857 -0.03012
vn 0.78515 -0.61857 0.03012
vn -0.78515 -0.61857 -0.03012
vn 0.90131 0.43180 0.03458
vn 0.90131 0.43180 -0.03458
vn -0.78515 -0.61857 0.03012
vn 0.01491 0.92129 -0.38859
vn -0.01192 0.95041 0.31077
vn 0.01192 0.95041 0.31077
vn -0.01491 0.92129 -0.38859
vn -0.01491 0.92129 0.38859
vn 0.01192 0.95041 -0.31077
vn -0.01192 0.95041 -0.31077
vn 0.01491 0.92129 0.38859
vn -0.38859 0.92129 -0.01491
vn 0.31077 0.95041 0.01192
vn 0.31077 0.95041 -0.01192
vn -0.38859 0.92129 0.01491
vn 0.38859 0.92129 0.01491
vn -0.31077 0.95041 -0.01192
vn -0.31077 0.95041 0.01192
vn 0.38859 0.92129 -0.01491
vn -0.24526 0.27931 -0.92835
vn -0.92835 0.27931 -0.24526
vn -0.95934 -0.12419 -0.25345
vn -0.25345 -0.12419 -0.95934
vn 0.24526 0.27931 -0.92835
vn 0.25345 -0.12419 -0.95934
vn 0.95934 -0.12419 -0.25345
vn 0.92835 0.27931 -0.24526
vn 0.24526 0.27931 0.92835
vn 0.92835 0.27931 0.24526
vn 0.95934 -0.12419 0.25345
vn 0.25345 -0.12419 0.95934
vn -0.24526 0.27931 0.92835
vn -0.25345 -0.12419 0.95934
vn -0.95934 -0.12419 0.25345
vn -0.92835 0.27931 0.24526
vn -0.24708 0.25345 -0.93526
vn -0.24708 -0.25345 -0.93526
vn -0.93526 -0.25345 -0.24708
vn -0.93526 0.25345 -0.24708
vn 0.24708 0.25345 -0.93526
vn 0.93526 0.25345 -0.24708
vn 0.93526 -0.25345 -0.24708
vn 0.24708 -0.25345 -0.93526
vn 0.24708 0.25345 0.93526
vn 0.24708 -0.25345 0.93526
vn 0.93526 -0.25345 0.24708
vn 0.93526 0.25345 0.24708
vn -0.24708 0.25345 0.93526
vn -0.93526 0.25345 0.24708
vn -0.93526 -0.25345 0.24708
vn -0.24708 -0.25345 0.93526
vn -0.22586 0.46702 -0.85492
vn -0.21685 0.52840 -0.82083
vn -0.82083 0.52840 -0.21685
vn -0.85492 0.46702 -0.22586
vn 0.22586 0.46702 -0.85492
vn 0.85492 0.46702 -0.22586
vn 0.82083 0.52840 -0.21685
vn 0.21685 0.52840 -0.82083
vn -0.23000 -0.43492 -0.87060
vn -0.87060 -0.43492 -0.23000
vn -0.82083 -0.52840 -0.21685
vn -0.21685 -0.52840 -0.82083
vn 0.23000 -0.43492 -0.87060
vn 0.21685 -0.52840 -0.82083
vn 0.82083 -0.52840 -0.21685
vn 0.87060 -0.43492 -0.23000
vn 0.22586 0.46702 0.85492
vn 0.21685 0.52840 0.82083
vn 0.82083 0.52840 0.21685
vn 0.85492 0.46702 0.22586
vn -0.22586 0.46702 0.85492
vn -0.85492 0.46702 0.22586
vn -0.82083 0.52840 0.21685
vn -0.21685 0.52840 0.82083
vn 0.23000 -0.43492 0.87060
vn 0.87060 -0.43492 0.23000
vn 0.82083 -0.52840 0.21685
vn 0.21685 -0.52840 0.82083
vn -0.23000 -0.43492 0.87060
vn -0.21685 -0.52840 0.82083
vn -0.82083 -0.52840 0.21685
vn -0.87060 -0.43492 0.23000
vn 0.25236 0.15446 -0.95523
vn 0.25391 -0.10881 -0.96109
vn 0.96109 -0.10881 -0.25391
vn 0.95523 0.15446 -0.25236
vn -0.25236 0.15446 -0.95523
vn -0.95523 0.15446 -0.25236
vn -0.96109 -0.10881 -0.25391
vn -0.25391 -0.10881 -0.96109
vn -0.25236 0.15446 0.95523
vn -0.25391 -0.10881 0.96109
vn -0.96109 -0.10881 0.25391
vn -0.95523 0.15446 0.25236
vn 0.25236 0.15446 0.95523
vn 0.95523 0.15446 0.25236
vn 0.96109 -0.10881 0.25391
vn 0.25391 -0.10881 0.96109
vn 0.47430 -0.87912 0.04666
vn 0.67283 -0.71812 -0.17775
vn 0.17775 -0.71812 -0.67283
vn -0.04666 -0.87912 -0.47430
vn 0.47430 -0.87912 -0.04666
vn -0.04666 -0.87912 0.47430
vn 0.17775 -0.71812 0.67283
vn 0.67283 -0.71812 0.17775
vn 0.04666 -0.87912 -0.47430
vn -0.17775 -0.71812 -0.67283
vn -0.67283 -0.71812 -0.17775
vn -0.47430 -0.87912 0.04666
vn -0.47430 -0.87912 -0.04666
vn -0.67283 -0.71812 0.17775
vn -0.17775 -0.71812 0.67283
vn 0.04666 -0.87912 0.47430
vn 0.24229 -0.31659 -0.91710
vn 0.09708 -0.92496 -0.36747
vn 0.36747 -0.92496 -0.09708
vn 0.91710 -0.31659 -0.24229
vn -0.24229 -0.31659 -0.91710
vn -0.91710 -0.31659 -0.24229
vn -0.36747 -0.92496 -0.09708
vn -0.09708 -0.92496 -0.36747
vn 0.24229 -0.31659 0.91710
vn 0.91710 -0.31659 0.24229
vn 0.36747 -0.92496 0.09708
vn 0.09708 -0.92496 0.36747
vn -0.24229 -0.31659 0.91710
vn -0.09708 -0.92496 0.36747
vn -0.36747 -0.92496 0.09708
vn -0.91710 -0.31659 0.24229
vn -0.25535 -0.02346 0.96656
vn -0.96656 -0.02346 0.25535
vn -0.95198 -0.17461 0.25150
vn -0.25150 -0.17461 0.95198
vn 0.25535 -0.02346 0.96656
vn 0.25150 -0.17461 0.95198
vn 0.95198 -0.17461 0.25150
vn 0.96656 -0.02346 0.25535
vn -0.25535 -0.02345 -0.96656
vn -0.25150 -0.17461 -0.95198
vn -0.95198 -0.17461 -0.25150
vn -0.96656 -0.02346 -0.25535
vn 0.25535 -0.02346 -0.96656
vn 0.96656 -0.02345 -0.25535
vn 0.95198 -0.17461 -0.25150
vn 0.25150 -0.17461 -0.95198
vn -0.25346 -0.12372 0.95940
vn -0.25346 0.12372 0.95940
vn -0.95940 0.12372 0.25346
vn -0.95940 -0.12372 0.25346
vn 0.25346 -0.12372 0.95940
vn 0.95940 -0.12372 0.25346
vn 0.95940 0.12372 0.25346
vn 0.25346 0.12372 0.95940
vn -0.25346 -0.12372 -0.95940
vn -0.95940 -0.12372 -0.25346
vn -0.95940 0.12372 -0.25346
vn -0.25346 0.12372 -0.95940
vn 0.25346 -0.12372 -0.95940
vn 0.25346 0.12372 -0.95940
vn 0.95940 0.12372 -0.25346
vn 0.95940 -0.12372 -0.25346
vn 0.21410 -0.54532 0.81042
vn 0.81042 -0.54532 0.21410
vn 0.87087 -0.43434 0.23007
vn 0.23007 -0.43434 0.87087
vn -0.21410 -0.54532 0.81042
vn -0.23007 -0.43434 0.87087
vn -0.87087 -0.43434 0.23007
vn -0.81042 -0.54532 0.21410
vn 0.23543 0.38782 0.89116
vn 0.23007 0.43434 0.87087
vn 0.87087 0.43434 0.23007
vn 0.89116 0.38782 0.23543
vn -0.23543 0.38782 0.89116
vn -0.89116 0.38782 0.23543
vn -0.87087 0.43434 0.23007
vn -0.23007 0.43434 0.87087
vn -0.21410 -0.54532 -0.81042
vn -0.81042 -0.54532 -0.21410
vn -0.87087 -0.43434 -0.23007
vn -0.23007 -0.43434 -0.87087
vn 0.21410 -0.54532 -0.81042
vn 0.23007 -0.43434 -0.87087
vn 0.87087 -0.43434 -0.23007
vn 0.81042 -0.54532 -0.21410
vn -0.23543 0.38782 -0.89116
vn -0.23007 0.43434 -0.87087
vn -0.87087 0.43434 -0.23007
vn -0.89116 0.38782 -0.23543
vn 0.23543 0.38782 -0.89116
vn 0.89116 0.38782 -0.23543
vn 0.87087 0.43434 -0.23007
vn 0.23007 0.43434 -0.87087
vn -0.24604 -0.26856 0.93131
vn -0.93131 -0.26856 0.24604
vn -0.95621 -0.14778 0.25262
vn -0.25262 -0.14778 0.95621
vn 0.24604 -0.26856 0.93131
vn 0.25262 -0.14778 0.95621
vn 0.95621 -0.14778 0.25262
vn 0.93131 -0.26856 0.24604
vn -0.24604 -0.26856 -0.93131
vn -0.25262 -0.14778 -0.95621
vn -0.95621 -0.14778 -0.25262
vn -0.93131 -0.26856 -0.24604
vn 0.24604 -0.26856 -0.93131
vn 0.93131 -0.26856 -0.24604
vn 0.95621 -0.14778 -0.25262
vn 0.25262 -0.14778 -0.95621
vn -0.40692 0.90945 -0.08559
vn 0.08559 0.90945 0.40692
vn -0.19961 0.62390 0.75558
vn -0.75558 0.62390 0.19961
vn -0.40692 0.90945 0.08559
vn -0.75558 0.62390 -0.19961
vn -0.19961 0.62390 -0.75558
vn 0.08559 0.90945 -0.40692
vn -0.08559 0.90945 0.40692
vn 0.40692 0.90945 -0.08559
vn 0.75558 0.62390 0.19961
vn 0.19961 0.62390 0.75558
vn 0.40692 0.90945 0.08559
vn -0.08559 0.90945 -0.40692
vn 0.19961 0.62390 -0.75558
vn 0.75558 0.62390 -0.19961
vn -0.19271 -0.65634 0.72944
vn -0.72944 -0.65634 0.19271
vn 0.85461 0.46761 -0.22578
vn 0.22578 0.46761 -0.85461
vn 0.19271 -0.65634 0.72944
vn -0.22578 0.46761 -0.85461
vn -0.85461 0.46761 -0.22578
vn 0.72944 -0.65634 0.19271
vn -0.19271 -0.65634 -0.72944
vn 0.22578 0.46761 0.85461
vn 0.85461 0.46761 0.22578
vn -0.72944 -0.65634 -0.19271
vn 0.19271 -0.65634 -0.72944
vn 0.72944 -0.65634 -0.19271
vn -0.85461 0.46761 0.22578
vn -0.22578 0.46761 0.85461
vn 0.09114 0.93417 -0.34499
vn 0.34499 0.93417 -0.09114
vn -0.27452 0.95884 0.07252
vn -0.07252 0.95884 0.27452
vn -0.09114 0.93417 -0.34499
vn 0.07252 0.95884 0.27452
vn 0.27452 0.95884 0.07252
vn -0.34499 0.93417 -0.09114
vn -0.09114 0.93417 0.34499
vn -0.34499 0.93417 0.09114
vn 0.27452 0.95884 -0.07252
vn 0.07252 0.95884 -0.27452
vn 0.09114 0.93417 0.34499
vn -0.07252 0.95884 -0.27452
vn -0.27452 0.95884 -0.07252
vn 0.34499 0.93417 0.09114
vn -0.95153 -0.17681 -0.25164
vn -0.88258 -0.31305 -0.35079
vn -0.25164 -0.17681 -0.95153
vn -0.35079 -0.31305 0.88258
vn -0.95153 -0.17681 0.25164
vn -0.25164 -0.17681 0.95153
vn 0.35079 -0.31305 -0.88258
vn 0.95153 -0.17681 -0.25164
vn 0.25164 -0.17681 -0.95153
vn 0.88258 -0.31305 0.35079
vn 0.25164 -0.17681 0.95153
vn 0.95153 -0.17681 0.25164
vn 0.25251 0.24544 0.93595
vn 0.35205 0.34715 0.86922
vn 0.93595 0.24544 0.25251
vn 0.86922 0.34715 -0.35205
vn 0.25251 0.24544 -0.93595
vn 0.93595 0.24544 -0.25251
vn -0.86922 0.34715 0.35205
vn -0.25251 0.24544 0.93595
vn -0.93595 0.24544 0.25251
vn -0.35205 0.34715 -0.86922
vn -0.93595 0.24544 -0.25251
vn -0.25251 0.24544 -0.93595
vn -0.94679 -0.06317 -0.31560
vn -0.94548 -0.06330 0.31947
vn -0.31547 -0.94309 0.10516
vn -0.41604 -0.88838 -0.19415
vn -0.31560 -0.06317 0.94679
vn 0.31947 -0.06330 0.94548
vn 0.10516 -0.94309 0.31547
vn -0.19415 -0.88838 0.41604
vn 0.94679 -0.06317 0.31560
vn 0.94548 -0.06330 -0.31947
vn 0.31547 -0.94309 -0.10516
vn 0.41604 -0.88838 0.19415
vn 0.31560 -0.06317 -0.94679
vn -0.31947 -0.06330 -0.94548
vn -0.10516 -0.94309 -0.31547
vn 0.19415 -0.88838 -0.41604
vn -0.07256 -0.99602 -0.05183
vn -0.05183 -0.99602 0.07256
vn 0.07256 -0.99602 0.05183
vn 0.05183 -0.99602 -0.07256
vn 0.16806 0.98162 0.09047
vn 0.26417 0.95657 -0.12325
vn 0.93991 0.11846 -0.32023
vn 0.93991 0.11846 0.32023
vn 0.09047 0.98162 -0.16806
vn -0.12325 0.95657 -0.26417
vn -0.32023 0.11846 -0.93991
vn 0.32023 0.11846 -0.93991
vn -0.16806 0.98162 -0.09047
vn -0.26417 0.95657 0.12325
vn -0.93991 0.11846 0.32023
vn -0.93991 0.11846 -0.32023
vn -0.09047 0.98162 0.16806
vn 0.12325 0.95657 0.26417
vn 0.32023 0.11846 0.93991
vn -0.32023 0.11846 0.93991
vn -0.04305 0.99860 0.03078
vn -0.03078 0.99860 -0.04305
vn 0.04305 0.99860 -0.03078
vn 0.03078 0.99860 0.04305
vn -0.03809 -0.11254 -0.99292
vn 0.03809 -0.11254 -0.99292
vn 0.03707 0.25457 -0.96634
vn -0.03707 0.25457 -0.96634
vn -0.03809 -0.11254 0.99292
vn -0.03707 0.25457 0.96634
vn 0.03707 0.25457 0.96634
vn 0.03809 -0.11254 0.99292
vn -0.99292 -0.11254 -0.03809
vn -0.96634 0.25457 -0.03707
vn -0.96634 0.25457 0.03707
vn -0.99292 -0.11254 0.03809
vn 0.99292 -0.11254 -0.03809
vn 0.99292 -0.11254 0.03809
vn 0.96634 0.25457 0.03707
vn 0.96634 0.25457 -0.03707
vn -0.03730 0.23071 -0.97231
vn 0.03730 0.23071 -0.97231
vn 0.03730 -0.23071 -0.97231
vn -0.03730 -0.23071 -0.97231
vn -0.03730 0.23071 0.97231
vn -0.03730 -0.23071 0.97231
vn 0.03730 -0.23071 0.97231
vn 0.03730 0.23071 0.97231
vn -0.97231 0.23071 -0.03730
vn -0.97231 -0.23071 -0.03730
vn -0.97231 -0.23071 0.03730
vn -0.97231 0.23071 0.03730
vn 0.97231 0.23071 -0.03730
vn 0.97231 0.23071 0.03730
vn 0.97231 -0.23071 0.03730
vn 0.97231 -0.23071 -0.03730
vn 0.03459 0.43123 -0.90158
vn 0.03340 0.49074 -0.87067
vn -0.03340 0.49074 -0.87067
vn -0.03459 0.43123 -0.90158
vn 0.03513 -0.40050 -0.91563
vn -0.03513 -0.40049 -0.91563
vn -0.03340 -0.49074 -0.87067
vn 0.03340 -0.49074 -0.87066
vn -0.03459 0.43123 0.90158
vn -0.03340 0.49074 0.87067
vn 0.03340 0.49074 0.87067
vn 0.03459 0.43123 0.90158
vn -0.03513 -0.40050 0.91563
vn 0.03513 -0.40049 0.91563
vn 0.03340 -0.49074 0.87067
vn -0.03340 -0.49074 0.87066
vn -0.90158 0.43123 -0.03459
vn -0.87067 0.49074 -0.03340
vn -0.87067 0.49074 0.03340
vn -0.90158 0.43123 0.03459
vn -0.91562 -0.40050 -0.03513
vn -0.91563 -0.40049 0.03513
vn -0.87067 -0.49074 0.03340
vn -0.87066 -0.49074 -0.03340
vn 0.90158 0.43123 -0.03459
vn 0.90158 0.43123 0.03459
vn 0.87067 0.49074 0.03340
vn 0.87066 0.49074 -0.03340
vn 0.91563 -0.40050 -0.03513
vn 0.87067 -0.49074 -0.03340
vn 0.87067 -0.49074 0.03340
vn 0.91563 -0.40050 0.03513
vn -0.90941 -0.34165 -0.23718
vn -0.97632 -0.20870 -0.05689
vn -0.97632 -0.20870 0.05689
vn -0.88968 -0.38253 0.24929
vn -0.94471 -0.08066 0.31783
vn -0.94471 -0.08066 -0.31783
vn -0.23718 -0.34165 0.90941
vn -0.05689 -0.20870 0.97632
vn 0.05689 -0.20870 0.97632
vn 0.24929 -0.38253 0.88968
vn 0.31783 -0.08066 0.94471
vn -0.31783 -0.08066 0.94471
vn 0.90941 -0.34165 0.23718
vn 0.97632 -0.20870 0.05689
vn 0.97632 -0.20870 -0.05689
vn 0.88968 -0.38253 -0.24929
vn 0.94471 -0.08066 -0.31783
vn 0.94471 -0.08066 0.31783
vn 0.23718 -0.34165 -0.90941
vn 0.05689 -0.20870 -0.97632
vn -0.05689 -0.20870 -0.97632
vn -0.24929 -0.38253 -0.88968
vn -0.31783 -0.08066 -0.94471
vn 0.31783 -0.08066 -0.94471
vn -0.03815 -0.09858 -0.99440
vn 0.03815 -0.09858 -0.99440
vn 0.03796 0.14008 -0.98941
vn -0.03796 0.14008 -0.98941
vn -0.03815 -0.09857 0.99440
vn -0.03796 0.14008 0.98941
vn 0.03796 0.14008 0.98941
vn 0.03815 -0.09858 0.99440
vn -0.99440 -0.09857 -0.03815
vn -0.98941 0.14008 -0.03796
vn -0.98941 0.14008 0.03796
vn -0.99440 -0.09858 0.03815
vn 0.99440 -0.09858 -0.03815
vn 0.99440 -0.09858 0.03815
vn 0.98941 0.14008 0.03796
vn 0.98941 0.14008 -0.03796
vn 0.73034 -0.68251 0.02802
vn 0.73034 -0.68251 -0.02802
vn 0.50739 -0.84699 0.15866
vn -0.69708 -0.70126 -0.14941
vn 0.02802 -0.68251 -0.73034
vn -0.02802 -0.68251 -0.73034
vn 0.15866 -0.84699 -0.50739
vn -0.14941 -0.70126 0.69708
vn -0.73034 -0.68251 -0.02802
vn -0.73034 -0.68251 0.02802
vn -0.50739 -0.84699 -0.15866
vn 0.69708 -0.70126 0.14941
vn -0.02802 -0.68251 0.73034
vn 0.02802 -0.68251 0.73034
vn -0.15866 -0.84699 0.50739
vn 0.14941 -0.70126 -0.69708
vn -0.03670 -0.28914 -0.95658
vn -0.01585 -0.91053 -0.41314
vn 0.01585 -0.91053 -0.41314
vn 0.03670 -0.28914 -0.95658
vn -0.03670 -0.28914 0.95658
vn 0.03670 -0.28914 0.95658
vn 0.01585 -0.91053 0.41314
vn -0.01585 -0.91053 0.41314
vn -0.95658 -0.28914 -0.03670
vn -0.95658 -0.28914 0.03670
vn -0.41314 -0.91053 0.01585
vn -0.41314 -0.91053 -0.01585
vn 0.95658 -0.28914 -0.03670
vn 0.41314 -0.91053 -0.01585
vn 0.41314 -0.91053 0.01585
vn 0.95658 -0.28914 0.03670
vn 0.03833 -0.02123 0.99904
vn -0.03833 -0.02123 0.99904
vn -0.03785 -0.15845 0.98664
vn 0.03785 -0.15845 0.98664
vn -0.03785 -0.15845 -0.98664
vn -0.03833 -0.02123 -0.99904
vn 0.03833 -0.02123 -0.99904
vn 0.03785 -0.15845 -0.98664
vn 0.98664 -0.15845 -0.03785
vn 0.99904 -0.02123 -0.03833
vn 0.99904 -0.02123 0.03833
vn 0.98664 -0.15845 0.03785
vn -0.99904 -0.02123 0.03833
vn -0.99904 -0.02123 -0.03833
vn -0.98664 -0.15845 -0.03785
vn -0.98664 -0.15845 0.03785
vn 0.03809 0.11212 0.99296
vn -0.03809 0.11212 0.99296
vn -0.03809 -0.11212 0.99296
vn 0.03809 -0.11212 0.99296
vn -0.03809 -0.11212 -0.99296
vn -0.03809 0.11212 -0.99296
vn 0.03809 0.11212 -0.99296
vn 0.03809 -0.11212 -0.99296
vn 0.99296 -0.11212 -0.03809
vn 0.99296 0.11212 -0.03809
vn 0.99296 0.11212 0.03809
vn 0.99296 -0.11212 0.03809
vn -0.99296 0.11212 0.03809
vn -0.99296 0.11212 -0.03809
vn -0.99296 -0.11212 -0.03809
vn -0.99296 -0.11212 0.03809
vn 0.03304 -0.50734 0.86111
vn 0.03514 -0.39994 0.91587
vn -0.03514 -0.39994 0.91587
vn -0.03304 -0.50734 0.86111
vn -0.03514 0.39994 0.91587
vn 0.03514 0.39994 0.91587
vn 0.03583 0.35584 0.93386
vn -0.03583 0.35584 0.93386
vn -0.03304 -0.50734 -0.86111
vn -0.03514 -0.39994 -0.91587
vn 0.03514 -0.39994 -0.91587
vn 0.03304 -0.50734 -0.86111
vn 0.03514 0.39994 -0.91587
vn -0.03514 0.39994 -0.91587
vn -0.03583 0.35584 -0.93386
vn 0.03583 0.35584 -0.93386
vn 0.86111 -0.50734 -0.03304
vn 0.91587 -0.39994 -0.03514
vn 0.91587 -0.39994 0.03514
vn 0.86111 -0.50734 0.03304
vn 0.91587 0.39994 0.03514
vn 0.91587 0.39994 -0.03514
vn 0.93386 0.35584 -0.03583
vn 0.93386 0.35584 0.03583
vn -0.91587 -0.39994 0.03514
vn -0.91587 -0.39994 -0.03514
vn -0.86111 -0.50734 -0.03304
vn -0.86111 -0.50734 0.03304
vn -0.93386 0.35584 -0.03583
vn -0.91587 0.39994 -0.03514
vn -0.91587 0.39994 0.03514
vn -0.93386 0.35584 0.03583
vn 0.93881 0.13098 0.31857
vn 0.93881 0.13098 -0.31857
vn 0.89950 0.36792 -0.23567
vn 0.96064 0.27112 -0.06053
vn 0.96064 0.27112 0.06053
vn 0.87979 0.40515 0.24864
vn 0.31857 0.13098 -0.93881
vn -0.31857 0.13098 -0.93881
vn -0.23567 0.36792 -0.89950
vn -0.06053 0.27112 -0.96064
vn 0.06053 0.27112 -0.96064
vn 0.24864 0.40515 -0.87979
vn -0.93881 0.13098 -0.31857
vn -0.93881 0.13098 0.31857
vn -0.89950 0.36792 0.23567
vn -0.96064 0.27112 0.06053
vn -0.96064 0.27112 -0.06053
vn -0.87979 0.40515 -0.24864
vn -0.31857 0.13098 0.93881
vn 0.31857 0.13098 0.93881
vn 0.23567 0.36792 0.89950
vn 0.06053 0.27112 0.96064
vn -0.06053 0.27112 0.96064
vn -0.24864 0.40515 0.87979
vn 0.03717 -0.24463 0.96890
vn -0.03717 -0.24463 0.96890
vn -0.03799 -0.13400 0.99025
vn 0.03799 -0.13400 0.99025
vn -0.03799 -0.13400 -0.99025
vn -0.03717 -0.24463 -0.96890
vn 0.03717 -0.24463 -0.96890
vn 0.03799 -0.13400 -0.99025
vn 0.99025 -0.13400 -0.03799
vn 0.96890 -0.24463 -0.03717
vn 0.96890 -0.24463 0.03717
vn 0.99025 -0.13400 0.03799
vn -0.96890 -0.24463 0.03717
vn -0.96890 -0.24463 -0.03717
vn -0.99025 -0.13400 -0.03799
vn -0.99025 -0.13400 0.03799
vn -0.43952 0.87873 0.18617
vn 0.68173 0.71512 -0.15444
vn -0.80999 0.58561 0.03107
vn -0.80999 0.58561 -0.03107
vn 0.18617 0.87873 0.43952
vn -0.15444 0.71512 -0.68173
vn 0.03107 0.58561 0.80999
vn -0.03107 0.58561 0.80999
vn 0.43952 0.87873 -0.18617
vn -0.68173 0.71512 0.15444
vn 0.80999 0.58561 -0.03107
vn 0.80999 0.58561 0.03107
vn -0.18617 0.87873 -0.43952
vn 0.15444 0.71512 0.68173
vn -0.03107 0.58561 -0.80999
vn 0.03107 0.58561 -0.80999
vn -0.03012 -0.61857 0.78515
vn 0.03458 0.43180 -0.90131
vn -0.03458 0.43180 -0.90131
vn 0.03012 -0.61857 0.78515
vn -0.03458 0.43180 0.90131
vn 0.03458 0.43180 0.90131
vn -0.03012 -0.61857 -0.78515
vn 0.03012 -0.61857 -0.78515
vn -0.90131 0.43180 -0.03458
vn -0.90131 0.43180 0.03458
vn 0.78515 -0.61857 -0.03012
vn 0.78515 -0.61857 0.03012
vn -0.78515 -0.61857 -0.03012
vn 0.90131 0.43180 0.03458
vn 0.90131 0.43180 -0.03458
vn -0.78515 -0.61857 0.03012
vn 0.01491 0.92129 -0.38859
vn -0.01192 0.95041 0.31077
vn 0.01192 0.95041 0.31077
vn -0.01491 0.92129 -0.38859
vn -0.01491 0.92129 0.38859
vn 0.01192 0.95041 -0.31077
vn -0.01192 0.95041 -0.31077
vn 0.01491 0.92129 0.38859
vn -0.38859 0.92129 -0.01491
vn 0.31077 0.95041 0.01192
vn 0.31077 0.95041 -0.01192
vn -0.38859 0.92129 0.01491
vn 0.38859 0.92129 0.01491
vn -0.31077 0.95041 -0.01192
vn -0.31077 0.95041 0.01192
vn 0.38859 0.92129 -0.01491
vn -0.24526 0.27931 -0.92835
vn -0.92835 0.27931 -0.24526
vn -0.95934 -0.12419 -0.25345
vn -0.25345 -0.12419 -0.95934
vn 0.24526 0.27931 -0.92835
vn 0.25345 -0.12419 -0.95934
vn 0.95934 -0.12419 -0.25345
vn 0.92835 0.27931 -0.24526
vn 0.24526 0.27931 0.92835
vn 0.92835 0.27931 0.24526
vn 0.95934 -0.12419 0.25345
vn 0.25345 -0.12419 0.95934
vn -0.24526 0.27931 0.92835
vn -0.25345 -0.12419 0.95934
vn -0.95934 -0.12419 0.25345
vn -0.92835 0.27931 0.24526
vn -0.24708 0.25345 -0.93526
vn -0.24708 -0.25345 -0.93526
vn -0.93526 -0.25345 -0.24708
vn -0.93526 0.25345 -0.24708
vn 0.24708 0.25345 -0.93526
vn 0.93526 0.25345 -0.24708
vn 0.93526 -0.25345 -0.24708
vn 0.24708 -0.25345 -0.93526
vn 0.24708 0.25345 0.93526
vn 0.24708 -0.25345 0.93526
vn 0.93526 -0.25345 0.24708
vn 0.93526 0.25345 0.24708
vn -0.24708 0.25345 0.93526
vn -0.93526 0.25345 0.24708
vn -0.93526 -0.25345 0.24708
vn -0.24708 -0.25345 0.93526
vn -0.22586 0.46702 -0.85492
vn -0.21685 0.52840 -0.82083
vn -0.82083 0.52840 -0.21685
vn -0.85492 0.46702 -0.22586
vn 0.22586 0.46702 -0.85492
vn 0.85492 0.46702 -0.22586
vn 0.82083 0.52840 -0.21685
vn 0.21685 0.52840 -0.82083
vn -0.23000 -0.43492 -0.87060
vn -0.87060 -0.43492 -0.23000
vn -0.82083 -0.52840 -0.21685
vn -0.21685 -0.52840 -0.82083
vn 0.23000 -0.43492 -0.87060
vn 0.21685 -0.52840 -0.82083
vn 0.82083 -0.52840 -0.21685
vn 0.87060 -0.43492 -0.23000
vn 0.22586 0.46702 0.85492
vn 0.21685 0.52840 0.82083
vn 0.82083 0.52840 0.21685
vn 0.85492 0.46702 0.22586
vn -0.22586 0.46702 0.85492
vn -0.85492 0.46702 0.22586
vn -0.82083 0.52840 0.21685
vn -0.21685 0.52840 0.82083
vn 0.23000 -0.43492 0.87060
vn 0.87060 -0.43492 0.23000
vn 0.82083 -0.52840 0.21685
vn 0.21685 -0.52840 0.82083
vn -0.23000 -0.43492 0.87060
vn -0.21685 -0.52840 0.82083
vn -0.82083 -0.52840 0.21685
vn -0.87060 -0.43492 0.23000
vn 0.25236 0.15446 -0.95523
vn 0.25391 -0.10881 -0.96109
vn 0.96109 -0.10881 -0.25391
vn 0.95523 0.15446 -0.25236
vn -0.25236 0.15446 -0.95523
vn -0.95523 0.15446 -0.25236
vn -0.96109 -0.10881 -0.25391
vn -0.25391 -0.10881 -0.96109
vn -0.25236 0.15446 0.95523
vn -0.25391 -0.10881 0.96109
vn -0.96109 -0.10881 0.25391
vn -0.95523 0.15446 0.25236
vn 0.25236 0.15446 0.95523
vn 0.95523 0.15446 0.25236
vn 0.96109 -0.10881 0.25391
vn 0.25391 -0.10881 0.96109
vn 0.47430 -0.87912 0.04666
vn 0.67283 -0.71812 -0.17775
vn 0.17775 -0.71812 -0.67283
vn -0.04666 -0.87912 -0.47430
vn 0.47430 -0.87912 -0.04666
vn -0.04666 -0.87912 0.47430
vn 0.17775 -0.71812 0.67283
vn 0.67283 -0.71812 0.17775
vn 0.04666 -0.87912 -0.47430
vn -0.17775 -0.71812 -0.67283
vn -0.67283 -0.71812 -0.17775
vn -0.47430 -0.87912 0.04666
vn -0.47430 -0.87912 -0.04666
vn -0.67283 -0.71812 0.17775
vn -0.17775 -0.71812 0.67283
vn 0.04666 -0.87912 0.47430
vn 0.24229 -0.31659 -0.91710
vn 0.09708 -0.92496 -0.36747
vn 0.36747 -0.92496 -0.09708
vn 0.91710 -0.31659 -0.24229
vn -0.24229 -0.31659 -0.91710
vn -0.91710 -0.31659 -0.24229
vn -0.36747 -0.92496 -0.09708
vn -0.09708 -0.92496 -0.36747
vn 0.24229 -0.31659 0.91710
vn 0.91710 -0.31659 0.24229
vn 0.36747 -0.92496 0.09708
vn 0.09708 -0.92496 0.36747
vn -0.24229 -0.31659 0.91710
vn -0.09708 -0.92496 0.36747
vn -0.36747 -0.92496 0.09708
vn -0.91710 -0.31659 0.24229
vn -0.25535 -0.02346 0.96656
vn -0.96656 -0.02346 0.25535
vn -0.95198 -0.17461 0.25150
vn -0.25150 -0.17461 0.95198
vn 0.25535 -0.02346 0.96656
vn 0.25150 -0.17461 0.95198
vn 0.95198 -0.17461 0.25150
vn 0.96656 -0.02346 0.25535
vn -0.25535 -0.02345 -0.96656
vn -0.25150 -0.17461 -0.95198
vn -0.95198 -0.17461 -0.25150
vn -0.96656 -0.02346 -0.25535
vn 0.25535 -0.02346 -0.96656
vn 0.96656 -0.02345 -0.25535
vn 0.95198 -0.17461 -0.25150
vn 0.25150 -0.17461 -0.95198
vn -0.25346 -0.12372 0.95940
vn -0.25346 0.12372 0.95940
vn -0.95940 0.12372 0.25346
vn -0.95940 -0.12372 0.25346
vn 0.25346 -0.12372 0.95940
vn 0.95940 -0.12372 0.25346
vn 0.95940 0.12372 0.25346
vn 0.25346 0.12372 0.95940
vn -0.25346 -0.12372 -0.95940
vn -0.95940 -0.12372 -0.25346
vn -0.95940 0.12372 -0.25346
vn -0.25346 0.12372 -0.95940
vn 0.25346 -0.12372 -0.95940
vn 0.25346 0.12372 -0.95940
vn 0.95940 0.12372 -0.25346
vn 0.95940 -0.12372 -0.25346
vn 0.21410 -0.54532 0.81042
vn 0.81042 -0.54532 0.21410
vn 0.87087 -0.43434 0.23007
vn 0.23007 -0.43434 0.87087
vn -0.21410 -0.54532 0.81042
vn -0.23007 -0.43434 0.87087
vn -0.87087 -0.43434 0.23007
vn -0.81042 -0.54532 0.21410
vn 0.23543 0.38782 0.89116
vn 0.23007 0.43434 0.87087
vn 0.87087 0.43434 0.23007
vn 0.89116 0.38782 0.23543
vn -0.23543 0.38782 0.89116
vn -0.89116 0.38782 0.23543
vn -0.87087 0.43434 0.23007
vn -0.23007 0.43434 0.87087
vn -0.21410 -0.54532 -0.81042
vn -0.81042 -0.54532 -0.21410
vn -0.87087 -0.43434 -0.23007
vn -0.23007 -0.43434 -0.87087
vn 0.21410 -0.54532 -0.81042
vn 0.23007 -0.43434 -0.87087
vn 0.87087 -0.43434 -0.23007
vn 0.81042 -0.54532 -0.21410
vn -0.23543 0.38782 -0.89116
vn -0.23007 0.43434 -0.87087
vn -0.87087 0.43434 -0.23007
vn -0.89116 0.38782 -0.23543
vn 0.23543 0.38782 -0.89116
vn 0.89116 0.38782 -0.23543
vn 0.87087 0.43434 -0.23007
vn 0.23007 0.43434 -0.87087
vn -0.24604 -0.26856 0.93131
vn -0.93131 -0.26856 0.24604
vn -0.95621 -0.14778 0.25262
vn -0.25262 -0.14778 0.95621
vn 0.24604 -0.26856 0.93131
vn 0.25262 -0.14778 0.95621
vn 0.95621 -0.14778 0.25262
vn 0.93131 -0.26856 0.24604
vn -0.24604 -0.26856 -0.93131
vn -0.25262 -0.14778 -0.95621
vn -0.95621 -0.14778 -0.25262
vn -0.93131 -0.26856 -0.24604
vn 0.24604 -0.26856 -0.93131
vn 0.93131 -0.26856 -0.24604
vn 0.95621 -0.14778 -0.25262
vn 0.25262 -0.14778 -0.95621
vn -0.40692 0.90945 -0.08559
vn 0.08559 0.90945 0.40692
vn -0.19961 0.62390 0.75558
vn -0.75558 0.62390 0.19961
vn -0.40692 0.90945 0.08559
vn -0.75558 0.62390 -0.19961
vn -0.19961 0.62390 -0.75558
vn 0.08559 0.90945 -0.40692
vn -0.08559 0.90945 0.40692
vn 0.40692 0.90945 -0.08559
vn 0.75558 0.62390 0.19961
vn 0.19961 0.62390 0.75558
vn 0.40692 0.90945 0.08559
vn -0.08559 0.90945 -0.40692
vn 0.19961 0.62390 -0.75558
vn 0.75558 0.62390 -0.19961
vn -0.19271 -0.65634 0.72944
vn -0.72944 -0.65634 0.19271
vn 0.85461 0.46761 -0.22578
vn 0.22578 0.46761 -0.85461
vn 0.19271 -0.65634 0.72944
vn -0.22578 0.46761 -0.85461
vn -0.85461 0.46761 -0.22578
vn 0.72944 -0.65634 0.19271
vn -0.19271 -0.65634 -0.72944
vn 0.22578 0.46761 0.85461
vn 0.85461 0.46761 0.22578
vn -0.72944 -0.65634 -0.19271
vn 0.19271 -0.65634 -0.72944
vn 0.72944 -0.65634 -0.19271
vn -0.85461 0.46761 0.22578
vn -0.22578 0.46761 0.85461
vn 0.09114 0.93417 -0.34499
vn 0.34499 0.93417 -0.09114
vn -0.27452 0.95884 0.07252
vn -0.07252 0.95884 0.27452
vn -0.09114 0.93417 -0.34499
vn 0.07252 0.95884 0.27452
vn 0.27452 0.95884 0.07252
vn -0.34499 0.93417 -0.09114
vn -0.09114 0.93417 0.34499
vn -0.34499 0.93417 0.09114
vn 0.27452 0.95884 -0.07252
vn 0.07252 0.95884 -0.27452
vn 0.09114 0.93417 0.34499
vn -0.07252 0.95884 -0.27452
vn -0.27452 0.95884 -0.07252
vn 0.34499 0.93417 0.09114
vn -0.95153 -0.17681 -0.25164
vn -0.88258 -0.31305 -0.35079
vn -0.25164 -0.17681 -0.95153
vn -0.35079 -0.31305 0.88258
vn -0.95153 -0.17681 0.25164
vn -0.25164 -0.17681 0.95153
vn 0.35079 -0.31305 -0.88258
vn 0.95153 -0.17681 -0.25164
vn 0.25164 -0.17681 -0.95153
vn 0.88258 -0.31305 0.35079
vn 0.25164 -0.17681 0.95153
vn 0.95153 -0.17681 0.25164
vn 0.25251 0.24544 0.93595
vn 0.35205 0.34715 0.86922
vn 0.93595 0.24544 0.25251
vn 0.86922 0.34715 -0.35205
vn 0.25251 0.24544 -0.93595
vn 0.93595 0.24544 -0.25251
vn -0.86922 0.34715 0.35205
vn -0.25251 0.24544 0.93595
vn -0.93595 0.24544 0.25251
vn -0.35205 0.34715 -0.86922
vn -0.93595 0.24544 -0.25251
vn -0.25251 0.24544 -0.93595
vn -0.94679 -0.06317 -0.31560
vn -0.94548 -0.06330 0.31947
vn -0.31547 -0.94309 0.10516
vn -0.41604 -0.88838 -0.19415
vn -0.31560 -0.06317 0.94679
vn 0.31947 -0.06330 0.94548
vn 0.10516 -0.94309 0.31547
vn -0.19415 -0.88838 0.41604
vn 0.94679 -0.06317 0.31560
vn 0.94548 -0.06330 -0.31947
vn 0.31547 -0.94309 -0.10516
vn 0.41604 -0.88838 0.19415
vn 0.31560 -0.06317 -0.94679
vn -0.31947 -0.06330 -0.94548
vn -0.10516 -0.94309 -0.31547
vn 0.19415 -0.88838 -0.41604
vn -0.07256 -0.99602 -0.05183
vn -0.05183 -0.99602 0.07256
vn 0.07256 -0.99602 0.05183
vn 0.05183 -0.99602 -0.07256
vn 0.16806 0.98162 0.09047
vn 0.26417 0.95657 -0.12325
vn 0.93991 0.11846 -0.32023
vn 0.93991 0.11846 0.32023
vn 0.09047 0.98162 -0.16806
vn -0.12325 0.95657 -0.26417
vn -0.32023 0.11846 -0.93991
vn 0.32023 0.11846 -0.93991
vn -0.16806 0.98162 -0.09047
vn -0.26417 0.95657 0.12325
vn -0.93991 0.11846 0.32023
vn -0.93991 0.11846 -0.32023
vn -0.09047 0.98162 0.16806
vn 0.12325 0.95657 0.26417
vn 0.32023 0.11846 0.93991
vn -0.32023 0.11846 0.93991
vn -0.04305 0.99860 0.03078
vn -0.03078 0.99860 -0.04305
vn 0.04305 0.99860 -0.03078
vn 0.03078 0.99860 0.04305
vn -0.03809 -0.11254 -0.99292
vn 0.03809 -0.11254 -0.99292
vn 0.03707 0.25457 -0.96634
vn -0.03707 0.25457 -0.96634
vn -0.03809 -0.11254 0.99292
vn -0.03707 0.25457 0.96634
vn 0.03707 0.25457 0.96634
vn 0.03809 -0.11254 0.99292
vn -0.99292 -0.11254 -0.03809
vn -0.96634 0.25457 -0.03707
vn -0.96634 0.25457 0.03707
vn -0.99292 -0.11254 0.03809
vn 0.99292 -0.11254 -0.03809
vn 0.99292 -0.11254 0.03809
vn 0.96634 0.25457 0.03707
vn 0.96634 0.25457 -0.03707
vn -0.03730 0.23071 -0.97231
vn 0.03730 0.23071 -0.97231
vn 0.03730 -0.23071 -0.97231
vn -0.03730 -0.23071 -0.97231
vn -0.03730 0.23071 0.97231
vn -0.03730 -0.23071 0.97231
vn 0.03730 -0.23071 0.97231
vn 0.03730 0.23071 0.97231
vn -0.97231 0.23071 -0.03730
vn -0.97231 -0.23071 -0.03730
vn -0.97231 -0.23071 0.03730
vn -0.97231 0.23071 0.03730
vn 0.97231 0.23071 -0.03730
vn 0.97231 0.23071 0.03730
vn 0.97231 -0.23071 0.03730
vn 0.97231 -0.23071 -0.03730
vn 0.03459 0.43123 -0.90158
vn 0.03340 0.49074 -0.87067
vn -0.03340 0.49074 -0.87067
vn -0.03459 0.43123 -0.90158
vn 0.03513 -0.40050 -0.91563
vn -0.03513 -0.40049 -0.91563
vn -0.03340 -0.49074 -0.87067
vn 0.03340 -0.49074 -0.87066
vn -0.03459 0.43123 0.90158
vn -0.03340 0.49074 0.87067
vn 0.03340 0.49074 0.87067
vn 0.03459 0.43123 0.90158
vn -0.03513 -0.40050 0.91563
vn 0.03513 -0.40049 0.91563
vn 0.03340 -0.49074 0.87067
vn -0.03340 -0.49074 0.87066
vn -0.90158 0.43123 -0.03459
vn -0.87067 0.49074 -0.03340
vn -0.87067 0.49074 0.03340
vn -0.90158 0.43123 0.03459
vn -0.91562 -0.40050 -0.03513
vn -0.91563 -0.40049 0.03513
vn -0.87067 -0.49074 0.03340
vn -0.87066 -0.49074 -0.03340
vn 0.90158 0.43123 -0.03459
vn 0.90158 0.43123 0.03459
vn 0.87067 0.49074 0.03340
vn 0.87066 0.49074 -0.03340
vn 0.91563 -0.40050 -0.03513
vn 0.87067 -0.49074 -0.03340
vn 0.87067 -0.49074 0.03340
vn 0.91563 -0.40050 0.03513
vn -0.90941 -0.34165 -0.23718
vn -0.97632 -0.20870 -0.05689
vn -0.97632 -0.20870 0.05689
vn -0.88968 -0.38253 0.24929
vn -0.94471 -0.08066 0.31783
vn -0.94471 -0.08066 -0.31783
vn -0.23718 -0.34165 0.90941
vn -0.05689 -0.20870 0.97632
vn 0.05689 -0.20870 0.97632
vn 0.24929 -0.38253 0.88968
vn 0.31783 -0.08066 0.94471
vn -0.31783 -0.08066 0.94471
vn 0.90941 -0.34165 0.23718
vn 0.97632 -0.20870 0.05689
vn 0.97632 -0.20870 -0.05689
vn 0.88968 -0.38253 -0.24929
vn 0.94471 -0.08066 -0.31783
vn 0.94471 -0.08066 0.31783
vn 0.23718 -0.34165 -0.90941
vn 0.05689 -0.20870 -0.97632
vn -0.05689 -0.20870 -0.97632
vn -0.24929 -0.38253 -0.88968
vn -0.31783 -0.08066 -0.94471
vn 0.31783 -0.08066 -0.94471
vn -0.03815 -0.09858 -0.99440
vn 0.03815 -0.09858 -0.99440
vn 0.03796 0.14008 -0.98941
vn -0.03796 0.14008 -0.98941
vn -0.03815 -0.09857 0.99440
vn -0.03796 0.14008 0.98941
vn 0.03796 0.14008 0.98941
vn 0.03815 -0.09858 0.99440
vn -0.99440 -0.09857 -0.03815
vn -0.98941 0.14008 -0.03796
vn -0.98941 0.14008 0.03796
vn -0.99440 -0.09858 0.03815
vn 0.99440 -0.09858 -0.03815
vn 0.99440 -0.09858 0.03815
vn 0.98941 0.14008 0.03796
vn 0.98941 0.14008 -0.03796
vn 0.73034 -0.68251 0.02802
vn 0.73034 -0.68251 -0.02802
vn 0.50739 -0.84699 0.15866
vn -0.69708 -0.70126 -0.14941
vn 0.02802 -0.68251 -0.73034
vn -0.02802 -0.68251 -0.73034
vn 0.15866 -0.84699 -0.50739
vn -0.14941 -0.70126 0.69708
vn -0.73034 -0.68251 -0.02802
vn -0.73034 -0.68251 0.02802
vn -0.50739 -0.84699 -0.15866
vn 0.69708 -0.70126 0.14941
vn -0.02802 -0.68251 0.73034
vn 0.02802 -0.68251 0.73034
vn -0.15866 -0.84699 0.50739
vn 0.14941 -0.70126 -0.69708
vn -0.03670 -0.28914 -0.95658
vn -0.01585 -0.91053 -0.41314
vn 0.01585 -0.91053 -0.41314
vn 0.03670 -0.28914 -0.95658
vn -0.03670 -0.28914 0.95658
vn 0.03670 -0.28914 0.95658
vn 0.01585 -0.91053 0.41314
vn -0.01585 -0.91053 0.41314
vn -0.95658 -0.28914 -0.03670
vn -0.95658 -0.28914 0.03670
vn -0.41314 -0.91053 0.01585
vn -0.41314 -0.91053 -0.01585
vn 0.95658 -0.28914 -0.03670
vn 0.41314 -0.91053 -0.01585
vn 0.41314 -0.91053 0.01585
vn 0.95658 -0.28914 0.03670
vn 0.03833 -0.02123 0.99904
vn -0.03833 -0.02123 0.99904
vn -0.03785 -0.15845 0.98664
vn 0.03785 -0.15845 0.98664
vn -0.03785 -0.15845 -0.98664
vn -0.03833 -0.02123 -0.99904
vn 0.03833 -0.02123 -0.99904
vn 0.03785 -0.15845 -0.98664
vn 0.98664 -0.15845 -0.03785
vn 0.99904 -0.02123 -0.03833
vn 0.99904 -0.02123 0.03833
vn 0.98664 -0.15845 0.03785
vn -0.99904 -0.02123 0.03833
vn -0.99904 -0.02123 -0.03833
vn -0.98664 -0.15845 -0.03785
vn -0.98664 -0.15845 0.03785
vn 0.03809 0.11212 0.99296
vn -0.03809 0.11212 0.99296
vn -0.03809 -0.11212 0.99296
vn 0.03809 -0.11212 0.99296
vn -0.03809 -0.11212 -0.99296
vn -0.03809 0.11212 -0.99296
vn 0.03809 0.11212 -0.99296
vn 0.03809 -0.11212 -0.99296
vn 0.99296 -0.11212 -0.03809
vn 0.99296 0.11212 -0.03809
vn 0.99296 0.11212 0.03809
vn 0.99296 -0.11212 0.03809
vn -0.99296 0.11212 0.03809
vn -0.99296 0.11212 -0.03809
vn -0.99296 -0.11212 -0.03809
vn -0.99296 -0.11212 0.03809
vn 0.03304 -0.50734 0.86111
vn 0.03514 -0.39994 0.91587
vn -0.03514 -0.39994 0.91587
vn -0.03304 -0.50734 0.86111
vn -0.03514 0.39994 0.91587
vn 0.03514 0.39994 0.91587
vn 0.03583 0.35584 0.93386
vn -0.03583 0.35584 0.93386
vn -0.03304 -0.50734 -0.86111
vn -0.03514 -0.39994 -0.91587
vn 0.03514 -0.39994 -0.91587
vn 0.03304 -0.50734 -0.86111
vn 0.03514 0.39994 -0.91587
vn -0.03514 0.39994 -0.91587
vn -0.03583 0.35584 -0.93386
vn 0.03583 0.35584 -0.93386
vn 0.86111 -0.50734 -0.03304
vn 0.91587 -0.39994 -0.03514
vn 0.91587 -0.39994 0.03514
vn 0.86111 -0.50734 0.03304
vn 0.91587 0.39994 0.03514
vn 0.91587 0.39994 -0.03514
vn 0.93386 0.35584 -0.03583
vn 0.93386 0.35584 0.03583
vn -0.91587 -0.39994 0.03514
vn -0.91587 -0.39994 -0.03514
vn -0.86111 -0.50734 -0.03304
vn -0.86111 -0.50734 0.03304
vn -0.93386 0.35584 -0.03583
vn -0.91587 0.39994 -0.03514
vn -0.91587 0.39994 0.03514
vn -0.93386 0.35584 0.03583
vn 0.93881 0.13098 0.31857
vn 0.93881 0.13098 -0.31857
vn 0.89950 0.36792 -0.23567
vn 0.96064 0.27112 -0.06053
vn 0.96064 0.27112 0.06053
vn 0.87979 0.40515 0.24864
vn 0.31857 0.13098 -0.93881
vn -0.31857 0.13098 -0.93881
vn -0.23567 0.36792 -0.89950
vn -0.06053 0.27112 -0.96064
vn 0.06053 0.27112 -0.96064
vn 0.24864 0.40515 -0.87979
vn -0.93881 0.13098 -0.31857
vn -0.93881 0.13098 0.31857
vn -0.89950 0.36792 0.23567
vn -0.96064 0.27112 0.06053
vn -0.96064 0.27112 -0.06053
vn -0.87979 0.40515 -0.24864
vn -0.31857 0.13098 0.93881
vn 0.31857 0.13098 0.93881
vn 0.23567 0.36792 0.89950
vn 0.06053 0.27112 0.96064
vn -0.06053 0.27112 0.96064
vn -0.24864 0.40515 0.87979
vn 0.03717 -0.24463 0.96890
vn -0.03717 -0.24463 0.96890
vn -0.03799 -0.13400 0.99025
vn 0.03799 -0.13400 0.99025
vn -0.03799 -0.13400 -0.99025
vn -0.03717 -0.24463 -0.96890
vn 0.03717 -0.24463 -0.96890
vn 0.03799 -0.13400 -0.99025
vn 0.99025 -0.13400 -0.03799
vn 0.96890 -0.24463 -0.03717
vn 0.96890 -0.24463 0.03717
vn 0.99025 -0.13400 0.03799
vn -0.96890 -0.24463 0.03717
vn -0.96890 -0.24463 -0.03717
vn -0.99025 -0.13400 -0.03799
vn -0.99025 -0.13400 0.03799
vn -0.43952 0.87873 0.18617
vn 0.68173 0.71512 -0.15444
vn -0.80999 0.58561 0.03107
vn -0.80999 0.58561 -0.03107
vn 0.18617 0.87873 0.43952
vn -0.15444 0.71512 -0.68173
vn 0.03107 0.58561 0.80999
vn -0.03107 0.58561 0.80999
vn 0.43952 0.87873 -0.18617
vn -0.68173 0.71512 0.15444
vn 0.80999 0.58561 -0.03107
vn 0.80999 0.58561 0.03107
vn -0.18617 0.87873 -0.43952
vn 0.15444 0.71512 0.68173
vn -0.03107 0.58561 -0.80999
vn 0.03107 0.58561 -0.80999
vn -0.03012 -0.61857 0.78515
vn 0.03458 0.43180 -0.90131
vn -0.03458 0.43180 -0.90131
vn 0.03012 -0.61857 0.78515
vn -0.03458 0.43180 0.90131
vn 0.03458 0.43180 0.90131
vn -0.03012 -0.61857 -0.78515
vn 0.03012 -0.61857 -0.78515
vn -0.90131 0.43180 -0.03458
vn -0.90131 0.43180 0.03458
vn 0.78515 -0.61857 -0.03012
vn 0.78515 -0.61857 0.03012
vn -0.78515 -0.61857 -0.03012
vn 0.90131 0.43180 0.03458
vn 0.90131 0.43180 -0.03458
vn -0.78515 -0.61857 0.03012
vn 0.01491 0.92129 -0.38859
vn -0.01192 0.95041 0.31077
vn 0.01192 0.95041 0.31077
vn -0.01491 0.92129 -0.38859
vn -0.01491 0.92129 0.38859
vn 0.01192 0.95041 -0.31077
vn -0.01192 0.95041 -0.31077
vn 0.01491 0.92129 0.38859
vn -0.38859 0.92129 -0.01491
vn 0.31077 0.95041 0.01192
vn 0.31077 0.95041 -0.01192
vn -0.38859 0.92129 0.01491
vn 0.38859 0.92129 0.01491
vn -0.31077 0.95041 -0.01192
vn -0.31077 0.95041 0.01192
vn 0.38859 0.92129 -0.01491
vn -0.24526 0.27931 -0.92835
vn -0.92835 0.27931 -0.24526
vn -0.95934 -0.12419 -0.25345
vn -0.25345 -0.12419 -0.95934
vn 0.24526 0.27931 -0.92835
vn 0.25345 -0.12419 -0.95934
vn 0.95934 -0.12419 -0.25345
vn 0.92835 0.27931 -0.24526
vn 0.24526 0.27931 0.92835
vn 0.92835 0.27931 0.24526
vn 0.95934 -0.12419 0.25345
vn 0.25345 -0.12419 0.95934
vn -0.24526 0.27931 0.92835
vn -0.25345 -0.12419 0.95934
vn -0.95934 -0.12419 0.25345
vn -0.92835 0.27931 0.24526
vn -0.24708 0.25345 -0.93526
vn -0.24708 -0.25345 -0.93526
vn -0.93526 -0.25345 -0.24708
vn -0.93526 0.25345 -0.24708
vn 0.24708 0.25345 -0.93526
vn 0.93526 0.25345 -0.24708
vn 0.93526 -0.25345 -0.24708
vn 0.24708 -0.25345 -0.93526
vn 0.24708 0.25345 0.93526
vn 0.24708 -0.25345 0.93526
vn 0.93526 -0.25345 0.24708
vn 0.93526 0.25345 0.24708
vn -0.24708 0.25345 0.93526
vn -0.93526 0.25345 0.24708
vn -0.93526 -0.25345 0.24708
vn -0.24708 -0.25345 0.93526
vn -0.22586 0.46702 -0.85492
vn -0.21685 0.52840 -0.82083
vn -0.82083 0.52840 -0.21685
vn -0.85492 0.46702 -0.22586
vn 0.22586 0.46702 -0.85492
vn 0.85492 0.46702 -0.22586
vn 0.82083 0.52840 -0.21685
vn 0.21685 0.52840 -0.82083
vn -0.23000 -0.43492 -0.87060
vn -0.87060 -0.43492 -0.23000
vn -0.82083 -0.52840 -0.21685
vn -0.21685 -0.52840 -0.82083
vn 0.23000 -0.43492 -0.87060
vn 0.21685 -0.52840 -0.82083
vn 0.82083 -0.52840 -0.21685
vn 0.87060 -0.43492 -0.23000
vn 0.22586 0.46702 0.85492
vn 0.21685 0.52840 0.82083
vn 0.82083 0.52840 0.21685
vn 0.85492 0.46702 0.22586
vn -0.22586 0.46702 0.85492
vn -0.85492 0.46702 0.22586
vn -0.82083 0.52840 0.21685
vn -0.21685 0.52840 0.82083
vn 0.23000 -0.43492 0.87060
vn 0.87060 -0.43492 0.23000
vn 0.82083 -0.52840 0.21685
vn 0.21685 -0.52840 0.82083
vn -0.23000 -0.43492 0.87060
vn -0.21685 -0.52840 0.82083
vn -0.82083 -0.52840 0.21685
vn -0.87060 -0.43492 0.23000
vn 0.25236 0.15446 -0.95523
vn 0.25391 -0.10881 -0.96109
vn 0.96109 -0.10881 -0.25391
vn 0.95523 0.15446 -0.25236
vn -0.25236 0.15446 -0.95523
vn -0.95523 0.15446 -0.25236
vn -0.96109 -0.10881 -0.25391
vn -0.25391 -0.10881 -0.96109
vn -0.25236 0.15446 0.95523
vn -0.25391 -0.10881 0.96109
vn -0.96109 -0.10881 0.25391
vn -0.95523 0.15446 0.25236
vn 0.25236 0.15446 0.95523
vn 0.95523 0.15446 0.25236
vn 0.96109 -0.10881 0.25391
vn 0.25391 -0.10881 0.96109
vn 0.47430 -0.87912 0.04666
vn 0.67283 -0.71812 -0.17775
vn 0.17775 -0.71812 -0.67283
vn -0.04666 -0.87912 -0.47430
vn 0.47430 -0.87912 -0.04666
vn -0.04666 -0.87912 0.47430
vn 0.17775 -0.71812 0.67283
vn 0.67283 -0.71812 0.17775
vn 0.04666 -0.87912 -0.47430
vn -0.17775 -0.71812 -0.67283
vn -0.67283 -0.71812 -0.17775
vn -0.47430 -0.87912 0.04666
vn -0.47430 -0.87912 -0.04666
vn -0.67283 -0.71812 0.17775
vn -0.17775 -0.71812 0.67283
vn 0.04666 -0.87912 0.47430
vn 0.24229 -0.31659 -0.91710
vn 0.09708 -0.92496 -0.36747
vn 0.36747 -0.92496 -0.09708
vn 0.91710 -0.31659 -0.24229
vn -0.24229 -0.31659 -0.91710
vn -0.91710 -0.31659 -0.24229
vn -0.36747 -0.92496 -0.09708
vn -0.09708 -0.92496 -0.36747
vn 0.24229 -0.31659 0.91710
vn 0.91710 -0.31659 0.24229
vn 0.36747 -0.92496 0.09708
vn 0.09708 -0.92496 0.36747
vn -0.24229 -0.31659 0.91710
vn -0.09708 -0.92496 0.36747
vn -0.36747 -0.92496 0.09708
vn -0.91710 -0.31659 0.24229
vn -0.25535 -0.02346 0.96656
vn -0.96656 -0.02346 0.25535
vn -0.95198 -0.17461 0.25150
vn -0.25150 -0.17461 0.95198
vn 0.25535 -0.02346 0.96656
vn 0.25150 -0.17461 0.95198
vn 0.95198 -0.17461 0.25150
vn 0.96656 -0.02346 0.25535
vn -0.25535 -0.02345 -0.96656
vn -0.25150 -0.17461 -0.95198
vn -0.95198 -0.17461 -0.25150
vn -0.96656 -0.02346 -0.25535
vn 0.25535 -0.02346 -0.96656
vn 0.96656 -0.02345 -0.25535
vn 0.95198 -0.17461 -0.25150
vn 0.25150 -0.17461 -0.95198
vn -0.25346 -0.12372 0.95940
vn -0.25346 0.12372 0.95940
vn -0.95940 0.12372 0.25346
vn -0.95940 -0.12372 0.25346
vn 0.25346 -0.12372 0.95940
vn 0.95940 -0.12372 0.25346
vn 0.95940 0.12372 0.25346
vn 0.25346 0.12372 0.95940
vn -0.25346 -0.12372 -0.95940
vn -0.95940 -0.12372 -0.25346
vn -0.95940 0.12372 -0.25346
vn -0.25346 0.12372 -0.95940
vn 0.25346 -0.12372 -0.95940
vn 0.25346 0.12372 -0.95940
vn 0.95940 0.12372 -0.25346
vn 0.95940 -0.12372 -0.25346
vn 0.21410 -0.54532 0.81042
vn 0.81042 -0.54532 0.21410
vn 0.87087 -0.43434 0.23007
vn 0.23007 -0.43434 0.87087
vn -0.21410 -0.54532 0.81042
vn -0.23007 -0.43434 0.87087
vn -0.87087 -0.43434 0.23007
vn -0.81042 -0.54532 0.21410
vn 0.23543 0.38782 0.89116
vn 0.23007 0.43434 0.87087
vn 0.87087 0.43434 0.23007
vn 0.89116 0.38782 0.23543
vn -0.23543 0.38782 0.89116
vn -0.89116 0.38782 0.23543
vn -0.87087 0.43434 0.23007
vn -0.23007 0.43434 0.87087
vn -0.21410 -0.54532 -0.81042
vn -0.81042 -0.54532 -0.21410
vn -0.87087 -0.43434 -0.23007
vn -0.23007 -0.43434 -0.87087
vn 0.21410 -0.54532 -0.81042
vn 0.23007 -0.43434 -0.87087
vn 0.87087 -0.43434 -0.23007
vn 0.81042 -0.54532 -0.21410
vn -0.23543 0.38782 -0.89116
vn -0.23007 0.43434 -0.87087
vn -0.87087 0.43434 -0.23007
vn -0.89116 0.38782 -0.23543
vn 0.23543 0.38782 -0.89116
vn 0.89116 0.38782 -0.23543
vn 0.87087 0.43434 -0.23007
vn 0.23007 0.43434 -0.87087
vn -0.24604 -0.26856 0.93131
vn -0.93131 -0.26856 0.24604
vn -0.95621 -0.14778 0.25262
vn -0.25262 -0.14778 0.95621
vn 0.24604 -0.26856 0.93131
vn 0.25262 -0.14778 0.95621
vn 0.95621 -0.14778 0.25262
vn 0.93131 -0.26856 0.24604
vn -0.24604 -0.26856 -0.93131
vn -0.25262 -0.14778 -0.95621
vn -0.95621 -0.14778 -0.25262
vn -0.93131 -0.26856 -0.24604
vn 0.24604 -0.26856 -0.93131
vn 0.93131 -0.26856 -0.24604
vn 0.95621 -0.14778 -0.25262
vn 0.25262 -0.14778 -0.95621
vn -0.40692 0.90945 -0.08559
vn 0.08559 0.90945 0.40692
vn -0.19961 0.62390 0.75558
vn -0.75558 0.62390 0.19961
vn -0.40692 0.90945 0.08559
vn -0.75558 0.62390 -0.19961
vn -0.19961 0.62390 -0.75558
vn 0.08559 0.90945 -0.40692
vn -0.08559 0.90945 0.40692
vn 0.40692 0.90945 -0.08559
vn 0.75558 0.62390 0.19961
vn 0.19961 0.62390 0.75558
vn 0.40692 0.90945 0.08559
vn -0.08559 0.90945 -0.40692
vn 0.19961 0.62390 -0.75558
vn 0.75558 0.62390 -0.19961
vn -0.19271 -0.65634 0.72944
vn -0.72944 -0.65634 0.19271
vn 0.85461 0.46761 -0.22578
vn 0.22578 0.46761 -0.85461
vn 0.19271 -0.65634 0.72944
vn -0.22578 0.46761 -0.85461
vn -0.85461 0.46761 -0.22578
vn 0.72944 -0.65634 0.19271
vn -0.19271 -0.65634 -0.72944
vn 0.22578 0.46761 0.85461
vn 0.85461 0.46761 0.22578
vn -0.72944 -0.65634 -0.19271
vn 0.19271 -0.65634 -0.72944
vn 0.72944 -0.65634 -0.19271
vn -0.85461 0.46761 0.22578
vn -0.22578 0.46761 0.85461
vn 0.09114 0.93417 -0.34499
vn 0.34499 0.93417 -0.09114
vn -0.27452 0.95884 0.07252
vn -0.07252 0.95884 0.27452
vn -0.09114 0.93417 -0.34499
vn 0.07252 0.95884 0.27452
vn 0.27452 0.95884 0.07252
vn -0.34499 0.93417 -0.09114
vn -0.09114 0.93417 0.34499
vn -0.34499 0.93417 0.09114
vn 0.27452 0.95884 -0.07252
vn 0.07252 0.95884 -0.27452
vn 0.09114 0.93417 0.34499
vn -0.07252 0.95884 -0.27452
vn -0.27452 0.95884 -0.07252
vn 0.34499 0.93417 0.09114
vn -0.95153 -0.17681 -0.25164
vn -0.88258 -0.31305 -0.35079
vn -0.25164 -0.17681 -0.95153
vn -0.35079 -0.31305 0.88258
vn -0.95153 -0.17681 0.25164
vn -0.25164 -0.17681 0.95153
vn 0.35079 -0.31305 -0.88258
vn 0.95153 -0.17681 -0.25164
vn 0.25164 -0.17681 -0.95153
vn 0.88258 -0.31305 0.35079
vn 0.25164 -0.17681 0.95153
vn 0.95153 -0.17681 0.25164
vn 0.25251 0.24544 0.93595
vn 0.35205 0.34715 0.86922
vn 0.93595 0.24544 0.25251
vn 0.86922 0.34715 -0.35205
vn 0.25251 0.24544 -0.93595
vn 0.93595 0.24544 -0.25251
vn -0.86922 0.34715 0.35205
vn -0.25251 0.24544 0.93595
vn -0.93595 0.24544 0.25251
vn -0.35205 0.34715 -0.86922
vn -0.93595 0.24544 -0.25251
vn -0.25251 0.24544 -0.93595
vn -0.94679 -0.06317 -0.31560
vn -0.94548 -0.06330 0.31947
vn -0.31547 -0.94309 0.10516
vn -0.41604 -0.88838 -0.19415
vn -0.31560 -0.06317 0.94679
vn 0.31947 -0.06330 0.94548
vn 0.10516 -0.94309 0.31547
vn -0.19415 -0.88838 0.41604
vn 0.94679 -0.06317 0.31560
vn 0.94548 -0.06330 -0.31947
vn 0.31547 -0.94309 -0.10516
vn 0.41604 -0.88838 0.19415
vn 0.31560 -0.06317 -0.94679
vn -0.31947 -0.06330 -0.94548
vn -0.10516 -0.94309 -0.31547
vn 0.19415 -0.88838 -0.41604
vn -0.07256 -0.99602 -0.05183
vn -0.05183 -0.99602 0.07256
vn 0.07256 -0.99602 0.05183
vn 0.05183 -0.99602 -0.07256
vn 0.16806 0.98162 0.09047
vn 0.26417 0.95657 -0.12325
vn 0.93991 0.11846 -0.32023
vn 0.93991 0.11846 0.32023
vn 0.09047 0.98162 -0.16806
vn -0.12325 0.95657 -0.26417
vn -0.32023 0.11846 -0.93991
vn 0.32023 0.11846 -0.93991
vn -0.16806 0.98162 -0.09047
vn -0.26417 0.95657 0.12325
vn -0.93991 0.11846 0.32023
vn -0.93991 0.11846 -0.32023
vn -0.09047 0.98162 0.16806
vn 0.12325 0.95657 0.26417
vn 0.32023 0.11846 0.93991
vn -0.32023 0.11846 0.93991
vn -0.04305 0.99860 0.03078
vn -0.03078 0.99860 -0.04305
vn 0.04305 0.99860 -0.03078
vn 0.03078 0.99860 0.04305
vn -0.03809 -0.11254 -0.99292
vn 0.03809 -0.11254 -0.99292
vn 0.03707 0.25457 -0.96634
vn -0.03707 0.25457 -0.96634
vn -0.03809 -0.11254 0.99292
vn -0.03707 0.25457 0.96634
vn 0.03707 0.25457 0.96634
vn 0.03809 -0.11254 0.99292
vn -0.99292 -0.11254 -0.03809
vn -0.96634 0.25457 -0.03707
vn -0.96634 0.25457 0.03707
vn -0.99292 -0.11254 0.03809
vn 0.99292 -0.11254 -0.03809
vn 0.99292 -0.11254 0.03809
vn 0.96634 0.25457 0.03707
vn 0.96634 0.25457 -0.03707
vn -0.03730 0.23071 -0.97231
vn 0.03730 0.23071 -0.97231
vn 0.03730 -0.23071 -0.97231
vn -0.03730 -0.23071 -0.97231
vn -0.03730 0.23071 0.97231
vn -0.03730 -0.23071 0.97231
vn 0.03730 -0.23071 0.97231
vn 0.03730 0.23071 0.97231
vn -0.97231 0.23071 -0.03730
vn -0.97231 -0.23071 -0.03730
vn -0.97231 -0.23071 0.03730
vn -0.97231 0.23071 0.03730
vn 0.97231 0.23071 -0.03730
vn 0.97231 0.23071 0.03730
vn 0.97231 -0.23071 0.03730
vn 0.97231 -0.23071 -0.03730
vn 0.03459 0.43123 -0.90158
vn 0.03340 0.49074 -0.87067
vn -0.03340 0.49074 -0.87067
vn -0.03459 0.43123 -0.90158
vn 0.03513 -0.40050 -0.91563
vn -0.03513 -0.40049 -0.91563
vn -0.03340 -0.49074 -0.87067
vn 0.03340 -0.49074 -0.87066
vn -0.03459 0.43123 0.90158
vn -0.03340 0.49074 0.87067
vn 0.03340 0.49074 0.87067
vn 0.03459 0.43123 0.90158
vn -0.03513 -0.40050 0.91563
vn 0.03513 -0.40049 0.91563
vn 0.03340 -0.49074 0.87067
vn -0.03340 -0.49074 0.87066
vn -0.90158 0.43123 -0.03459
vn -0.87067 0.49074 -0.03340
vn -0.87067 0.49074 0.03340
vn -0.90158 0.43123 0.03459
vn -0.91562 -0.40050 -0.03513
vn -0.91563 -0.40049 0.03513
vn -0.87067 -0.49074 0.03340
vn -0.87066 -0.49074 -0.03340
vn 0.90158 0.43123 -0.03459
vn 0.90158 0.43123 0.03459
vn 0.87067 0.49074 0.03340
vn 0.87066 0.49074 -0.03340
vn 0.91563 -0.40050 -0.03513
vn 0.87067 -0.49074 -0.03340
vn 0.87067 -0.49074 0.03340
vn 0.91563 -0.40050 0.03513
vn -0.90941 -0.34165 -0.23718
vn -0.97632 -0.20870 -0.05689
vn -0.97632 -0.20870 0.05689
vn -0.88968 -0.38253 0.24929
vn -0.94471 -0.08066 0.31783
vn -0.94471 -0.08066 -0.31783
vn -0.23718 -0.34165 0.90941
vn -0.05689 -0.20870 0.97632
vn 0.05689 -0.20870 0.97632
vn 0.24929 -0.38253 0.88968
vn 0.31783 -0.08066 0.94471
vn -0.31783 -0.08066 0.94471
vn 0.90941 -0.34165 0.23718
vn 0.97632 -0.20870 0.05689
vn 0.97632 -0.20870 -0.05689
vn 0.88968 -0.38253 -0.24929
vn 0.94471 -0.08066 -0.31783
vn 0.94471 -0.08066 0.31783
vn 0.23718 -0.34165 -0.90941
vn 0.05689 -0.20870 -0.97632
vn -0.05689 -0.20870 -0.97632
vn -0.24929 -0.38253 -0.88968
vn -0.31783 -0.08066 -0.94471
vn 0.31783 -0.08066 -0.94471
vn -0.03815 -0.09858 -0.99440
vn 0.03815 -0.09858 -0.99440
vn 0.03796 0.14008 -0.98941
vn -0.03796 0.14008 -0.98941
vn -0.03815 -0.09857 0.99440
vn -0.03796 0.14008 0.98941
vn 0.03796 0.14008 0.98941
vn 0.03815 -0.09858 0.99440
vn -0.99440 -0.09857 -0.03815
vn -0.98941 0.14008 -0.03796
vn -0.98941 0.14008 0.03796
vn -0.99440 -0.09858 0.03815
vn 0.99440 -0.09858 -0.03815
vn 0.99440 -0.09858 0.03815
vn 0.98941 0.14008 0.03796
vn 0.98941 0.14008 -0.03796
vn 0.73034 -0.68251 0.02802
vn 0.73034 -0.68251 -0.02802
vn 0.50739 -0.84699 0.15866
vn -0.69708 -0.70126 -0.14941
vn 0.02802 -0.68251 -0.73034
vn -0.02802 -0.68251 -0.73034
vn 0.15866 -0.84699 -0.50739
vn -0.14941 -0.70126 0.69708
vn -0.73034 -0.68251 -0.02802
vn -0.73034 -0.68251 0.02802
vn -0.50739 -0.84699 -0.15866
vn 0.69708 -0.70126 0.14941
vn -0.02802 -0.68251 0.73034
vn 0.02802 -0.68251 0.73034
vn -0.15866 -0.84699 0.50739
vn 0.14941 -0.70126 -0.69708
vn -0.03670 -0.28914 -0.95658
vn -0.01585 -0.91053 -0.41314
vn 0.01585 -0.91053 -0.41314
vn 0.03670 -0.28914 -0.95658
vn -0.03670 -0.28914 0.95658
vn 0.03670 -0.28914 0.95658
vn 0.01585 -0.91053 0.41314
vn -0.01585 -0.91053 0.41314
vn -0.95658 -0.28914 -0.03670
vn -0.95658 -0.28914 0.03670
vn -0.41314 -0.91053 0.01585
vn -0.41314 -0.91053 -0.01585
vn 0.95658 -0.28914 -0.03670
vn 0.41314 -0.91053 -0.01585
vn 0.41314 -0.91053 0.01585
vn 0.95658 -0.28914 0.03670
vn 0.03833 -0.02123 0.99904
vn -0.03833 -0.02123 0.99904
vn -0.03785 -0.15845 0.98664
vn 0.03785 -0.15845 0.98664
vn -0.03785 -0.15845 -0.98664
vn -0.03833 -0.02123 -0.99904
vn 0.03833 -0.02123 -0.99904
vn 0.03785 -0.15845 -0.98664
vn 0.98664 -0.15845 -0.03785
vn 0.99904 -0.02123 -0.03833
vn 0.99904 -0.02123 0.03833
vn 0.98664 -0.15845 0.03785
vn -0.99904 -0.02123 0.03833
vn -0.99904 -0.02123 -0.03833
vn -0.98664 -0.15845 -0.03785
vn -0.98664 -0.15845 0.03785
vn 0.03809 0.11212 0.99296
vn -0.03809 0.11212 0.99296
vn -0.03809 -0.11212 0.99296
vn 0.03809 -0.11212 0.99296
vn -0.03809 -0.11212 -0.99296
vn -0.03809 0.11212 -0.99296
vn 0.03809 0.11212 -0.99296
vn 0.03809 -0.11212 -0.99296
vn 0.99296 -0.11212 -0.03809
vn 0.99296 0.11212 -0.03809
vn 0.99296 0.11212 0.03809
vn 0.99296 -0.11212 0.03809
vn -0.99296 0.11212 0.03809
vn -0.99296 0.11212 -0.03809
vn -0.99296 -0.11212 -0.03809
vn -0.99296 -0.11212 0.03809
vn 0.03304 -0.50734 0.86111
vn 0.03514 -0.39994 0.91587
vn -0.03514 -0.39994 0.91587
vn -0.03304 -0.50734 0.86111
vn -0.03514 0.39994 0.91587
vn 0.03514 0.39994 0.91587
vn 0.03583 0.35584 0.93386
vn -0.03583 0.35584 0.93386
vn -0.03304 -0.50734 -0.86111
vn -0.03514 -0.39994 -0.91587
vn 0.03514 -0.39994 -0.91587
vn 0.03304 -0.50734 -0.86111
vn 0.03514 0.39994 -0.91587
vn -0.03514 0.39994 -0.91587
vn -0.03583 0.35584 -0.93386
vn 0.03583 0.35584 -0.93386
vn 0.86111 -0.50734 -0.03304
vn 0.91587 -0.39994 -0.03514
vn 0.91587 -0.39994 0.03514
vn 0.86111 -0.50734 0.03304
vn 0.91587 0.39994 0.03514
vn 0.91587 0.39994 -0.03514
vn 0.93386 0.35584 -0.03583
vn 0.93386 0.35584 0.03583
vn -0.91587 -0.39994 0.03514
vn -0.91587 -0.39994 -0.03514
vn -0.86111 -0.50734 -0.03304
vn -0.86111 -0.50734 0.03304
vn -0.93386 0.35584 -0.03583
vn -0.91587 0.39994 -0.03514
vn -0.91587 0.39994 0.03514
vn -0.93386 0.35584 0.03583
vn 0.93881 0.13098 0.31857
vn 0.93881 0.13098 -0.31857
vn 0.89950 0.36792 -0.23567
vn 0.96064 0.27112 -0.06053
vn 0.96064 0.27112 0.06053
vn 0.87979 0.40515 0.24864
vn 0.31857 0.13098 -0.93881
vn -0.31857 0.13098 -0.93881
vn -0.23567 0.36792 -0.89950
vn -0.06053 0.27112 -0.96064
vn 0.06053 0.27112 -0.96064
vn 0.24864 0.40515 -0.87979
vn -0.93881 0.13098 -0.31857
vn -0.93881 0.13098 0.31857
vn -0.89950 0.36792 0.23567
vn -0.96064 0.27112 0.06053
vn -0.96064 0.27112 -0.06053
vn -0.87979 0.40515 -0.24864
vn -0.31857 0.13098 0.93881
vn 0.31857 0.13098 0.93881
vn 0.23567 0.36792 0.89950
vn 0.06053 0.27112 0.96064
vn -0.06053 0.27112 0.96064
vn -0.24864 0.40515 0.87979
vn 0.03717 -0.24463 0.96890
vn -0.03717 -0.24463 0.96890
vn -0.03799 -0.13400 0.99025
vn 0.03799 -0.13400 0.99025
vn -0.03799 -0.13400 -0.99025
vn -0.03717 -0.24463 -0.96890
vn 0.03717 -0.24463 -0.96890
vn 0.03799 -0.13400 -0.99025
vn 0.99025 -0.13400 -0.03799
vn 0.96890 -0.24463 -0.03717
vn 0.96890 -0.24463 0.03717
vn 0.99025 -0.13400 0.03799
vn -0.96890 -0.24463 0.03717
vn -0.96890 -0.24463 -0.03717
vn -0.99025 -0.13400 -0.03799
vn -0.99025 -0.13400 0.03799
vn -0.43952 0.87873 0.18617
vn 0.68173 0.71512 -0.15444
vn -0.80999 0.58561 0.03107
vn -0.80999 0.58561 -0.03107
vn 0.18617 0.87873 0.43952
vn -0.15444 0.71512 -0.68173
vn 0.03107 0.58561 0.80999
vn -0.03107 0.58561 0.80999
vn 0.43952 0.87873 -0.18617
vn -0.68173 0.71512 0.15444
vn 0.80999 0.58561 -0.03107
vn 0.80999 0.58561 0.03107
vn -0.18617 0.87873 -0.43952
vn 0.15444 0.71512 0.68173
vn -0.03107 0.58561 -0.80999
vn 0.03107 0.58561 -0.80999
vn -0.03012 -0.61857 0.78515
vn 0.03458 0.43180 -0.90131
vn -0.03458 0.43180 -0.90131
vn 0.03012 -0.61857 0.78515
vn -0.03458 0.43180 0.90131
vn 0.03458 0.43180 0.90131
vn -0.03012 -0.61857 -0.78515
vn 0.03012 -0.61857 -0.78515
vn -0.90131 0.43180 -0.03458
vn -0.90131 0.43180 0.03458
vn 0.78515 -0.61857 -0.03012
vn 0.78515 -0.61857 0.03012
vn -0.78515 -0.61857 -0.03012
vn 0.90131 0.43180 0.03458
vn 0.90131 0.43180 -0.03458
vn -0.78515 -0.61857 0.03012
vn 0.01491 0.92129 -0.38859
vn -0.01192 0.95041 0.31077
vn 0.01192 0.95041 0.31077
vn -0.01491 0.92129 -0.38859
vn -0.01491 0.92129 0.38859
vn 0.01192 0.95041 -0.31077
vn -0.01192 0.95041 -0.31077
vn 0.01491 0.92129 0.38859
vn -0.38859 0.92129 -0.01491
vn 0.31077 0.95041 0.01192
vn 0.31077 0.95041 -0.01192
vn -0.38859 0.92129 0.01491
vn 0.38859 0.92129 0.01491
vn -0.31077 0.95041 -0.01192
vn -0.31077 0.95041 0.01192
vn 0.38859 0.92129 -0.01491
vn -0.24526 0.27931 -0.92835
vn -0.92835 0.27931 -0.24526
vn -0.95934 -0.12419 -0.25345
vn -0.25345 -0.12419 -0.95934
vn 0.24526 0.27931 -0.92835
vn 0.25345 -0.12419 -0.95934
vn 0.95934 -0.12419 -0.25345
vn 0.92835 0.27931 -0.24526
vn 0.24526 0.27931 0.92835
vn 0.92835 0.27931 0.24526
vn 0.95934 -0.12419 0.25345
vn 0.25345 -0.12419 0.95934
vn -0.24526 0.27931 0.92835
vn -0.25345 -0.12419 0.95934
vn -0.95934 -0.12419 0.25345
vn -0.92835 0.27931 0.24526
vn -0.24708 0.25345 -0.93526
vn -0.24708 -0.25345 -0.93526
vn -0.93526 -0.25345 -0.24708
vn -0.93526 0.25345 -0.24708
vn 0.24708 0.25345 -0.93526
vn 0.93526 0.25345 -0.24708
vn 0.93526 -0.25345 -0.24708
vn 0.24708 -0.25345 -0.93526
vn 0.24708 0.25345 0.93526
vn 0.24708 -0.25345 0.93526
vn 0.93526 -0.25345 0.24708
vn 0.93526 0.25345 0.24708
vn -0.24708 0.25345 0.93526
vn -0.93526 0.25345 0.24708
vn -0.93526 -0.25345 0.24708
vn -0.24708 -0.25345 0.93526
vn -0.22586 0.46702 -0.85492
vn -0.21685 0.52840 -0.82083
vn -0.82083 0.52840 -0.21685
vn -0.85492 0.46702 -0.22586
vn 0.22586 0.46702 -0.85492
vn 0.85492 0.46702 -0.22586
vn 0.82083 0.52840 -0.21685
vn 0.21685 0.52840 -0.82083
vn -0.23000 -0.43492 -0.87060
vn -0.87060 -0.43492 -0.23000
vn -0.82083 -0.52840 -0.21685
vn -0.21685 -0.52840 -0.82083
vn 0.23000 -0.43492 -0.87060
vn 0.21685 -0.52840 -0.82083
vn 0.82083 -0.52840 -0.21685
vn 0.87060 -0.43492 -0.23000
vn 0.22586 0.46702 0.85492
vn 0.21685 0.52840 0.82083
vn 0.82083 0.52840 0.21685
vn 0.85492 0.46702 0.22586
vn -0.22586 0.46702 0.85492
vn -0.85492 0.46702 0.22586
vn -0.82083 0.52840 0.21685
vn -0.21685 0.52840 0.82083
vn 0.23000 -0.43492 0.87060
vn 0.87060 -0.43492 0.23000
vn 0.82083 -0.52840 0.21685
vn 0.21685 -0.52840 0.82083
vn -0.23000 -0.43492 0.87060
vn -0.21685 -0.52840 0.82083
vn -0.82083 -0.52840 0.21685
vn -0.87060 -0.43492 0.23000
vn 0.25236 0.15446 -0.95523
vn 0.25391 -0.10881 -0.96109
vn 0.96109 -0.10881 -0.25391
vn 0.95523 0.15446 -0.25236
vn -0.25236 0.15446 -0.95523
vn -0.95523 0.15446 -0.25236
vn -0.96109 -0.10881 -0.25391
vn -0.25391 -0.10881 -0.96109
vn -0.25236 0.15446 0.95523
vn -0.25391 -0.10881 0.96109
vn -0.96109 -0.10881 0.25391
vn -0.95523 0.15446 0.25236
vn 0.25236 0.15446 0.95523
vn 0.95523 0.15446 0.25236
vn 0.96109 -0.10881 0.25391
vn 0.25391 -0.10881 0.96109
vn 0.47430 -0.87912 0.04666
vn 0.67283 -0.71812 -0.17775
vn 0.17775 -0.71812 -0.67283
vn -0.04666 -0.87912 -0.47430
vn 0.47430 -0.87912 -0.04666
vn -0.04666 -0.87912 0.47430
vn 0.17775 -0.71812 0.67283
vn 0.67283 -0.71812 0.17775
vn 0.04666 -0.87912 -0.47430
vn -0.17775 -0.71812 -0.67283
vn -0.67283 -0.71812 -0.17775
vn -0.47430 -0.87912 0.04666
vn -0.47430 -0.87912 -0.04666
vn -0.67283 -0.71812 0.17775
vn -0.17775 -0.71812 0.67283
vn 0.04666 -0.87912 0.47430
vn 0.24229 -0.31659 -0.91710
vn 0.09708 -0.92496 -0.36747
vn 0.36747 -0.92496 -0.09708
vn 0.91710 -0.31659 -0.24229
vn -0.24229 -0.31659 -0.91710
vn -0.91710 -0.31659 -0.24229
vn -0.36747 -0.92496 -0.09708
vn -0.09708 -0.92496 -0.36747
vn 0.24229 -0.31659 0.91710
vn 0.91710 -0.31659 0.24229
vn 0.36747 -0.92496 0.09708
vn 0.09708 -0.92496 0.36747
vn -0.24229 -0.31659 0.91710
vn -0.09708 -0.92496 0.36747
vn -0.36747 -0.92496 0.09708
vn -0.91710 -0.31659 0.24229
vn -0.25535 -0.02346 0.96656
vn -0.96656 -0.02346 0.25535
vn -0.95198 -0.17461 0.25150
vn -0.25150 -0.17461 0.95198
vn 0.25535 -0.02346 0.96656
vn 0.25150 -0.17461 0.95198
vn 0.95198 -0.17461 0.25150
vn 0.96656 -0.02346 0.25535
vn -0.25535 -0.02345 -0.96656
vn -0.25150 -0.17461 -0.95198
vn -0.95198 -0.17461 -0.25150
vn -0.96656 -0.02346 -0.25535
vn 0.25535 -0.02346 -0.96656
vn 0.96656 -0.02345 -0.25535
vn 0.95198 -0.17461 -0.25150
vn 0.25150 -0.17461 -0.95198
vn -0.25346 -0.12372 0.95940
vn -0.25346 0.12372 0.95940
vn -0.95940 0.12372 0.25346
vn -0.95940 -0.12372 0.25346
vn 0.25346 -0.12372 0.95940
vn 0.95940 -0.12372 0.25346
vn 0.95940 0.12372 0.25346
vn 0.25346 0.12372 0.95940
vn -0.25346 -0.12372 -0.95940
vn -0.95940 -0.12372 -0.25346
vn -0.95940 0.12372 -0.25346
vn -0.25346 0.12372 -0.95940
vn 0.25346 -0.12372 -0.95940
vn 0.25346 0.12372 -0.95940
vn 0.95940 0.12372 -0.25346
vn 0.95940 -0.12372 -0.25346
vn 0.21410 -0.54532 0.81042
vn 0.81042 -0.54532 0.21410
vn 0.87087 -0.43434 0.23007
vn 0.23007 -0.43434 0.87087
vn -0.21410 -0.54532 0.81042
vn -0.23007 -0.43434 0.87087
vn -0.87087 -0.43434 0.23007
vn -0.81042 -0.54532 0.21410
vn 0.23543 0.38782 0.89116
vn 0.23007 0.43434 0.87087
vn 0.87087 0.43434 0.23007
vn 0.89116 0.38782 0.23543
vn -0.23543 0.38782 0.89116
vn -0.89116 0.38782 0.23543
vn -0.87087 0.43434 0.23007
vn -0.23007 0.43434 0.87087
vn -0.21410 -0.54532 -0.81042
vn -0.81042 -0.54532 -0.21410
vn -0.87087 -0.43434 -0.23007
vn -0.23007 -0.43434 -0.87087
vn 0.21410 -0.54532 -0.81042
vn 0.23007 -0.43434 -0.87087
vn 0.87087 -0.43434 -0.23007
vn 0.81042 -0.54532 -0.21410
vn -0.23543 0.38782 -0.89116
vn -0.23007 0.43434 -0.87087
vn -0.87087 0.43434 -0.23007
vn -0.89116 0.38782 -0.23543
vn 0.23543 0.38782 -0.89116
vn 0.89116 0.38782 -0.23543
vn 0.87087 0.43434 -0.23007
vn 0.23007 0.43434 -0.87087
vn -0.24604 -0.26856 0.93131
vn -0.93131 -0.26856 0.24604
vn -0.95621 -0.14778 0.25262
vn -0.25262 -0.14778 0.95621
vn 0.24604 -0.26856 0.93131
vn 0.25262 -0.14778 0.95621
vn 0.95621 -0.14778 0.25262
vn 0.93131 -0.26856 0.24604
vn -0.24604 -0.26856 -0.93131
vn -0.25262 -0.14778 -0.95621
vn -0.95621 -0.14778 -0.25262
vn -0.93131 -0.26856 -0.24604
vn 0.24604 -0.26856 -0.93131
vn 0.93131 -0.26856 -0.24604
vn 0.95621 -0.14778 -0.25262
vn 0.25262 -0.14778 -0.95621
vn -0.40692 0.90945 -0.08559
vn 0.08559 0.90945 0.40692
vn -0.19961 0.62390 0.75558
vn -0.75558 0.62390 0.19961
vn -0.40692 0.90945 0.08559
vn -0.75558 0.62390 -0.19961
vn -0.19961 0.62390 -0.75558
vn 0.08559 0.90945 -0.40692
vn -0.08559 0.90945 0.40692
vn 0.40692 0.90945 -0.08559
vn 0.75558 0.62390 0.19961
vn 0.19961 0.62390 0.75558
vn 0.40692 0.90945 0.08559
vn -0.08559 0.90945 -0.40692
vn 0.19961 0.62390 -0.75558
vn 0.75558 0.62390 -0.19961
vn -0.19271 -0.65634 0.72944
vn -0.72944 -0.65634 0.19271
vn 0.85461 0.46761 -0.22578
vn 0.22578 0.46761 -0.85461
vn 0.19271 -0.65634 0.72944
vn -0.22578 0.46761 -0.85461
vn -0.85461 0.46761 -0.22578
vn 0.72944 -0.65634 0.19271
vn -0.19271 -0.65634 -0.72944
vn 0.22578 0.46761 0.85461
vn 0.85461 0.46761 0.22578
vn -0.72944 -0.65634 -0.19271
vn 0.19271 -0.65634 -0.72944
vn 0.72944 -0.65634 -0.19271
vn -0.85461 0.46761 0.22578
vn -0.22578 0.46761 0.85461
vn 0.09114 0.93417 -0.34499
vn 0.34499 0.93417 -0.09114
vn -0.27452 0.95884 0.07252
vn -0.07252 0.95884 0.27452
vn -0.09114 0.93417 -0.34499
vn 0.07252 0.95884 0.27452
vn 0.27452 0.95884 0.07252
vn -0.34499 0.93417 -0.09114
vn -0.09114 0.93417 0.34499
vn -0.34499 0.93417 0.09114
vn 0.27452 0.95884 -0.07252
vn 0.07252 0.95884 -0.27452
vn 0.09114 0.93417 0.34499
vn -0.07252 0.95884 -0.27452
vn -0.27452 0.95884 -0.07252
vn 0.34499 0.93417 0.09114
vn -0.95153 -0.17681 -0.25164
vn -0.88258 -0.31305 -0.35079
vn -0.25164 -0.17681 -0.95153
vn -0.35079 -0.31305 0.88258
vn -0.95153 -0.17681 0.25164
vn -0.25164 -0.17681 0.95153
vn 0.35079 -0.31305 -0.88258
vn 0.95153 -0.17681 -0.25164
vn 0.25164 -0.17681 -0.95153
vn 0.88258 -0.31305 0.35079
vn 0.25164 -0.17681 0.95153
vn 0.95153 -0.17681 0.25164
vn 0.25251 0.24544 0.93595
vn 0.35205 0.34715 0.86922
vn 0.93595 0.24544 0.25251
vn 0.86922 0.34715 -0.35205
vn 0.25251 0.24544 -0.93595
vn 0.93595 0.24544 -0.25251
vn -0.86922 0.34715 0.35205
vn -0.25251 0.24544 0.93595
vn -0.93595 0.24544 0.25251
vn -0.35205 0.34715 -0.86922
vn -0.93595 0.24544 -0.25251
vn -0.25251 0.24544 -0.93595

# No. texture coordinates 680:
vt 0.25000 0.04246
vt 0.12500 0.04246
vt 0.12500 0.17311
vt 0.25000 0.18973
vt 0.37500 0.17311
vt 0.37500 0.04246
vt 0.37500 0.01887
vt 0.25000 0.01062
vt 0.12500 0.01887
vt 0.50000 0.04246
vt 0.50000 0.18973
vt 0.62500 0.17311
vt 0.62500 0.04246
vt 0.62500 0.01887
vt 0.50000 0.01062
vt 0.75000 0.04246
vt 0.75000 0.18973
vt 0.87500 0.17311
vt 0.87500 0.04246
vt 0.87500 0.01887
vt 0.75000 0.01062
vt 1 0.04246
vt 1 0.18973
vt 1 0.01062
vt 0.50000 0
vt 0.25000 0.07497
vt 0.12500 0.07497
vt 0.12500 0.06381
vt 0.25000 0.05990
vt 0.37500 0.06381
vt 0.37500 0.07497
vt 0.37500 0.19478
vt 0.25000 0.21241
vt 0.12500 0.19478
vt 0.50000 0.07497
vt 0.50000 0.05990
vt 0.62500 0.06381
vt 0.62500 0.07497
vt 0.62500 0.19478
vt 0.50000 0.21241
vt 0.75000 0.07497
vt 0.75000 0.05990
vt 0.87500 0.06381
vt 0.87500 0.07497
vt 0.87500 0.19478
vt 0.75000 0.21241
vt 1 0.07497
vt 1 0.05990
vt 1 0.21241
vt 0.50000 0.05488
vt 1 0.96528
vt 0.09116 0.96528
vt 0.09116 0.93403
vt 1 0.93403
vt 0.90884 0.93403
vt 0.90884 0.96528
vt 0.90884 0.99132
vt 1 0.99132
vt 0.09116 0.99132
vt 0.50000 0.96528
vt 0.50000 0.93403
vt 0.40884 0.93403
vt 0.40884 0.96528
vt 0.40884 0.99132
vt 0.50000 0.99132
vt 0.59116 0.99132
vt 0.59116 0.96528
vt 0.59116 0.93403
vt 0.25000 0.96528
vt 0.25000 0.93403
vt 0.15884 0.93403
vt 0.15884 0.96528
vt 0.15884 0.99132
vt 0.25000 0.99132
vt 0.34116 0.99132
vt 0.34116 0.96528
vt 0.34116 0.93403
vt 0.75000 0.96528
vt 0.84116 0.96528
vt 0.84116 0.93403
vt 0.75000 0.93403
vt 0.65884 0.93403
vt 0.65884 0.96528
vt 0.65884 0.99132
vt 0.75000 0.99132
vt 0.84116 0.99132
vt 1 0.87597
vt 0.09116 0.87597
vt 0.09116 0.86104
vt 1 0.86104
vt 0.90884 0.86104
vt 0.90884 0.87597
vt 0.90884 0.89089
vt 1 0.89089
vt 0.09116 0.89089
vt 0.50000 0.87597
vt 0.50000 0.86104
vt 0.40884 0.86104
vt 0.40884 0.87597
vt 0.40884 0.89089
vt 0.50000 0.89089
vt 0.59116 0.89089
vt 0.59116 0.87597
vt 0.59116 0.86104
vt 0.25000 0.87597
vt 0.25000 0.86104
vt 0.15884 0.86104
vt 0.15884 0.87597
vt 0.15884 0.89089
vt 0.25000 0.89089
vt 0.34116 0.89089
vt 0.34116 0.87597
vt 0.34116 0.86104
vt 0.75000 0.87597
vt 0.84116 0.87597
vt 0.84116 0.86104
vt 0.75000 0.86104
vt 0.65884 0.86104
vt 0.65884 0.87597
vt 0.65884 0.89089
vt 0.75000 0.89089
vt 0.84116 0.89089
vt 1 0.84220
vt 1 0.81998
vt 0.90884 0.81998
vt 0.90884 0.84220
vt 0.09116 0.84220
vt 0.09116 0.81998
vt 1 0.90974
vt 0.90884 0.90974
vt 0.09116 0.90974
vt 0.50000 0.84220
vt 0.50000 0.81998
vt 0.40884 0.81998
vt 0.40884 0.84220
vt 0.59116 0.84220
vt 0.59116 0.81998
vt 0.50000 0.90974
vt 0.40884 0.90974
vt 0.59116 0.90974
vt 0.25000 0.84220
vt 0.25000 0.81998
vt 0.15884 0.81998
vt 0.15884 0.84220
vt 0.34116 0.84220
vt 0.34116 0.81998
vt 0.25000 0.90974
vt 0.15884 0.90974
vt 0.34116 0.90974
vt 0.75000 0.84220
vt 0.84116 0.84220
vt 0.84116 0.81998
vt 0.75000 0.81998
vt 0.65884 0.81998
vt 0.65884 0.84220
vt 0.75000 0.90974
vt 0.84116 0.90974
vt 0.65884 0.90974
vt 0.25000 0.54660
vt 0.12500 0.48011
vt 0.12500 0.64660
vt 0.15194 0.72266
vt 0.15714 0.77820
vt 0.25000 0.73419
vt 0.34286 0.77820
vt 0.34806 0.72266
vt 0.37500 0.64660
vt 0.37500 0.48011
vt 0.50000 0.54660
vt 0.40194 0.72266
vt 0.40714 0.77820
vt 0.50000 0.73419
vt 0.59286 0.77820
vt 0.59806 0.72266
vt 0.62500 0.64660
vt 0.62500 0.48011
vt 0.75000 0.54660
vt 0.65194 0.72266
vt 0.65714 0.77820
vt 0.75000 0.73419
vt 0.84286 0.77820
vt 0.84806 0.72266
vt 0.87500 0.64660
vt 0.87500 0.48011
vt 1 0.54660
vt 0.90194 0.72266
vt 0.90714 0.77820
vt 1 0.73419
vt 0.09286 0.77820
vt 0.09806 0.72266
vt 1 0.79497
vt 0.09116 0.79497
vt 0.09116 0.76877
vt 1 0.76877
vt 0.90884 0.76877
vt 0.90884 0.79497
vt 0.50000 0.79497
vt 0.50000 0.76877
vt 0.40884 0.76877
vt 0.40884 0.79497
vt 0.59116 0.79497
vt 0.59116 0.76877
vt 0.25000 0.79497
vt 0.25000 0.76877
vt 0.15884 0.76877
vt 0.15884 0.79497
vt 0.34116 0.79497
vt 0.34116 0.76877
vt 0.75000 0.79497
vt 0.84116 0.79497
vt 0.84116 0.76877
vt 0.75000 0.76877
vt 0.65884 0.76877
vt 0.65884 0.79497
vt 0.25000 0.76499
vt 0.15884 0.76499
vt 0.15884 0.73570
vt 0.25000 0.73570
vt 0.34116 0.73570
vt 0.34116 0.76499
vt 0.50000 0.76499
vt 0.40884 0.76499
vt 0.40884 0.73570
vt 0.50000 0.73570
vt 0.59116 0.73570
vt 0.59116 0.76499
vt 0.75000 0.76499
vt 0.65884 0.76499
vt 0.65884 0.73570
vt 0.75000 0.73570
vt 0.84116 0.73570
vt 0.84116 0.76499
vt 1 0.76499
vt 0.90884 0.76499
vt 0.90884 0.73570
vt 1 0.73570
vt 0.09116 0.73570
vt 0.09116 0.76499
vt 1 0.74298
vt 0.09116 0.74298
vt 0.90884 0.74298
vt 0.50000 0.74298
vt 0.40884 0.74298
vt 0.59116 0.74298
vt 0.25000 0.74298
vt 0.15884 0.74298
vt 0.34116 0.74298
vt 0.75000 0.74298
vt 0.84116 0.74298
vt 0.65884 0.74298
vt 1 0.97624
vt 0.09116 0.97624
vt 0.09116 0.99406
vt 1 0.99406
vt 0.90884 0.99406
vt 0.90884 0.97624
vt 0.90884 0.95321
vt 1 0.95321
vt 0.09116 0.95321
vt 0.50000 0.97624
vt 0.50000 0.95321
vt 0.59116 0.95321
vt 0.59116 0.97624
vt 0.59116 0.99406
vt 0.50000 0.99406
vt 0.40884 0.99406
vt 0.40884 0.97624
vt 0.40884 0.95321
vt 0.25000 0.97624
vt 0.25000 0.95321
vt 0.34116 0.95321
vt 0.34116 0.97624
vt 0.34116 0.99406
vt 0.25000 0.99406
vt 0.15884 0.99406
vt 0.15884 0.97624
vt 0.15884 0.95321
vt 0.75000 0.97624
vt 0.84116 0.97624
vt 0.84116 0.99406
vt 0.75000 0.99406
vt 0.65884 0.99406
vt 0.65884 0.97624
vt 0.65884 0.95321
vt 0.75000 0.95321
vt 0.84116 0.95321
vt 1 0.87597
vt 0.09116 0.87597
vt 0.09116 0.90733
vt 1 0.90733
vt 0.90884 0.90733
vt 0.90884 0.87597
vt 0.90884 0.84461
vt 1 0.84461
vt 0.09116 0.84461
vt 0.50000 0.87597
vt 0.50000 0.84461
vt 0.59116 0.84461
vt 0.59116 0.87597
vt 0.59116 0.90733
vt 0.50000 0.90733
vt 0.40884 0.90733
vt 0.40884 0.87597
vt 0.40884 0.84461
vt 0.25000 0.87597
vt 0.25000 0.84461
vt 0.34116 0.84461
vt 0.34116 0.87597
vt 0.34116 0.90733
vt 0.25000 0.90733
vt 0.15884 0.90733
vt 0.15884 0.87597
vt 0.15884 0.84461
vt 0.75000 0.87597
vt 0.84116 0.87597
vt 0.84116 0.90733
vt 0.75000 0.90733
vt 0.65884 0.90733
vt 0.65884 0.87597
vt 0.65884 0.84461
vt 0.75000 0.84461
vt 0.84116 0.84461
vt 1 0.82028
vt 1 0.80263
vt 0.09116 0.80263
vt 0.09116 0.82028
vt 0.90884 0.82028
vt 0.90884 0.80263
vt 1 0.93166
vt 0.90884 0.93166
vt 0.09116 0.93166
vt 0.50000 0.82028
vt 0.50000 0.80263
vt 0.59116 0.80263
vt 0.59116 0.82028
vt 0.40884 0.82028
vt 0.40884 0.80263
vt 0.50000 0.93166
vt 0.40884 0.93166
vt 0.59116 0.93166
vt 0.25000 0.82028
vt 0.25000 0.80263
vt 0.34116 0.80263
vt 0.34116 0.82028
vt 0.15884 0.82028
vt 0.15884 0.80263
vt 0.25000 0.93166
vt 0.15884 0.93166
vt 0.34116 0.93166
vt 0.75000 0.82028
vt 0.84116 0.82028
vt 0.65884 0.82028
vt 0.65884 0.80263
vt 0.75000 0.80263
vt 0.84116 0.80263
vt 0.75000 0.93166
vt 0.65884 0.93166
vt 0.84116 0.93166
vt 0.25000 0.58454
vt 0.12500 0.51404
vt 0.37500 0.51404
vt 0.37500 0.69056
vt 0.34896 0.77120
vt 0.34305 0.83090
vt 0.25000 0.78424
vt 0.15695 0.83090
vt 0.15104 0.77120
vt 0.12500 0.69056
vt 0.50000 0.58454
vt 0.62500 0.51404
vt 0.62500 0.69056
vt 0.59896 0.77120
vt 0.59305 0.83090
vt 0.50000 0.78424
vt 0.40695 0.83090
vt 0.40104 0.77120
vt 0.75000 0.58454
vt 0.87500 0.51404
vt 0.87500 0.69056
vt 0.84896 0.77120
vt 0.84305 0.83090
vt 0.75000 0.78424
vt 0.65695 0.83090
vt 0.65104 0.77120
vt 1 0.58454
vt 0.09896 0.77120
vt 0.09305 0.83090
vt 1 0.78424
vt 0.90695 0.83090
vt 0.90104 0.77120
vt 1 0.79132
vt 0.09116 0.79132
vt 0.90884 0.79132
vt 0.90884 0.78383
vt 1 0.78383
vt 0.09116 0.78383
vt 0.50000 0.79132
vt 0.50000 0.78383
vt 0.59116 0.78383
vt 0.59116 0.79132
vt 0.40884 0.79132
vt 0.40884 0.78383
vt 0.25000 0.79132
vt 0.25000 0.78383
vt 0.34116 0.78383
vt 0.34116 0.79132
vt 0.15884 0.79132
vt 0.15884 0.78383
vt 0.75000 0.79132
vt 0.84116 0.79132
vt 0.65884 0.79132
vt 0.65884 0.78383
vt 0.75000 0.78383
vt 0.84116 0.78383
vt 0.25000 0.81933
vt 0.15884 0.81933
vt 0.34116 0.81933
vt 0.34116 0.78531
vt 0.25000 0.78531
vt 0.15884 0.78531
vt 0.50000 0.81933
vt 0.40884 0.81933
vt 0.59116 0.81933
vt 0.59116 0.78531
vt 0.50000 0.78531
vt 0.40884 0.78531
vt 0.75000 0.81933
vt 0.65884 0.81933
vt 0.84116 0.81933
vt 0.84116 0.78531
vt 0.75000 0.78531
vt 0.65884 0.78531
vt 1 0.81933
vt 0.90884 0.81933
vt 0.09116 0.81933
vt 0.09116 0.78531
vt 1 0.78531
vt 0.90884 0.78531
vt 1 0.77765
vt 0.90884 0.77765
vt 0.09116 0.77765
vt 0.50000 0.77765
vt 0.40884 0.77765
vt 0.59116 0.77765
vt 0.25000 0.77765
vt 0.15884 0.77765
vt 0.34116 0.77765
vt 0.75000 0.77765
vt 0.65884 0.77765
vt 0.84116 0.77765
vt 1 1
vt 0.90884 1
vt 0.09116 1
vt 0.50000 1
vt 0.40884 1
vt 0.59116 1
vt 0.25000 1
vt 0.15884 1
vt 0.34116 1
vt 0.75000 1
vt 0.65884 1
vt 0.84116 1
vt 0.12500 0.96528
vt 0.12500 0.99132
vt 0.12500 0.93403
vt 0.87500 0.96528
vt 0.87500 0.99132
vt 0.87500 0.93403
vt 0.62500 0.96528
vt 0.62500 0.99132
vt 0.62500 0.93403
vt 0.37500 0.96528
vt 0.37500 0.99132
vt 0.37500 0.93403
vt 0.12500 0.87597
vt 0.12500 0.86104
vt 0.12500 0.89089
vt 0.87500 0.87597
vt 0.87500 0.86104
vt 0.87500 0.89089
vt 0.62500 0.87597
vt 0.62500 0.86104
vt 0.62500 0.89089
vt 0.37500 0.87597
vt 0.37500 0.86104
vt 0.37500 0.89089
vt 0.12500 0.84220
vt 0.12500 0.81998
vt 0.87500 0.84220
vt 0.87500 0.81998
vt 0.12500 0.90974
vt 0.87500 0.90974
vt 0.62500 0.84220
vt 0.62500 0.81998
vt 0.37500 0.84220
vt 0.37500 0.81998
vt 0.62500 0.90974
vt 0.37500 0.90974
vt 0.87500 0.79497
vt 0.87500 0.76877
vt 0.12500 0.79497
vt 0.12500 0.76877
vt 0.37500 0.79497
vt 0.37500 0.76877
vt 0.62500 0.79497
vt 0.62500 0.76877
vt 0.37500 0.76499
vt 0.37500 0.79482
vt 0.37500 0.73570
vt 0.12500 0.76499
vt 0.12500 0.79482
vt 0.12500 0.73570
vt 0.62500 0.76499
vt 0.62500 0.79482
vt 0.62500 0.73570
vt 0.87500 0.76499
vt 0.87500 0.79482
vt 0.87500 0.73570
vt 0.87500 0.74298
vt 0.12500 0.74298
vt 0.62500 0.74298
vt 0.37500 0.74298
vt 0.87500 0.97624
vt 0.87500 0.99406
vt 0.87500 0.95321
vt 0.12500 0.97624
vt 0.12500 0.99406
vt 0.12500 0.95321
vt 0.62500 0.97624
vt 0.62500 0.99406
vt 0.62500 0.95321
vt 0.37500 0.97624
vt 0.37500 0.99406
vt 0.37500 0.95321
vt 0.87500 0.87597
vt 0.87500 0.84461
vt 0.87500 0.90733
vt 0.12500 0.87597
vt 0.12500 0.84461
vt 0.12500 0.90733
vt 0.62500 0.87597
vt 0.62500 0.84461
vt 0.62500 0.90733
vt 0.37500 0.87597
vt 0.37500 0.84461
vt 0.37500 0.90733
vt 0.12500 0.82028
vt 0.12500 0.80263
vt 0.87500 0.82028
vt 0.87500 0.80263
vt 0.12500 0.93166
vt 0.87500 0.93166
vt 0.62500 0.82028
vt 0.62500 0.80263
vt 0.37500 0.82028
vt 0.37500 0.80263
vt 0.62500 0.93166
vt 0.37500 0.93166
vt 0.87500 0.79132
vt 0.87500 0.78383
vt 0.12500 0.79132
vt 0.12500 0.78383
vt 0.62500 0.79132
vt 0.62500 0.78383
vt 0.37500 0.79132
vt 0.37500 0.78383
vt 0.37500 0.81933
vt 0.37500 0.84853
vt 0.37500 0.78531
vt 0.12500 0.81933
vt 0.12500 0.84853
vt 0.12500 0.78531
vt 0.62500 0.81933
vt 0.62500 0.84853
vt 0.62500 0.78531
vt 0.87500 0.81933
vt 0.87500 0.84853
vt 0.87500 0.78531
vt 0.87500 0.77765
vt 0.12500 0.77765
vt 0.62500 0.77765
vt 0.37500 0.77765
vt 0.87500 1
vt 0.12500 1
vt 0.37500 1
vt 0.62500 1
vt 0.12500 0.78915
vt 0.37500 0.78915
vt 0.87500 0.78915
vt 0.62500 0.78915
vt 0.12500 0.84170
vt 0.37500 0.84170
vt 0.87500 0.84170
vt 0.62500 0.84170
vt 1.125 0.17311
vt 1.125 0.04246
vt 1.125 0.04246
vt 1.125 0.01887
vt 1.125 0.01887
vt 1.25 0.01062
vt 1.125 0.06381
vt 1.125 0.07497
vt 1.125 0.07497
vt 1.125 0.19478
vt 1.25 0.05990
vt 1.125 0.06381
vt 1.09116 0.96528
vt 1.09116 0.93403
vt 1.09116 0.99132
vt 1.09116 0.96528
vt 1.09116 0.87597
vt 1.09116 0.86104
vt 1.09116 0.89089
vt 1.09116 0.87597
vt 1.09116 0.86104
vt 1.09116 0.84220
vt 1.09116 0.84220
vt 1.09116 0.81998
vt 1.09116 0.93403
vt 1.09116 0.90974
vt 1.09116 0.90974
vt 1.09116 0.89089
vt 1.09286 0.77820
vt 1.09806 0.72266
vt 1.09806 0.72266
vt 1.125 0.64660
vt 1.125 0.48011
vt 1.125 0.48011
vt 1.125 0.17311
vt 1.09116 0.79497
vt 1.09116 0.76877
vt 1.09116 0.81998
vt 1.09116 0.79497
vt 1.09116 0.73570
vt 1.09116 0.76499
vt 1.09116 0.76499
vt 1.09286 0.77820
vt 1.09116 0.76877
vt 1.09116 0.74298
vt 1.09116 0.74298
vt 1.09116 0.73570
vt 1.09116 0.97624
vt 1.09116 0.99406
vt 1.09116 0.95321
vt 1.09116 0.97624
vt 1.09116 0.87597
vt 1.09116 0.90733
vt 1.09116 0.84461
vt 1.09116 0.87597
vt 1.09116 0.80263
vt 1.09116 0.82028
vt 1.09116 0.82028
vt 1.09116 0.84461
vt 1.09116 0.90733
vt 1.09116 0.93166
vt 1.09116 0.93166
vt 1.09116 0.95321
vt 1.125 0.19478
vt 1.125 0.51404
vt 1.125 0.51404
vt 1.125 0.69056
vt 1.09896 0.77120
vt 1.09896 0.77120
vt 1.09305 0.83090
vt 1.09116 0.79132
vt 1.09116 0.80263
vt 1.09116 0.78383
vt 1.09116 0.79132
vt 1.09305 0.83090
vt 1.09116 0.81933
vt 1.09116 0.81933
vt 1.09116 0.78531
vt 1.09116 0.78531
vt 1.09116 0.77765
vt 1.09116 0.77765
vt 1.09116 0.78383
vt 1.09116 0.99406
vt 1.09116 1
vt 1.09116 1
vt 1.09116 0.99132

# No. faces 592:

usemtl material01

f 147/4/827 443/3/1275 153/2/835 1/1/593
f 151/6/831 444/5/1277 147/4/827 1/1/593
f 152/8/834 448/7/1284 151/6/832 1/1/594
f 153/2/836 447/9/1283 152/8/834 1/1/594
f 148/11/828 444/5/1278 151/6/833 2/10/595
f 154/13/838 446/12/1281 148/11/828 2/10/595
f 155/15/841 450/14/1286 154/13/839 2/10/596
f 151/6/832 448/7/1284 155/15/841 2/10/596
f 149/17/829 446/12/1282 154/13/840 3/16/597
f 156/19/842 445/18/1279 149/17/829 3/16/597
f 157/21/845 449/20/1285 156/19/843 3/16/598
f 154/13/839 450/14/1286 157/21/845 3/16/598
f 150/23/830 445/18/1280 156/19/844 4/22/599
f 153/596/837 443/595/1276 150/23/830 4/22/599
f 158/24/846 447/598/1283 153/597/836 4/22/600
f 156/19/843 449/20/1285 158/24/846 4/22/600
f 152/600/834 447/599/1283 158/24/846 5/25/601
f 155/15/841 448/7/1284 152/8/834 5/25/601
f 157/21/845 450/14/1286 155/15/841 5/25/601
f 158/24/846 449/20/1285 157/21/845 5/25/601
f 163/29/851 455/28/1295 165/27/855 6/26/602
f 164/31/852 456/30/1296 163/29/851 6/26/602
f 159/33/847 452/32/1289 164/31/854 6/26/603
f 165/27/857 451/34/1287 159/33/847 6/26/603
f 166/36/858 456/30/1296 164/31/852 7/35/604
f 167/38/859 458/37/1298 166/36/858 7/35/604
f 160/40/848 454/39/1293 167/38/861 7/35/605
f 164/31/853 452/32/1290 160/40/848 7/35/605
f 168/42/862 458/37/1298 167/38/859 8/41/606
f 169/44/863 457/43/1297 168/42/862 8/41/606
f 161/46/849 453/45/1291 169/44/865 8/41/607
f 167/38/860 454/39/1294 161/46/849 8/41/607
f 170/48/866 457/43/1297 169/44/863 9/47/608
f 165/602/855 455/601/1295 170/48/866 9/47/608
f 162/49/850 451/604/1288 165/603/856 9/47/609
f 169/44/864 453/45/1292 162/49/850 9/47/609
f 168/42/862 457/43/1297 170/48/866 10/50/610
f 166/36/858 458/37/1298 168/42/862 10/50/610
f 163/29/851 456/30/1296 166/36/858 10/50/610
f 170/48/866 455/606/1295 163/605/851 10/50/610
f 171/54/867 470/608/1318 174/607/871 11/51/611
f 172/56/868 469/55/1317 171/54/867 11/51/611
f 173/58/869 460/57/1301 172/56/868 11/51/611
f 174/610/871 459/609/1299 173/58/869 11/51/611
f 175/63/872 473/62/1321 178/61/876 12/60/612
f 176/65/873 461/64/1303 175/63/872 12/60/612
f 177/67/875 462/66/1305 176/65/873 12/60/612
f 178/61/876 474/68/1322 177/67/875 12/60/612
f 179/72/877 477/71/1325 182/70/881 13/69/613
f 180/74/878 463/73/1307 179/72/877 13/69/613
f 181/76/880 464/75/1309 180/74/878 13/69/613
f 182/70/881 478/77/1326 181/76/880 13/69/613
f 183/81/882 481/80/1329 186/79/886 14/78/614
f 184/83/883 482/82/1330 183/81/882 14/78/614
f 185/85/884 466/84/1313 184/83/883 14/78/614
f 186/79/886 465/86/1311 185/85/884 14/78/614
f 187/90/887 486/612/1334 190/611/890 15/87/615
f 188/92/888 485/91/1333 187/90/887 15/87/615
f 189/94/889 483/93/1331 188/92/888 15/87/615
f 190/614/890 484/613/1332 189/94/889 15/87/615
f 191/99/891 488/98/1336 194/97/894 16/96/616
f 192/101/892 490/100/1338 191/99/891 16/96/616
f 193/103/893 489/102/1337 192/101/892 16/96/616
f 194/97/894 487/104/1335 193/103/893 16/96/616
f 195/108/895 491/107/1339 198/106/898 17/105/617
f 196/110/896 493/109/1341 195/108/895 17/105/617
f 197/112/897 494/111/1342 196/110/896 17/105/617
f 198/106/898 492/113/1340 197/112/897 17/105/617
f 199/117/899 497/116/1345 202/115/902 18/114/618
f 200/119/900 498/118/1346 199/117/899 18/114/618
f 201/121/901 496/120/1344 200/119/900 18/114/618
f 202/115/902 495/122/1343 201/121/901 18/114/618
f 203/126/903 467/125/1315 205/124/905 19/123/619
f 187/90/887 485/91/1333 203/126/903 19/123/619
f 204/616/904 486/615/1334 187/90/887 19/123/619
f 205/124/905 468/618/1316 204/617/904 19/123/619
f 171/54/867 469/55/1317 207/130/907 20/129/620
f 206/620/906 470/619/1318 171/54/867 20/129/620
f 189/94/889 484/622/1332 206/621/906 20/129/620
f 207/130/907 483/93/1331 189/94/889 20/129/620
f 208/135/908 471/134/1319 210/133/910 21/132/621
f 194/97/894 488/98/1336 208/135/908 21/132/621
f 209/136/909 487/104/1335 194/97/894 21/132/621
f 210/133/910 472/137/1320 209/136/909 21/132/621
f 178/61/876 473/62/1321 212/139/912 22/138/622
f 211/140/911 474/68/1322 178/61/876 22/138/622
f 192/101/892 489/102/1337 211/140/911 22/138/622
f 212/139/912 490/100/1338 192/101/892 22/138/622
f 213/144/913 475/143/1323 215/142/915 23/141/623
f 198/106/898 491/107/1339 213/144/913 23/141/623
f 214/145/914 492/113/1340 198/106/898 23/141/623
f 215/142/915 476/146/1324 214/145/914 23/141/623
f 182/70/881 477/71/1325 217/148/917 24/147/624
f 216/149/916 478/77/1326 182/70/881 24/147/624
f 196/110/896 494/111/1342 216/149/916 24/147/624
f 217/148/917 493/109/1341 196/110/896 24/147/624
f 218/153/918 479/152/1327 220/151/920 25/150/625
f 219/155/919 480/154/1328 218/153/918 25/150/625
f 199/117/899 498/118/1346 219/155/919 25/150/625
f 220/151/920 497/116/1345 199/117/899 25/150/625
f 221/157/921 481/80/1329 183/81/882 26/156/626
f 201/121/901 495/122/1343 221/157/921 26/156/626
f 222/158/922 496/120/1344 201/121/901 26/156/626
f 183/81/882 482/82/1330 222/158/922 26/156/626
f 223/162/923 508/161/1365 227/160/930 27/159/627
f 224/164/924 499/163/1347 223/162/923 27/159/627
f 225/166/926 500/165/1349 224/164/924 27/159/627
f 226/168/928 507/167/1363 225/166/926 27/159/627
f 147/4/827 444/5/1277 226/168/928 27/159/627
f 227/160/930 443/3/1275 147/4/827 27/159/627
f 228/170/932 507/167/1364 226/168/929 28/169/628
f 229/172/933 501/171/1351 228/170/932 28/169/628
f 230/174/935 502/173/1353 229/172/933 28/169/628
f 231/176/937 509/175/1367 230/174/935 28/169/628
f 148/11/828 446/12/1281 231/176/937 28/169/628
f 226/168/929 444/5/1278 148/11/828 28/169/628
f 232/178/939 509/175/1368 231/176/938 29/177/629
f 233/180/940 504/179/1357 232/178/939 29/177/629
f 234/182/942 503/181/1355 233/180/940 29/177/629
f 235/184/944 510/183/1369 234/182/942 29/177/629
f 149/17/829 445/18/1279 235/184/944 29/177/629
f 231/176/938 446/12/1282 149/17/829 29/177/629
f 236/186/946 510/183/1370 235/184/945 30/185/630
f 237/188/947 506/187/1361 236/186/946 30/185/630
f 238/624/949 505/623/1359 237/188/947 30/185/630
f 227/627/931 508/626/1366 238/625/949 30/185/630
f 150/23/830 443/629/1276 227/628/931 30/185/630
f 235/184/945 445/18/1280 150/23/830 30/185/630
f 239/194/951 511/631/1371 241/630/953 31/191/631
f 240/196/952 512/195/1372 239/194/951 31/191/631
f 205/124/905 467/125/1315 240/196/952 31/191/631
f 241/633/953 468/632/1316 205/124/905 31/191/631
f 242/200/954 514/199/1374 244/198/956 32/197/632
f 210/133/910 471/134/1319 242/200/954 32/197/632
f 243/201/955 472/137/1320 210/133/910 32/197/632
f 244/198/956 513/202/1373 243/201/955 32/197/632
f 245/206/957 515/205/1375 247/204/959 33/203/633
f 215/142/915 475/143/1323 245/206/957 33/203/633
f 246/207/958 476/146/1324 215/142/915 33/203/633
f 247/204/959 516/208/1376 246/207/958 33/203/633
f 248/212/960 517/211/1377 250/210/962 34/209/634
f 249/214/961 518/213/1378 248/212/960 34/209/634
f 218/153/918 480/154/1328 249/214/961 34/209/634
f 250/210/962 479/152/1327 218/153/918 34/209/634
f 251/218/963 520/217/1381 253/216/966 35/215/635
f 252/220/965 519/219/1379 251/218/963 35/215/635
f 224/164/925 500/165/1350 252/220/965 35/215/635
f 253/216/967 499/163/1347 224/164/924 35/215/636
f 254/224/968 521/223/1383 256/222/971 36/221/637
f 255/226/970 522/225/1385 254/224/968 36/221/637
f 229/172/934 502/173/1354 255/226/970 36/221/637
f 256/222/972 501/171/1351 229/172/933 36/221/638
f 257/230/973 523/229/1387 259/228/976 37/227/639
f 258/232/975 524/231/1389 257/230/973 37/227/639
f 233/180/941 503/181/1356 258/232/975 37/227/639
f 259/228/977 504/179/1357 233/180/940 37/227/640
f 260/236/978 526/235/1393 262/234/981 38/233/641
f 261/635/980 525/634/1391 260/236/978 38/233/641
f 237/188/948 505/637/1360 261/636/980 38/233/641
f 262/234/982 506/187/1361 237/188/947 38/233/642
f 263/639/983 511/638/1371 239/194/951 39/239/643
f 260/236/979 525/641/1392 263/640/984 39/239/644
f 264/241/985 526/235/1394 260/236/979 39/239/644
f 239/194/951 512/195/1372 264/241/986 39/239/643
f 244/198/956 514/199/1374 266/243/989 40/242/645
f 265/244/987 513/202/1373 244/198/956 40/242/645
f 254/224/969 522/225/1386 265/244/988 40/242/646
f 266/243/990 521/223/1384 254/224/969 40/242/646
f 247/204/959 515/205/1375 268/246/993 41/245/647
f 267/247/991 516/208/1376 247/204/959 41/245/647
f 251/218/964 519/219/1380 267/247/992 41/245/648
f 268/246/994 520/217/1382 251/218/964 41/245/648
f 269/249/995 517/211/1377 248/212/960 42/248/649
f 257/230/974 524/231/1390 269/249/996 42/248/650
f 270/250/997 523/229/1388 257/230/974 42/248/650
f 248/212/960 518/213/1378 270/250/998 42/248/649
f 271/254/999 527/643/1395 274/642/1003 43/251/651
f 272/256/1001 528/255/1397 271/254/999 43/251/651
f 273/258/1002 529/257/1399 272/256/1001 43/251/651
f 274/645/1003 530/644/1400 273/258/1002 43/251/651
f 275/263/1004 534/262/1406 278/261/1008 44/260/652
f 276/265/1005 532/264/1403 275/263/1004 44/260/652
f 277/267/1007 531/266/1401 276/265/1005 44/260/652
f 278/261/1008 533/268/1405 277/267/1007 44/260/652
f 279/272/1009 538/271/1412 282/270/1013 45/269/653
f 280/274/1010 536/273/1409 279/272/1009 45/269/653
f 281/276/1012 535/275/1407 280/274/1010 45/269/653
f 282/270/1013 537/277/1411 281/276/1012 45/269/653
f 283/281/1014 539/280/1413 286/279/1018 46/278/654
f 284/283/1016 540/282/1415 283/281/1014 46/278/654
f 285/285/1017 542/284/1418 284/283/1016 46/278/654
f 286/279/1018 541/286/1417 285/285/1017 46/278/654
f 287/290/1019 544/647/1420 290/646/1022 47/287/655
f 288/292/1020 543/291/1419 287/290/1019 47/287/655
f 289/294/1021 545/293/1421 288/292/1020 47/287/655
f 290/649/1022 546/648/1422 289/294/1021 47/287/655
f 291/299/1023 549/298/1425 294/297/1026 48/296/656
f 292/301/1024 547/300/1423 291/299/1023 48/296/656
f 293/303/1025 548/302/1424 292/301/1024 48/296/656
f 294/297/1026 550/304/1426 293/303/1025 48/296/656
f 295/308/1027 554/307/1430 298/306/1030 49/305/657
f 296/310/1028 552/309/1428 295/308/1027 49/305/657
f 297/312/1029 551/311/1427 296/310/1028 49/305/657
f 298/306/1030 553/313/1429 297/312/1029 49/305/657
f 299/317/1031 555/316/1431 302/315/1034 50/314/658
f 300/319/1032 556/318/1432 299/317/1031 50/314/658
f 301/321/1033 558/320/1434 300/319/1032 50/314/658
f 302/315/1034 557/322/1433 301/321/1033 50/314/658
f 303/651/1035 560/650/1436 305/324/1037 51/323/659
f 289/294/1021 546/653/1422 303/652/1035 51/323/659
f 304/327/1036 545/293/1421 289/294/1021 51/323/659
f 305/324/1037 559/328/1435 304/327/1036 51/323/659
f 287/290/1019 543/291/1419 307/330/1039 52/329/660
f 306/655/1038 544/654/1420 287/290/1019 52/329/660
f 273/258/1002 530/657/1400 306/656/1038 52/329/660
f 307/330/1039 529/257/1399 273/258/1002 52/329/660
f 308/335/1040 562/334/1438 310/333/1042 53/332/661
f 294/297/1026 549/298/1425 308/335/1040 53/332/661
f 309/336/1041 550/304/1426 294/297/1026 53/332/661
f 310/333/1042 561/337/1437 309/336/1041 53/332/661
f 292/301/1024 548/302/1424 312/339/1044 54/338/662
f 311/340/1043 547/300/1423 292/301/1024 54/338/662
f 278/261/1008 534/262/1406 311/340/1043 54/338/662
f 312/339/1044 533/268/1405 278/261/1008 54/338/662
f 313/344/1045 564/343/1440 315/342/1047 55/341/663
f 298/306/1030 554/307/1430 313/344/1045 55/341/663
f 314/345/1046 553/313/1429 298/306/1030 55/341/663
f 315/342/1047 563/346/1439 314/345/1046 55/341/663
f 296/310/1028 551/311/1427 317/348/1049 56/347/664
f 316/349/1048 552/309/1428 296/310/1028 56/347/664
f 282/270/1013 538/271/1412 316/349/1048 56/347/664
f 317/348/1049 537/277/1411 282/270/1013 56/347/664
f 301/321/1033 557/322/1433 320/351/1052 57/350/665
f 318/352/1050 558/320/1434 301/321/1033 57/350/665
f 319/354/1051 566/353/1442 318/352/1050 57/350/665
f 320/351/1052 565/355/1441 319/354/1051 57/350/665
f 321/357/1053 542/284/1418 285/285/1017 58/356/666
f 299/317/1031 556/318/1432 321/357/1053 58/356/666
f 322/358/1054 555/316/1431 299/317/1031 58/356/666
f 285/285/1017 541/286/1417 322/358/1054 58/356/666
f 159/33/847 451/34/1287 327/360/1062 59/359/667
f 323/361/1055 452/32/1289 159/33/847 59/359/667
f 324/363/1057 567/362/1443 323/361/1055 59/359/667
f 325/365/1058 569/364/1447 324/363/1057 59/359/667
f 326/367/1060 568/366/1445 325/365/1058 59/359/667
f 327/360/1062 570/368/1449 326/367/1060 59/359/667
f 160/40/848 452/32/1290 323/361/1056 60/369/668
f 328/370/1064 454/39/1293 160/40/848 60/369/668
f 329/372/1066 571/371/1451 328/370/1064 60/369/668
f 330/374/1067 573/373/1455 329/372/1066 60/369/668
f 331/376/1069 572/375/1453 330/374/1067 60/369/668
f 323/361/1056 567/362/1444 331/376/1069 60/369/668
f 161/46/849 454/39/1294 328/370/1065 61/377/669
f 332/378/1071 453/45/1291 161/46/849 61/377/669
f 333/380/1073 574/379/1457 332/378/1071 61/377/669
f 334/382/1074 575/381/1459 333/380/1073 61/377/669
f 335/384/1076 576/383/1461 334/382/1074 61/377/669
f 328/370/1065 571/371/1452 335/384/1076 61/377/669
f 162/49/850 453/45/1292 332/378/1072 62/385/670
f 327/659/1063 451/658/1288 162/49/850 62/385/670
f 336/662/1078 570/661/1450 327/660/1063 62/385/670
f 337/388/1079 577/664/1463 336/663/1078 62/385/670
f 338/390/1081 578/389/1465 337/388/1079 62/385/670
f 332/378/1072 574/379/1458 338/390/1081 62/385/670
f 305/324/1037 560/666/1436 341/665/1085 63/391/671
f 339/393/1083 559/328/1435 305/324/1037 63/391/671
f 340/395/1084 580/394/1468 339/393/1083 63/391/671
f 341/668/1085 579/667/1467 340/395/1084 63/391/671
f 342/400/1086 581/399/1469 344/398/1088 64/397/672
f 310/333/1042 562/334/1438 342/400/1086 64/397/672
f 343/401/1087 561/337/1437 310/333/1042 64/397/672
f 344/398/1088 582/402/1470 343/401/1087 64/397/672
f 345/406/1089 584/405/1472 347/404/1091 65/403/673
f 315/342/1047 564/343/1440 345/406/1089 65/403/673
f 346/407/1090 563/346/1439 315/342/1047 65/403/673
f 347/404/1091 583/408/1471 346/407/1090 65/403/673
f 319/354/1051 565/355/1441 350/410/1094 66/409/674
f 348/411/1092 566/353/1442 319/354/1051 66/409/674
f 349/413/1093 586/412/1474 348/411/1092 66/409/674
f 350/410/1094 585/414/1473 349/413/1093 66/409/674
f 325/365/1059 568/366/1446 353/416/1098 67/415/675
f 351/417/1095 569/364/1447 325/365/1058 67/415/676
f 352/419/1097 587/418/1475 351/417/1096 67/415/675
f 353/416/1098 588/420/1476 352/419/1097 67/415/675
f 330/374/1068 572/375/1454 356/422/1102 68/421/677
f 354/423/1099 573/373/1455 330/374/1067 68/421/678
f 355/425/1101 590/424/1478 354/423/1100 68/421/677
f 356/422/1102 589/426/1477 355/425/1101 68/421/677
f 334/382/1075 576/383/1462 359/428/1106 69/427/679
f 357/429/1103 575/381/1459 334/382/1074 69/427/680
f 358/431/1105 592/430/1480 357/429/1104 69/427/679
f 359/428/1106 591/432/1479 358/431/1105 69/427/679
f 337/388/1080 578/389/1466 362/434/1110 70/433/681
f 360/670/1107 577/669/1463 337/388/1079 70/433/682
f 361/437/1109 593/672/1481 360/671/1108 70/433/681
f 362/434/1110 594/438/1482 361/437/1109 70/433/681
f 363/440/1111 580/394/1468 340/395/1084 71/439/683
f 361/437/1109 594/438/1482 363/440/1112 71/439/684
f 364/674/1113 593/673/1481 361/437/1109 71/439/684
f 340/395/1084 579/676/1467 364/675/1114 71/439/683
f 355/425/1101 589/426/1477 366/443/1117 72/442/685
f 365/444/1115 590/424/1478 355/425/1101 72/442/685
f 344/398/1088 581/399/1469 365/444/1116 72/442/686
f 366/443/1118 582/402/1470 344/398/1088 72/442/686
f 352/419/1097 588/420/1476 368/446/1121 73/445/687
f 367/447/1119 587/418/1475 352/419/1097 73/445/687
f 347/404/1091 584/405/1472 367/447/1120 73/445/688
f 368/446/1122 583/408/1471 347/404/1091 73/445/688
f 369/449/1123 586/412/1474 349/413/1093 74/448/689
f 358/431/1105 591/432/1479 369/449/1124 74/448/690
f 370/450/1125 592/430/1480 358/431/1105 74/448/690
f 349/413/1093 585/414/1473 370/450/1126 74/448/689
f 371/452/1127 460/57/1302 173/58/870 75/451/691
f 271/254/1000 528/255/1398 371/452/1127 75/451/691
f 372/678/1128 527/677/1396 271/254/1000 75/451/691
f 173/58/870 459/680/1300 372/679/1128 75/451/691
f 373/455/1129 461/64/1304 176/65/874 76/454/692
f 276/265/1006 531/266/1402 373/455/1129 76/454/692
f 374/456/1130 532/264/1404 276/265/1006 76/454/692
f 176/65/874 462/66/1306 374/456/1130 76/454/692
f 375/458/1131 463/73/1308 180/74/879 77/457/693
f 280/274/1011 535/275/1408 375/458/1131 77/457/693
f 376/459/1132 536/273/1410 280/274/1011 77/457/693
f 180/74/879 464/75/1310 376/459/1132 77/457/693
f 377/461/1133 466/84/1314 185/85/885 78/460/694
f 283/281/1015 540/282/1416 377/461/1133 78/460/694
f 378/462/1134 539/280/1414 283/281/1015 78/460/694
f 185/85/885 465/86/1312 378/462/1134 78/460/694
f 380/464/1137 459/59/1299 174/52/871 79/463/695
f 179/72/877 463/73/1307 380/464/1139 79/463/696
f 379/465/1135 477/71/1325 179/72/877 79/463/696
f 174/52/871 470/53/1318 379/465/1136 79/463/695
f 172/56/868 460/57/1301 382/467/1142 80/466/697
f 381/468/1140 469/55/1317 172/56/868 80/466/697
f 186/79/886 481/80/1329 381/468/1141 80/466/698
f 382/467/1144 465/86/1311 186/79/886 80/466/698
f 384/470/1147 462/66/1305 177/67/875 81/469/699
f 184/83/883 466/84/1313 384/470/1149 81/469/700
f 383/471/1145 482/82/1330 184/83/883 81/469/700
f 177/67/875 474/68/1322 383/471/1146 81/469/699
f 175/63/872 461/64/1303 386/473/1152 82/472/701
f 385/474/1150 473/62/1321 175/63/872 82/472/701
f 181/76/880 478/77/1326 385/474/1151 82/472/702
f 386/473/1154 464/75/1309 181/76/880 82/472/702
f 190/88/890 486/89/1334 388/476/1157 83/475/703
f 387/477/1155 484/95/1332 190/88/890 83/475/703
f 195/108/895 493/109/1341 387/477/1156 83/475/704
f 388/476/1158 491/107/1339 195/108/895 83/475/704
f 390/479/1161 485/91/1333 188/92/888 84/478/705
f 202/115/902 497/116/1345 390/479/1162 84/478/706
f 389/480/1159 495/122/1343 202/115/902 84/478/706
f 188/92/888 483/93/1331 389/480/1160 84/478/705
f 193/103/893 487/104/1335 392/482/1165 85/481/707
f 391/483/1163 489/102/1337 193/103/893 85/481/707
f 200/119/900 496/120/1344 391/483/1164 85/481/708
f 392/482/1166 498/118/1346 200/119/900 85/481/708
f 394/485/1169 488/98/1336 191/99/891 86/484/709
f 197/112/897 492/113/1340 394/485/1170 86/484/710
f 393/486/1167 494/111/1342 197/112/897 86/484/710
f 191/99/891 490/100/1338 393/486/1168 86/484/709
f 204/127/904 468/128/1316 395/488/1171 87/487/711
f 388/476/1157 486/89/1334 204/127/904 87/487/711
f 213/144/913 491/107/1339 388/476/1158 87/487/712
f 395/488/1172 475/143/1323 213/144/913 87/487/712
f 396/490/1173 467/125/1315 203/126/903 88/489/713
f 220/151/920 479/152/1327 396/490/1174 88/489/714
f 390/479/1162 497/116/1345 220/151/920 88/489/714
f 203/126/903 485/91/1333 390/479/1161 88/489/713
f 379/465/1136 470/53/1318 206/131/906 89/491/715
f 217/148/917 477/71/1325 379/465/1135 89/491/716
f 387/477/1156 493/109/1341 217/148/917 89/491/716
f 206/131/906 484/95/1332 387/477/1155 89/491/715
f 207/130/907 469/55/1317 381/468/1140 90/492/717
f 389/480/1160 483/93/1331 207/130/907 90/492/717
f 221/157/921 495/122/1343 389/480/1159 90/492/718
f 381/468/1141 481/80/1329 221/157/921 90/492/718
f 209/136/909 472/137/1320 397/494/1175 91/493/719
f 392/482/1165 487/104/1335 209/136/909 91/493/719
f 219/155/919 498/118/1346 392/482/1166 91/493/720
f 397/494/1176 480/154/1328 219/155/919 91/493/720
f 398/496/1177 471/134/1319 208/135/908 92/495/721
f 214/145/914 476/146/1324 398/496/1178 92/495/722
f 394/485/1170 492/113/1340 214/145/914 92/495/722
f 208/135/908 488/98/1336 394/485/1169 92/495/721
f 383/471/1146 474/68/1322 211/140/911 93/497/723
f 222/158/922 482/82/1330 383/471/1145 93/497/724
f 391/483/1164 496/120/1344 222/158/922 93/497/724
f 211/140/911 489/102/1337 391/483/1163 93/497/723
f 212/139/912 473/62/1321 385/474/1150 94/498/725
f 393/486/1168 490/100/1338 212/139/912 94/498/725
f 216/149/916 494/111/1342 393/486/1167 94/498/726
f 385/474/1151 478/77/1326 216/149/916 94/498/726
f 240/196/952 467/125/1315 396/490/1173 95/499/727
f 399/500/1179 512/195/1372 240/196/952 95/499/727
f 250/210/962 517/211/1377 399/500/1180 95/499/728
f 396/490/1174 479/152/1327 250/210/962 95/499/728
f 395/488/1171 468/128/1316 241/192/953 96/501/729
f 245/206/957 475/143/1323 395/488/1172 96/501/730
f 400/502/1181 515/205/1375 245/206/957 96/501/730
f 241/192/953 511/193/1371 400/502/1182 96/501/729
f 242/200/954 471/134/1319 398/496/1177 97/503/731
f 401/504/1183 514/199/1374 242/200/954 97/503/731
f 246/207/958 516/208/1376 401/504/1184 97/503/732
f 398/496/1178 476/146/1324 246/207/958 97/503/732
f 397/494/1175 472/137/1320 243/201/955 98/505/733
f 249/214/961 480/154/1328 397/494/1176 98/505/734
f 402/506/1185 518/213/1378 249/214/961 98/505/734
f 243/201/955 513/202/1373 402/506/1186 98/505/733
f 252/220/965 500/165/1350 404/508/1189 99/507/735
f 403/509/1187 519/219/1379 252/220/965 99/507/735
f 256/222/971 521/223/1383 403/509/1187 99/507/735
f 404/508/1189 501/171/1352 256/222/971 99/507/735
f 406/511/1194 499/163/1348 253/216/966 100/510/736
f 261/238/980 505/189/1360 406/511/1194 100/510/736
f 405/512/1192 525/237/1391 261/238/980 100/510/736
f 253/216/966 520/217/1381 405/512/1192 100/510/736
f 255/226/970 502/173/1354 408/514/1199 101/513/737
f 407/515/1197 522/225/1385 255/226/970 101/513/737
f 259/228/976 523/229/1387 407/515/1197 101/513/737
f 408/514/1199 504/179/1358 259/228/976 101/513/737
f 258/232/975 503/181/1356 410/517/1204 102/516/738
f 409/518/1202 524/231/1389 258/232/975 102/516/738
f 262/234/981 526/235/1393 409/518/1202 102/516/738
f 410/517/1204 506/187/1362 262/234/981 102/516/738
f 264/241/986 512/195/1372 399/500/1179 103/519/739
f 409/518/1203 526/235/1394 264/241/985 103/519/741
f 269/249/996 524/231/1390 409/518/1203 103/519/741
f 399/500/1180 517/211/1377 269/249/995 103/519/740
f 400/502/1182 511/193/1371 263/240/983 104/520/742
f 268/246/993 515/205/1375 400/502/1181 104/520/744
f 405/512/1193 520/217/1382 268/246/994 104/520/743
f 263/240/984 525/237/1392 405/512/1193 104/520/743
f 402/506/1186 513/202/1373 265/244/987 105/521/745
f 270/250/998 518/213/1378 402/506/1185 105/521/747
f 407/515/1198 523/229/1388 270/250/997 105/521/746
f 265/244/988 522/225/1386 407/515/1198 105/521/746
f 266/243/989 514/199/1374 401/504/1183 106/522/748
f 403/509/1188 521/223/1384 266/243/990 106/522/750
f 267/247/992 519/219/1380 403/509/1188 106/522/750
f 401/504/1184 516/208/1376 267/247/991 106/522/749
f 412/524/1209 528/255/1397 272/256/1001 107/523/751
f 286/279/1018 539/280/1413 412/524/1211 107/523/752
f 411/525/1207 541/286/1417 286/279/1018 107/523/752
f 272/256/1001 529/257/1399 411/525/1208 107/523/751
f 274/252/1003 527/253/1395 414/527/1214 108/526/753
f 413/528/1212 530/259/1400 274/252/1003 108/526/753
f 281/276/1012 537/277/1411 413/528/1213 108/526/754
f 414/527/1216 535/275/1407 281/276/1012 108/526/754
f 275/263/1004 532/264/1403 416/530/1219 109/529/755
f 415/531/1217 534/262/1406 275/263/1004 109/529/755
f 284/283/1016 542/284/1418 415/531/1218 109/529/756
f 416/530/1221 540/282/1415 284/283/1016 109/529/756
f 418/533/1224 531/266/1401 277/267/1007 110/532/757
f 279/272/1009 536/273/1409 418/533/1226 110/532/758
f 417/534/1222 538/271/1412 279/272/1009 110/532/758
f 277/267/1007 533/268/1405 417/534/1223 110/532/757
f 288/292/1020 545/293/1421 420/536/1229 111/535/759
f 419/537/1227 543/291/1419 288/292/1020 111/535/759
f 302/315/1034 555/316/1431 419/537/1228 111/535/760
f 420/536/1230 557/322/1433 302/315/1034 111/535/760
f 422/539/1233 546/295/1422 290/288/1022 112/538/761
f 297/312/1029 553/313/1429 422/539/1234 112/538/762
f 421/540/1231 551/311/1427 297/312/1029 112/538/762
f 290/288/1022 544/289/1420 421/540/1232 112/538/761
f 424/542/1237 549/298/1425 291/299/1023 113/541/763
f 300/319/1032 558/320/1434 424/542/1238 113/541/764
f 423/543/1235 556/318/1432 300/319/1032 113/541/764
f 291/299/1023 547/300/1423 423/543/1236 113/541/763
f 293/303/1025 550/304/1426 426/545/1241 114/544/765
f 425/546/1239 548/302/1424 293/303/1025 114/544/765
f 295/308/1027 552/309/1428 425/546/1240 114/544/766
f 426/545/1242 554/307/1430 295/308/1027 114/544/766
f 427/548/1243 560/325/1436 303/326/1035 115/547/767
f 314/345/1046 563/346/1439 427/548/1244 115/547/768
f 422/539/1234 553/313/1429 314/345/1046 115/547/768
f 303/326/1035 546/295/1422 422/539/1233 115/547/767
f 304/327/1036 559/328/1435 428/550/1245 116/549/769
f 420/536/1229 545/293/1421 304/327/1036 116/549/769
f 320/351/1052 557/322/1433 420/536/1230 116/549/770
f 428/550/1246 565/355/1441 320/351/1052 116/549/770
f 306/331/1038 530/259/1400 413/528/1212 117/551/771
f 421/540/1232 544/289/1420 306/331/1038 117/551/771
f 317/348/1049 551/311/1427 421/540/1231 117/551/772
f 413/528/1213 537/277/1411 317/348/1049 117/551/772
f 411/525/1208 529/257/1399 307/330/1039 118/552/773
f 322/358/1054 541/286/1417 411/525/1207 118/552/774
f 419/537/1228 555/316/1431 322/358/1054 118/552/774
f 307/330/1039 543/291/1419 419/537/1227 118/552/773
f 429/554/1247 562/334/1438 308/335/1040 119/553/775
f 318/352/1050 566/353/1442 429/554/1248 119/553/776
f 424/542/1238 558/320/1434 318/352/1050 119/553/776
f 308/335/1040 549/298/1425 424/542/1237 119/553/775
f 309/336/1041 561/337/1437 430/556/1249 120/555/777
f 426/545/1241 550/304/1426 309/336/1041 120/555/777
f 313/344/1045 554/307/1430 426/545/1242 120/555/778
f 430/556/1250 564/343/1440 313/344/1045 120/555/778
f 311/340/1043 534/262/1406 415/531/1217 121/557/779
f 423/543/1236 547/300/1423 311/340/1043 121/557/779
f 321/357/1053 556/318/1432 423/543/1235 121/557/780
f 415/531/1218 542/284/1418 321/357/1053 121/557/780
f 417/534/1223 533/268/1405 312/339/1044 122/558/781
f 316/349/1048 538/271/1412 417/534/1222 122/558/782
f 425/546/1240 552/309/1428 316/349/1048 122/558/782
f 312/339/1044 548/302/1424 425/546/1239 122/558/781
f 428/550/1245 559/328/1435 339/393/1083 123/559/783
f 350/410/1094 565/355/1441 428/550/1246 123/559/784
f 431/560/1251 585/414/1473 350/410/1094 123/559/784
f 339/393/1083 580/394/1468 431/560/1251 123/559/783
f 341/392/1085 560/325/1436 427/548/1243 124/561/785
f 432/562/1252 579/396/1467 341/392/1085 124/561/785
f 346/407/1090 583/408/1471 432/562/1252 124/561/786
f 427/548/1244 563/346/1439 346/407/1090 124/561/786
f 342/400/1086 562/334/1438 429/554/1247 125/563/787
f 433/564/1253 581/399/1469 342/400/1086 125/563/787
f 348/411/1092 586/412/1474 433/564/1253 125/563/788
f 429/554/1248 566/353/1442 348/411/1092 125/563/788
f 430/556/1249 561/337/1437 343/401/1087 126/565/789
f 345/406/1089 564/343/1440 430/556/1250 126/565/790
f 434/566/1254 584/405/1472 345/406/1089 126/565/790
f 343/401/1087 582/402/1470 434/566/1254 126/565/789
f 436/568/1257 569/364/1448 351/417/1096 127/567/791
f 356/422/1102 572/375/1454 436/568/1257 127/567/791
f 435/569/1255 589/426/1477 356/422/1102 127/567/791
f 351/417/1096 587/418/1475 435/569/1256 127/567/791
f 353/416/1098 568/366/1446 438/571/1262 128/570/792
f 437/572/1260 588/420/1476 353/416/1098 128/570/792
f 360/435/1108 593/436/1481 437/572/1261 128/570/792
f 438/571/1262 577/387/1464 360/435/1108 128/570/792
f 440/574/1267 573/373/1456 354/423/1100 129/573/793
f 359/428/1106 576/383/1462 440/574/1267 129/573/793
f 439/575/1265 591/432/1479 359/428/1106 129/573/793
f 354/423/1100 590/424/1478 439/575/1266 129/573/793
f 442/577/1272 575/381/1460 357/429/1104 130/576/794
f 362/434/1110 578/389/1466 442/577/1272 130/576/794
f 441/578/1270 594/438/1482 362/434/1110 130/576/794
f 357/429/1104 592/430/1480 441/578/1271 130/576/794
f 431/560/1251 580/394/1468 363/440/1111 131/579/795
f 370/450/1126 585/414/1473 431/560/1251 131/579/795
f 441/578/1271 592/430/1480 370/450/1125 131/579/797
f 363/440/1112 594/438/1482 441/578/1270 131/579/796
f 364/441/1114 579/396/1467 432/562/1252 132/580/798
f 437/572/1261 593/436/1481 364/441/1113 132/580/800
f 368/446/1121 588/420/1476 437/572/1260 132/580/799
f 432/562/1252 583/408/1471 368/446/1122 132/580/798
f 365/444/1116 581/399/1469 433/564/1253 133/581/801
f 439/575/1266 590/424/1478 365/444/1115 133/581/803
f 369/449/1124 591/432/1479 439/575/1265 133/581/802
f 433/564/1253 586/412/1474 369/449/1123 133/581/801
f 434/566/1254 582/402/1470 366/443/1118 134/582/804
f 367/447/1120 584/405/1472 434/566/1254 134/582/804
f 435/569/1256 587/418/1475 367/447/1119 134/582/806
f 366/443/1117 589/426/1477 435/569/1255 134/582/805
f 382/467/1143 460/57/1302 371/452/1127 135/583/807
f 378/462/1134 465/86/1312 382/467/1143 135/583/807
f 412/524/1210 539/280/1414 378/462/1134 135/583/807
f 371/452/1127 528/255/1398 412/524/1210 135/583/807
f 372/453/1128 459/59/1300 380/464/1138 136/584/808
f 414/527/1215 527/253/1396 372/453/1128 136/584/808
f 375/458/1131 535/275/1408 414/527/1215 136/584/808
f 380/464/1138 463/73/1308 375/458/1131 136/584/808
f 386/473/1153 461/64/1304 373/455/1129 137/585/809
f 376/459/1132 464/75/1310 386/473/1153 137/585/809
f 418/533/1225 536/273/1410 376/459/1132 137/585/809
f 373/455/1129 531/266/1402 418/533/1225 137/585/809
f 374/456/1130 462/66/1306 384/470/1148 138/586/810
f 416/530/1220 532/264/1404 374/456/1130 138/586/810
f 377/461/1133 540/282/1416 416/530/1220 138/586/810
f 384/470/1148 466/84/1314 377/461/1133 138/586/810
f 223/162/923 499/163/1347 406/511/1196 139/587/811
f 238/190/950 508/161/1365 223/162/923 139/587/811
f 406/511/1195 505/189/1359 238/190/949 139/587/812
f 225/166/927 507/167/1364 228/170/932 140/588/813
f 404/508/1191 500/165/1349 225/166/926 140/588/814
f 228/170/932 501/171/1351 404/508/1190 140/588/813
f 234/182/943 510/183/1370 236/186/946 141/589/815
f 410/517/1206 503/181/1355 234/182/942 141/589/816
f 236/186/946 506/187/1361 410/517/1205 141/589/815
f 230/174/936 509/175/1368 232/178/939 142/590/817
f 408/514/1201 502/173/1353 230/174/935 142/590/818
f 232/178/939 504/179/1357 408/514/1200 142/590/817
f 336/386/1078 577/387/1463 438/571/1264 143/591/819
f 326/367/1061 570/368/1450 336/386/1078 143/591/819
f 438/571/1263 568/366/1445 326/367/1060 143/591/820
f 331/376/1070 567/362/1443 324/363/1057 144/592/821
f 436/568/1259 572/375/1453 331/376/1069 144/592/822
f 324/363/1057 569/364/1447 436/568/1258 144/592/821
f 338/390/1082 574/379/1457 333/380/1073 145/593/823
f 442/577/1274 578/389/1465 338/390/1081 145/593/824
f 333/380/1073 575/381/1459 442/577/1273 145/593/823
f 335/384/1077 571/371/1451 329/372/1066 146/594/825
f 440/574/1269 576/383/1461 335/384/1076 146/594/826
f 329/372/1066 573/373/1455 440/574/1268 146/594/825

# End of Object "object01"
